Date,Close,PG
20/02/2008,66.17,-0.002113527
19/02/2008,66.31,0.000150818
15/02/2008,66.3,-0.004965029
14/02/2008,66.63,-0.005537693
13/02/2008,67,-0.002385213
12/02/2008,67.16,0.01742309
11/02/2008,66,0.014959827
08/02/2008,65.02,-0.011468892
07/02/2008,65.77,0.007018643
06/02/2008,65.31,0.004142699
05/02/2008,65.04,-0.016922425
04/02/2008,66.15,0.00151286
01/02/2008,66.05,0.009584009
31/01/2008,65.42,0.005057095
30/01/2008,65.09,0.006318893
29/01/2008,64.68,-0.00938685
28/01/2008,65.29,-0.000306279
25/01/2008,65.31,-0.012779727
24/01/2008,66.15,-0.00135962
23/01/2008,66.24,0.016899238
22/01/2008,65.13,-0.03054365
18/01/2008,67.15,-0.013607664
17/01/2008,68.07,-0.011248384
16/01/2008,68.84,-0.012415346
15/01/2008,69.7,-0.008429223
14/01/2008,70.29,0.001566171
11/01/2008,70.18,-0.032247292
10/01/2008,72.48,-0.000827472
09/01/2008,72.54,-0.00192811
08/01/2008,72.68,0.002617622
07/01/2008,72.49,0.006504763
04/01/2008,72.02,-0.004018574
03/01/2008,72.31,0
02/01/2008,72.31,-0.015233946
31/12/2007,73.42,-0.0112414
28/12/2007,74.25,0.004860277
27/12/2007,73.89,-0.002027987
26/12/2007,74.04,0.001351534
24/12/2007,73.94,-0.001891637
21/12/2007,74.08,0.012086791
20/12/2007,73.19,0.002873369
19/12/2007,72.98,0.001920176
18/12/2007,72.84,-0.005476465
17/12/2007,73.24,-0.008971108
14/12/2007,73.9,-0.006743114
13/12/2007,74.4,-0.003622463
12/12/2007,74.67,0.011177815
11/12/2007,73.84,-0.006614049
10/12/2007,74.33,0.002829237
07/12/2007,74.12,-0.000809171
06/12/2007,74.18,0.005000348
05/12/2007,73.81,0.00707005
04/12/2007,73.29,-0.003133304
03/12/2007,73.52,-0.006507615
30/11/2007,74,-0.002024975
29/11/2007,74.15,0.003241932
28/11/2007,73.91,0.010609458
27/11/2007,73.13,0.012937147
26/11/2007,72.19,-0.009238259
23/11/2007,72.86,0.008269066
21/11/2007,72.26,-0.013061298
20/11/2007,73.21,0.005341381
19/11/2007,72.82,-0.005068157
16/11/2007,73.19,0.018756584
15/11/2007,71.83,0.004045482
14/11/2007,71.54,-0.000419258
13/11/2007,71.57,0.01124081
12/11/2007,70.77,0.004957868
09/11/2007,70.42,-0.005946499
08/11/2007,70.84,0.020248802
07/11/2007,69.42,-0.015012077
06/11/2007,70.47,0.004123717
05/11/2007,70.18,0.009017452
02/11/2007,69.55,0.013899167
01/11/2007,68.59,-0.013467729
31/10/2007,69.52,0.008232877
30/10/2007,68.95,-0.040920612
29/10/2007,71.83,0.001114361
26/10/2007,71.75,0.005590511
25/10/2007,71.35,-0.000420374
24/10/2007,71.38,0.001682558
23/10/2007,71.26,0.00281057
22/10/2007,71.06,0.00366559
19/10/2007,70.8,-0.001411433
18/10/2007,70.9,0.004381942
17/10/2007,70.59,-0.003252955
16/10/2007,70.82,-0.00253843
15/10/2007,71,-0.009810871
12/10/2007,71.7,-0.000975814
11/10/2007,71.77,0.005168692
10/10/2007,71.4,0.004491866
09/10/2007,71.08,0.005218998
08/10/2007,70.71,-0.001695634
05/10/2007,70.83,0
04/10/2007,70.83,0.005947341
03/10/2007,70.41,-0.004534513
02/10/2007,70.73,-0.002541656
01/10/2007,70.91,0.00807084
28/09/2007,70.34,0.003417833
27/09/2007,70.1,-0.00583175
26/09/2007,70.51,0.009404458
25/09/2007,69.85,0.000716076
24/09/2007,69.8,0.005891245
21/09/2007,69.39,0.005926157
20/09/2007,68.98,0.002758222
19/09/2007,68.79,0.00160035
18/09/2007,68.68,0.010685895
17/09/2007,67.95,0.002062464
14/09/2007,67.81,0.005174847
13/09/2007,67.46,0.002226016
12/09/2007,67.31,0.00476546
11/09/2007,66.99,0.016404913
10/09/2007,65.9,0.006546419
07/09/2007,65.47,-0.009727999
06/09/2007,66.11,0.009880752
05/09/2007,65.46,0.000152777
04/09/2007,65.45,0.002141328
31/08/2007,65.31,0.00460406
30/08/2007,65.01,-0.001690617
29/08/2007,65.12,0.00647052
28/08/2007,64.7,-0.008158284
27/08/2007,65.23,-0.010674087
24/08/2007,65.93,0.013591108
23/08/2007,65.04,0.004623217
22/08/2007,64.74,0.004334372
21/08/2007,64.46,-0.008496228
20/08/2007,65.01,-0.005216336
17/08/2007,65.35,0.020405717
16/08/2007,64.03,0.008626828
15/08/2007,63.48,-0.003773589
14/08/2007,63.72,-0.008750056
13/08/2007,64.28,-0.017120801
10/08/2007,65.39,0.006443717
09/08/2007,64.97,-0.002920159
08/08/2007,65.16,-0.001073702
07/08/2007,65.23,0.003532216
06/08/2007,65,0.033159122
03/08/2007,62.88,-0.006657181
02/08/2007,63.3,0.00221414
01/08/2007,63.16,0.020797422
31/07/2007,61.86,-0.022537516
30/07/2007,63.27,0.007137789
27/07/2007,62.82,0.004147398
26/07/2007,62.56,-0.006691119
25/07/2007,62.98,0.000317612
24/07/2007,62.96,-0.006017437
23/07/2007,63.34,0.018966223
20/07/2007,62.15,-0.010245007
19/07/2007,62.79,0.003190304
18/07/2007,62.59,-0.001436897
17/07/2007,62.68,-0.007470431
16/07/2007,63.15,0.007789563
13/07/2007,62.66,-0.004299712
12/07/2007,62.93,0.022010689
11/07/2007,61.56,0.008646762
10/07/2007,61.03,-0.007996779
09/07/2007,61.52,0.000650407
06/07/2007,61.48,-0.00308567
05/07/2007,61.67,-0.00194395
03/07/2007,61.79,0.00080952
02/07/2007,61.74,0.008948242
29/06/2007,61.19,-0.00277438
28/06/2007,61.36,-0.001140158
27/06/2007,61.43,0.003914538
26/06/2007,61.19,0.001799297
25/06/2007,61.08,0.000818934
22/06/2007,61.03,-0.013831479
21/06/2007,61.88,-0.000969149
20/06/2007,61.94,0.001939238
19/06/2007,61.82,0.000809127
18/06/2007,61.77,-0.01286812
15/06/2007,62.57,0.002400193
14/06/2007,62.42,0.000801346
13/06/2007,62.37,0.003372684
12/06/2007,62.16,-0.014216356
11/06/2007,63.05,-0.000317158
08/06/2007,63.07,0.011962819
07/06/2007,62.32,-0.013863659
06/06/2007,63.19,-0.004263725
05/06/2007,63.46,0.004263725
04/06/2007,63.19,-0.004578835
01/06/2007,63.48,-0.001102102
31/05/2007,63.55,-0.004709585
30/05/2007,63.85,0.003137257
29/05/2007,63.65,0.010899721
25/05/2007,62.96,0.001430502
24/05/2007,62.87,-0.003651667
23/05/2007,63.1,0.001586043
22/05/2007,63,-0.004276557
21/05/2007,63.27,-0.003313612
18/05/2007,63.48,0.001734332
17/05/2007,63.37,0.000789328
16/05/2007,63.32,0.019938455
15/05/2007,62.07,0.005654753
14/05/2007,61.72,0.001134798
11/05/2007,61.65,0.00259867
10/05/2007,61.49,-0.008421102
09/05/2007,62.01,0.004201687
08/05/2007,61.75,-0.006939429
07/05/2007,62.18,-0.003692114
04/05/2007,62.41,0.006591134
03/05/2007,62,-0.005950005
02/05/2007,62.37,-0.009415214
01/05/2007,62.96,-0.022614029
30/04/2007,64.4,0.022296417
27/04/2007,62.98,-0.000158768
26/04/2007,62.99,-0.008536252
25/04/2007,63.53,-0.003143174
24/04/2007,63.73,0.001570352
23/04/2007,63.63,-0.002668133
20/04/2007,63.8,0.002825304
19/04/2007,63.62,-0.002198148
18/04/2007,63.76,-0.002193327
17/04/2007,63.9,0.002663952
16/04/2007,63.73,0.005507055
13/04/2007,63.38,-0.002206463
12/04/2007,63.52,0.007585371
11/04/2007,63.04,-0.002693071
10/04/2007,63.21,-0.000790701
09/04/2007,63.26,0.004118491
05/04/2007,63,-0.000793336
04/04/2007,63.05,0.002381899
03/04/2007,62.9,-0.001905973
02/04/2007,63.02,-0.002219053
30/03/2007,63.16,-0.001582028
29/03/2007,63.26,0.003959774
28/03/2007,63.01,-0.004117839
27/03/2007,63.27,-0.009908078
26/03/2007,63.9,0.001566171
23/03/2007,63.8,-0.000783392
22/03/2007,63.85,0.014036978
21/03/2007,62.96,0.010859257
20/03/2007,62.28,0.004828595
19/03/2007,61.98,0.005987557
16/03/2007,61.61,-0.004857523
15/03/2007,61.91,0.00892356
14/03/2007,61.36,0.003101284
13/03/2007,61.17,-0.014928072
12/03/2007,62.09,-0.001126761
09/03/2007,62.16,-0.00241022
08/03/2007,62.31,0.003698051
07/03/2007,62.08,-0.013758016
06/03/2007,62.94,0.002386067
05/03/2007,62.79,-0.005875364
02/03/2007,63.16,-0.008199352
01/03/2007,63.68,0.002988128
28/02/2007,63.49,0.035918564
27/02/2007,61.25,-0.050770709
26/02/2007,64.44,-0.005879639
23/02/2007,64.82,0.001698449
22/02/2007,64.71,0.000309119
21/02/2007,64.69,-0.00293278
20/02/2007,64.88,-0.002924204
16/02/2007,65.07,0.001230202
15/02/2007,64.99,0.001694002
14/02/2007,64.88,0.002623661
13/02/2007,64.71,0.008535786
12/02/2007,64.16,-0.0041994
09/02/2007,64.43,-0.002480237
08/02/2007,64.59,0.001704502
07/02/2007,64.48,-0.001704502
06/02/2007,64.59,-0.008632704
05/02/2007,65.15,-0.002912103
02/02/2007,65.34,0
01/02/2007,65.34,0.007219139
31/01/2007,64.87,0.004325667
30/01/2007,64.59,-0.00447981
29/01/2007,64.88,0.000308309
26/01/2007,64.86,-0.000924642
25/01/2007,64.92,-0.00904706
24/01/2007,65.51,-0.001982463
23/01/2007,65.64,-0.001218027
22/01/2007,65.72,-0.005614156
19/01/2007,66.09,0.008356806
18/01/2007,65.54,0.002750193
17/01/2007,65.36,0.005523181
16/01/2007,65,0
12/01/2007,65,0.005553856
11/01/2007,64.64,0.006207345
10/01/2007,64.24,0.011901174
09/01/2007,63.48,-0.002517308
08/01/2007,63.64,0.002202298
05/01/2007,63.5,-0.008624122
04/01/2007,64.05,-0.007621158
03/01/2007,64.54,0.004192227
29/12/2006,64.27,-0.003262139
28/12/2006,64.48,0.000930954
27/12/2006,64.42,0.003576709
26/12/2006,64.19,0.006094245
22/12/2006,63.8,-0.003910838
21/12/2006,64.05,-0.006535971
20/12/2006,64.47,0.001241658
19/12/2006,64.39,0.003578378
18/12/2006,64.16,0.000779606
15/12/2006,64.11,0.011925451
14/12/2006,63.35,-0.000788955
13/12/2006,63.4,-0.004720701
12/12/2006,63.7,-0.002665205
11/12/2006,63.87,-0.000313087
08/12/2006,63.89,0.001409664
07/12/2006,63.8,0
06/12/2006,63.8,0.004555817
05/12/2006,63.51,0.001418105
04/12/2006,63.42,0.011577324
01/12/2006,62.69,-0.00159388
30/11/2006,62.79,-0.006666691
29/11/2006,63.21,0.002217296
28/11/2006,63.07,0.003653407
27/11/2006,62.84,-0.010920422
24/11/2006,63.53,-0.001729968
22/11/2006,63.64,0.005988986
21/11/2006,63.26,-0.006774347
20/11/2006,63.69,-0.002665623
17/11/2006,63.86,0.00533837
16/11/2006,63.52,0.00631714
15/11/2006,63.12,-0.001266625
14/11/2006,63.2,-0.000790826
13/11/2006,63.25,-0.007089435
10/11/2006,63.7,-0.001568628
09/11/2006,63.8,-0.003754698
08/11/2006,64.04,-0.00109247
07/11/2006,64.11,0.008616016
06/11/2006,63.56,0.00252048
03/11/2006,63.4,0.002052578
02/11/2006,63.27,0.003641838
01/11/2006,63.04,-0.005536675
31/10/2006,63.39,-0.006603798
30/10/2006,63.81,0.003925576
27/10/2006,63.56,0.000944436
26/10/2006,63.5,0.005843814
25/10/2006,63.13,0.003967944
24/10/2006,62.88,-0.006341175
23/10/2006,63.28,0.009526906
20/10/2006,62.68,0.002875861
19/10/2006,62.5,-0.001438964
18/10/2006,62.59,0.005446986
17/10/2006,62.25,0.003218024
16/10/2006,62.05,-0.001288452
13/10/2006,62.13,-0.004496555
12/10/2006,62.41,-0.001120987
11/10/2006,62.48,-0.003833871
10/10/2006,62.72,-0.002070559
09/10/2006,62.85,-0.003811343
06/10/2006,63.09,-0.006792539
05/10/2006,63.52,0.002837776
04/10/2006,63.34,0.016555615
03/10/2006,62.3,0.004182087
02/10/2006,62.04,0.000967586
29/09/2006,61.98,-0.004507413
28/09/2006,62.26,-0.007520637
27/09/2006,62.73,0.003993297
26/09/2006,62.48,0.003045606
25/09/2006,62.29,0.007735736
22/09/2006,61.81,0.001133145
21/09/2006,61.74,0.001783254
20/09/2006,61.63,0.0117514
19/09/2006,60.91,0.006754
18/09/2006,60.5,-0.00658981
15/09/2006,60.9,0.002136929
14/09/2006,60.77,0.003461637
13/09/2006,60.56,-0.02107749
12/09/2006,61.85,-0.00113113
11/09/2006,61.92,0.012676913
08/09/2006,61.14,-0.006358544
07/09/2006,61.53,0.001463772
06/09/2006,61.44,-0.00195122
05/09/2006,61.56,-0.005669409
01/09/2006,61.91,0.000161538
31/08/2006,61.9,0.002426204
30/08/2006,61.75,0.008946786
29/08/2006,61.2,0.003601248
28/08/2006,60.98,0.001805499
25/08/2006,60.87,-0.002952758
24/08/2006,61.05,0.002131673
23/08/2006,60.92,-0.002131673
22/08/2006,61.05,0.004432413
21/08/2006,60.78,0.006437259
18/08/2006,60.39,0.000828295
17/08/2006,60.34,-0.001324942
16/08/2006,60.42,-0.000330961
15/08/2006,60.44,0.011314597
14/08/2006,59.76,-0.008331993
11/08/2006,60.26,0
10/08/2006,60.26,0.012020178
09/08/2006,59.54,-0.003018617
08/08/2006,59.72,0.005372746
07/08/2006,59.4,-0.000841397
04/08/2006,59.45,0
03/08/2006,59.45,0.019705071
02/08/2006,58.29,0.041329643
01/08/2006,55.93,-0.004815848
31/07/2006,56.2,-0.01079561
28/07/2006,56.81,0.00653424
27/07/2006,56.44,-0.004066843
26/07/2006,56.67,-0.003698815
25/07/2006,56.88,-0.000351556
24/07/2006,56.9,0.014694431
21/07/2006,56.07,-0.009584738
20/07/2006,56.61,-0.000529801
19/07/2006,56.64,0.014762385
18/07/2006,55.81,-0.000179163
17/07/2006,55.82,0.002870472
14/07/2006,55.66,-0.015686596
13/07/2006,56.54,-0.001237296
12/07/2006,56.61,-0.011241994
11/07/2006,57.25,0.004727313
10/07/2006,56.98,0.008459691
07/07/2006,56.5,0.000885348
06/07/2006,56.45,0.009254382
05/07/2006,55.93,-0.006593626
03/07/2006,56.3,0.012511334
30/06/2006,55.6,-0.024692613
29/06/2006,56.99,0.021639723
28/06/2006,55.77,0.00035868
27/06/2006,55.75,-0.004295693
26/06/2006,55.99,0.004654502
23/06/2006,55.73,-0.002150924
22/06/2006,55.85,0.000537297
21/06/2006,55.82,0.004308804
20/06/2006,55.58,0.012856673
19/06/2006,54.87,-0.002730004
16/06/2006,55.02,0.002547772
15/06/2006,54.88,0.000911494
14/06/2006,54.83,0.012848929
13/06/2006,54.13,-0.003319811
12/06/2006,54.31,-0.002574477
09/06/2006,54.45,-0.005311854
08/06/2006,54.74,0.02778471
07/06/2006,53.24,-0.002438797
06/06/2006,53.37,0.003566405
05/06/2006,53.18,-0.014375306
02/06/2006,53.95,-0.00977597
01/06/2006,54.48,0.004230669
31/05/2006,54.25,-0.002393447
30/05/2006,54.38,-0.013697593
26/05/2006,55.13,-0.002355287
25/05/2006,55.26,0.007994229
24/05/2006,54.82,0.006037892
23/05/2006,54.49,0.003861364
22/05/2006,54.28,0.002397862
19/05/2006,54.15,-0.013573209
18/05/2006,54.89,-0.007984074
17/05/2006,55.33,-0.012750465
16/05/2006,56.04,0.008422234
15/05/2006,55.57,0.0101285
12/05/2006,55.01,-0.011567091
11/05/2006,55.65,-0.012322685
10/05/2006,56.34,-0.002835876
09/05/2006,56.5,0.002835876
08/05/2006,56.34,0.010886161
05/05/2006,55.73,-0.002329959
04/05/2006,55.86,-0.006424005
03/05/2006,56.22,-0.033065201
02/05/2006,58.11,0.003965864
01/05/2006,57.88,-0.00568526
28/04/2006,58.21,-0.002916204
27/04/2006,58.38,0.006357956
26/04/2006,58.01,0.012838483
25/04/2006,57.27,0.011767941
24/04/2006,56.6,0.004604223
21/04/2006,56.34,0.001420959
20/04/2006,56.26,0.003382893
19/04/2006,56.07,-0.00160385
18/04/2006,56.16,0.002317498
17/04/2006,56.03,-0.010121724
13/04/2006,56.6,0.00318528
12/04/2006,56.42,-0.001239926
11/04/2006,56.49,-0.011615759
10/04/2006,57.15,-0.002272132
07/04/2006,57.28,-0.003833425
06/04/2006,57.5,-0.002084782
05/04/2006,57.62,-0.006573281
04/04/2006,58,0.002071109
03/04/2006,57.88,0.004328636
31/03/2006,57.63,0
30/03/2006,57.63,-0.001906909
29/03/2006,57.74,0.003643623
28/03/2006,57.53,-0.013124001
27/03/2006,58.29,-0.007690374
24/03/2006,58.74,0.001533351
23/03/2006,58.65,-0.014220656
22/03/2006,59.49,0.007762442
21/03/2006,59.03,-0.002537858
20/03/2006,59.18,0.001352723
17/03/2006,59.1,-0.004894938
16/03/2006,59.39,-0.008550643
15/03/2006,59.9,-0.00183471
14/03/2006,60.01,-0.032300537
13/03/2006,61.98,-0.004346783
10/03/2006,62.25,0.0137487
09/03/2006,61.4,0.005389088
08/03/2006,61.07,0.012688644
07/03/2006,60.3,0.010502722
06/03/2006,59.67,0
03/03/2006,59.67,0.002013086
02/03/2006,59.55,-0.009359921
01/03/2006,60.11,0.002999003
28/02/2006,59.93,-0.023417957
27/02/2006,61.35,-0.002442004
24/02/2006,61.5,0.000325256
23/02/2006,61.48,-0.007454256
22/02/2006,61.94,0.017261461
21/02/2006,60.88,-0.001969151
17/02/2006,61,0.004436054
16/02/2006,60.73,0.010261593
15/02/2006,60.11,0.004501883
14/02/2006,59.84,0.006706933
13/02/2006,59.44,-0.00436462
10/02/2006,59.7,0.001340932
09/02/2006,59.62,0.002519105
08/02/2006,59.47,0.002525466
07/02/2006,59.32,-0.007891906
06/02/2006,59.79,0.001841467
03/02/2006,59.68,0.000502807
02/02/2006,59.65,-0.002845905
01/02/2006,59.82,0.009911883
31/01/2006,59.23,0.001520656
30/01/2006,59.14,-0.010094298
27/01/2006,59.74,0.01551988
26/01/2006,58.82,0.005968131
25/01/2006,58.47,0.010314687
24/01/2006,57.87,0.003982344
23/01/2006,57.64,-0.003463807
20/01/2006,57.84,-0.011517102
19/01/2006,58.51,-0.002730843
18/01/2006,58.67,0.000340948
17/01/2006,58.65,-0.004253516
13/01/2006,58.9,0.008353983
12/01/2006,58.41,-0.011066768
11/01/2006,59.06,0.003562043
10/01/2006,58.85,-0.003900624
09/01/2006,59.08,0.0074754
06/01/2006,58.64,-0.001022669
05/01/2006,58.7,-0.00323157
04/01/2006,58.89,0.001869636
03/01/2006,58.78,0.015429759
30/12/2005,57.88,-0.009286395
29/12/2005,58.42,-0.002051984
28/12/2005,58.54,-0.001024415
27/12/2005,58.6,-0.004766778
23/12/2005,58.88,0.001699813
22/12/2005,58.78,0.004433085
21/12/2005,58.52,0.005311415
20/12/2005,58.21,-0.005823929
19/12/2005,58.55,0.007543324
16/12/2005,58.11,-0.015030172
15/12/2005,58.99,-0.01062315
14/12/2005,59.62,0.018793408
13/12/2005,58.51,0.027726607
12/12/2005,56.91,-0.007352974
09/12/2005,57.33,0.005597356
08/12/2005,57.01,-0.000526085
07/12/2005,57.04,-0.006465728
06/12/2005,57.41,-0.000348311
05/12/2005,57.43,0.001219619
02/12/2005,57.36,-0.004869575
01/12/2005,57.64,0.007837713
30/11/2005,57.19,-0.008531435
29/11/2005,57.68,0.00993126
28/11/2005,57.11,-0.00297229
25/11/2005,57.28,0.004724832
23/11/2005,57.01,-0.002277706
22/11/2005,57.14,-0.008712374
21/11/2005,57.64,0.003301767
18/11/2005,57.45,0.005235614
17/11/2005,57.15,0.009670405
16/11/2005,56.6,0.010657294
15/11/2005,56,0.001429593
14/11/2005,55.92,-0.008015004
11/11/2005,56.37,0
10/11/2005,56.37,0.006585411
09/11/2005,56,0.005192027
08/11/2005,55.71,0.00233624
07/11/2005,55.58,-0.006098674
04/11/2005,55.92,-0.000715052
03/11/2005,55.96,0.005555072
02/11/2005,55.65,0.007213737
01/11/2005,55.25,-0.013304763
31/10/2005,55.99,0.001251005
28/10/2005,55.92,0.016225342
27/10/2005,55.02,0.000545405
26/10/2005,54.99,-0.010851978
25/10/2005,55.59,0.008853613
24/10/2005,55.1,0.005277057
21/10/2005,54.81,-0.006546668
20/10/2005,55.17,-0.009022075
19/10/2005,55.67,0.005764743
18/10/2005,55.35,-0.007738723
17/10/2005,55.78,-0.005898668
14/10/2005,56.11,-0.001602707
13/10/2005,56.2,0.003029495
12/10/2005,56.03,0.000357015
11/10/2005,56.01,0.003039788
10/10/2005,55.84,-0.003575263
07/10/2005,56.04,-0.003206844
06/10/2005,56.22,-0.015706667
05/10/2005,57.11,-0.016842138
04/10/2005,58.08,-0.020956555
03/10/2005,59.31,-0.002525892
30/09/2005,59.46,0.022449922
29/09/2005,58.14,0.01211297
28/09/2005,57.44,0.005936808
27/09/2005,57.1,0.008971826
26/09/2005,56.59,-0.002647138
23/09/2005,56.74,0.000881601
22/09/2005,56.69,0.014033448
21/09/2005,55.9,-0.002501341
20/09/2005,56.04,0.008602204
19/09/2005,55.56,-0.006994917
16/09/2005,55.95,0.008075414
15/09/2005,55.5,0.008686265
14/09/2005,55.02,-0.009406726
13/09/2005,55.54,-0.01819854
12/09/2005,56.56,-0.00599332
09/09/2005,56.9,0.01326866
08/09/2005,56.15,-0.001957122
07/09/2005,56.26,-0.005495006
06/09/2005,56.57,0.010305706
02/09/2005,55.99,0.004116337
01/09/2005,55.76,0.005034171
31/08/2005,55.48,0.001443002
30/08/2005,55.4,-0.004322773
29/08/2005,55.64,0.012296719
26/08/2005,54.96,-0.000727537
25/08/2005,55,0.006933069
24/08/2005,54.62,-0.014179478
23/08/2005,55.4,0.004341541
22/08/2005,55.16,0.011303676
19/08/2005,54.54,0.006622541
18/08/2005,54.18,0.014126629
17/08/2005,53.42,-0.002990656
16/08/2005,53.58,-0.011135973
15/08/2005,54.18,0.01169604
12/08/2005,53.55,-0.002052048
11/08/2005,53.66,-0.000931359
10/08/2005,53.71,-0.004273114
09/08/2005,53.94,-0.005730675
08/08/2005,54.25,0.002768807
05/08/2005,54.1,-0.001293064
04/08/2005,54.17,-0.015205936
03/08/2005,55,-0.006524126
02/08/2005,55.36,0.000722805
01/08/2005,55.32,-0.005588117
29/07/2005,55.63,-0.003409604
28/07/2005,55.82,0.008094297
27/07/2005,55.37,0.004706743
26/07/2005,55.11,0.003089507
25/07/2005,54.94,-0.00090967
22/07/2005,54.99,-0.002542682
21/07/2005,55.13,0.001997277
20/07/2005,55.02,0.002547772
19/07/2005,54.88,0.004748867
18/07/2005,54.62,0.002199414
15/07/2005,54.5,-0.004576667
14/07/2005,54.75,0.003109853
13/07/2005,54.58,0.011795198
12/07/2005,53.94,0.00074184
11/07/2005,53.9,0.017593566
08/07/2005,52.96,0.015220994
07/07/2005,52.16,-0.006497252
06/07/2005,52.5,-0.004750603
05/07/2005,52.75,-0.002839567
01/07/2005,52.9,0.002839567
30/06/2005,52.75,-0.013556977
29/06/2005,53.47,0.002621724
28/06/2005,53.33,0.012452991
27/06/2005,52.67,-0.002843873
24/06/2005,52.82,-0.015777938
23/06/2005,53.66,-0.014431333
22/06/2005,54.44,0.002022617
21/06/2005,54.33,0.001473568
20/06/2005,54.25,-0.003128741
17/06/2005,54.42,0.003128741
16/06/2005,54.25,-0.002761161
15/06/2005,54.4,0.00018384
14/06/2005,54.39,0.001471941
13/06/2005,54.31,-0.008068997
10/06/2005,54.75,-0.008185585
09/06/2005,55.2,-0.001990771
08/06/2005,55.31,-0.00252799
07/06/2005,55.45,0.00252799
06/06/2005,55.31,0.000723458
03/06/2005,55.27,-0.012585567
02/06/2005,55.97,-0.002676422
01/06/2005,56.12,0.01743551
31/05/2005,55.15,-0.011000021
27/05/2005,55.76,-0.000896298
26/05/2005,55.81,0.001434463
25/05/2005,55.73,-0.004833089
24/05/2005,56,-0.008534902
23/05/2005,56.48,0
20/05/2005,56.48,-0.002475686
19/05/2005,56.62,0.003893121
18/05/2005,56.4,0.013746534
17/05/2005,55.63,0.008847218
16/05/2005,55.14,0.007098037
13/05/2005,54.75,-0.012523986
12/05/2005,55.44,-0.000721241
11/05/2005,55.48,0.010873612
10/05/2005,54.88,-0.001820499
09/05/2005,54.98,0.004192114
06/05/2005,54.75,-0.000547795
05/05/2005,54.78,-0.006550242
04/05/2005,55.14,0.004362057
03/05/2005,54.9,0.001823155
02/05/2005,54.8,0.011932221
29/04/2005,54.15,0.002959129
28/04/2005,53.99,0.0085566
27/04/2005,53.53,0.002993454
26/04/2005,53.37,-0.008582142
25/04/2005,53.83,-0.001113999
22/04/2005,53.89,-0.005551458
21/04/2005,54.19,0.014872927
20/04/2005,53.39,-0.017453098
19/04/2005,54.33,-0.004957322
18/04/2005,54.6,-0.003656311
15/04/2005,54.8,-0.003642991
14/04/2005,55,-0.003810911
13/04/2005,55.21,-0.00559922
12/04/2005,55.52,0.003247342
11/04/2005,55.34,0.015295273
08/04/2005,54.5,-0.010404402
07/04/2005,55.07,0.020362072
06/04/2005,53.96,-0.000741015
05/04/2005,54,0.001853569
04/04/2005,53.9,0.024224262
01/04/2005,52.61,-0.007385698
31/03/2005,53,-0.006769488
30/03/2005,53.36,0.028513621
29/03/2005,51.86,-0.012455848
28/03/2005,52.51,-0.001712492
24/03/2005,52.6,-0.004363091
23/03/2005,52.83,0.014874416
22/03/2005,52.05,-0.013169386
21/03/2005,52.74,-0.012436565
18/03/2005,53.4,0.012246974
17/03/2005,52.75,-0.001136794
16/03/2005,52.81,-0.002080773
15/03/2005,52.92,-0.006216465
14/03/2005,53.25,0.013994177
11/03/2005,52.51,-0.014369693
10/03/2005,53.27,0.005081407
09/03/2005,53,-0.006582064
08/03/2005,53.35,-0.006539024
07/03/2005,53.7,-0.002789402
04/03/2005,53.85,0.006894651
03/03/2005,53.48,-0.002054731
02/03/2005,53.59,0.001493931
01/03/2005,53.51,0.007879966
28/02/2005,53.09,-0.020507803
25/02/2005,54.19,0.006665457
24/02/2005,53.83,0.006336212
23/02/2005,53.49,0.02345483
22/02/2005,52.25,-0.023641763
18/02/2005,53.5,0.003182629
17/02/2005,53.33,0.000375094
16/02/2005,53.31,-0.003183821
15/02/2005,53.48,0.014692297
14/02/2005,52.7,0.010491274
11/02/2005,52.15,0.010214987
10/02/2005,51.62,0.002133231
09/02/2005,51.51,-0.009083066
08/02/2005,51.98,-0.010525406
07/02/2005,52.53,-0.001711841
04/02/2005,52.62,-0.011713718
03/02/2005,53.24,-0.003000752
02/02/2005,53.4,0.009974676
01/02/2005,52.87,-0.006786077
31/01/2005,53.23,-0.017135826
28/01/2005,54.15,-0.021376533
27/01/2005,55.32,-0.002166848
26/01/2005,55.44,-0.005217247
25/01/2005,55.73,0.009374505
24/01/2005,55.21,-0.007937981
21/01/2005,55.65,-0.018692133
20/01/2005,56.7,0.000352796
19/01/2005,56.68,0.012248311
18/01/2005,55.99,0.001966569
14/01/2005,55.88,0.006283119
13/01/2005,55.53,-0.017494198
12/01/2005,56.51,0.003723078
11/01/2005,56.3,-0.001065152
10/01/2005,56.36,0.007837589
07/01/2005,55.92,0.010426124
06/01/2005,55.34,0.004890871
05/01/2005,55.07,0.010404402
04/01/2005,54.5,-0.012581076
03/01/2005,55.19,0.001995104
31/12/2004,55.08,-0.00669504
30/12/2004,55.45,0.003794385
29/12/2004,55.24,-0.003614026
28/12/2004,55.44,0.000721761
27/12/2004,55.4,-0.003423735
23/12/2004,55.59,-0.005918769
22/12/2004,55.92,-0.002678812
21/12/2004,56.07,0.008597581
20/12/2004,55.59,0.002701974
17/12/2004,55.44,-0.011834458
16/12/2004,56.1,-0.000356443
15/12/2004,56.12,-0.006571376
14/12/2004,56.49,0
13/12/2004,56.49,0.000885504
10/12/2004,56.44,0.001063641
09/12/2004,56.38,0.024235995
08/12/2004,55.03,0.018153978
07/12/2004,54.04,-0.004799714
06/12/2004,54.3,-0.019874845
03/12/2004,55.39,-0.007733156
02/12/2004,55.82,0.021000048
01/12/2004,54.66,0.021824428
30/11/2004,53.48,-0.011526434
29/11/2004,54.1,0.008539127
26/11/2004,53.64,-0.005577259
24/11/2004,53.94,-0.002222223
23/11/2004,54.06,-0.007371946
22/11/2004,54.46,0.002574004
19/11/2004,54.32,-0.008250116
18/11/2004,54.77,0.0051254
17/11/2004,54.49,0.002572585
16/11/2004,54.35,-0.002389048
15/11/2004,54.48,-0.002200221
12/11/2004,54.6,0.011049836
11/11/2004,54,0.018692133
10/11/2004,53,0.004349066
09/11/2004,52.77,-0.009805849
08/11/2004,53.29,-0.00430672
05/11/2004,53.52,0.006185007
04/11/2004,53.19,0.025322629
03/11/2004,51.86,0.017310556
02/11/2004,50.97,-0.000588408
01/11/2004,51,-0.003523198
29/10/2004,51.18,-0.002536834
28/10/2004,51.31,-0.009118309
27/10/2004,51.78,-0.027242374
26/10/2004,53.21,0.016676528
25/10/2004,52.33,-0.013665045
22/10/2004,53.05,-0.010687268
21/10/2004,53.62,0.001119612
20/10/2004,53.56,0.010510607
19/10/2004,53,-0.012375931
18/10/2004,53.66,-0.000558919
15/10/2004,53.69,0.013501049
14/10/2004,52.97,-0.000943485
13/10/2004,53.02,-0.009573044
12/10/2004,53.53,-0.002611942
11/10/2004,53.67,0.004107549
08/10/2004,53.45,-0.003548421
07/10/2004,53.64,-0.012229169
06/10/2004,54.3,0.00073692
05/10/2004,54.26,-0.001657306
04/10/2004,54.35,-0.005687567
01/10/2004,54.66,0.009928377
30/09/2004,54.12,-0.006262684
29/09/2004,54.46,0.012750796
28/09/2004,53.77,0.002607078
27/09/2004,53.63,-0.008355819
24/09/2004,54.08,-0.003691403
23/09/2004,54.28,-0.000368392
22/09/2004,54.3,-0.010624756
21/09/2004,54.88,0.009152544
20/09/2004,54.38,-0.033987364
17/09/2004,56.26,0.006240548
16/09/2004,55.91,-0.00695128
15/09/2004,56.3,-0.006197452
14/09/2004,56.65,0.006730454
13/09/2004,56.27,0.001600712
10/09/2004,56.18,0.001603278
09/09/2004,56.09,-0.011345628
08/09/2004,56.73,0.001411184
07/09/2004,56.65,0.001766785
03/09/2004,56.55,0.001061571
02/09/2004,56.49,0.005146874
01/09/2004,56.2,0.004100924
31/08/2004,55.97,0.008252648
30/08/2004,55.51,-0.008431299
27/08/2004,55.98,0.005014337
26/08/2004,55.7,0.007207238
25/08/2004,55.3,0.006349228
24/08/2004,54.95,0.003646312
23/08/2004,54.75,-0.001824818
20/08/2004,54.85,0.006768525
19/08/2004,54.48,-0.013129291
18/08/2004,55.2,0.006543099
17/08/2004,54.84,-0.002367727
16/08/2004,54.97,0.009321095
13/08/2004,54.46,0.003126439
12/08/2004,54.29,-0.006975065
11/08/2004,54.67,0.008634204
10/08/2004,54.2,0.020692322
09/08/2004,53.09,0.00188537
06/08/2004,52.99,-0.003014888
05/08/2004,53.15,-0.016976436
04/08/2004,54.06,0.007426696
03/08/2004,53.66,0.005981326
02/08/2004,53.34,0.022562337
30/07/2004,52.15,-0.014657158
29/07/2004,52.92,-0.00977819
28/07/2004,53.44,-0.008385403
27/07/2004,53.89,0.014391427
26/07/2004,53.12,0.01193083
23/07/2004,52.49,-0.016813469
22/07/2004,53.38,0.00262615
21/07/2004,53.24,-0.023390708
20/07/2004,54.5,-0.00329731
19/07/2004,54.68,-0.007651704
16/07/2004,55.1,0.001634729
15/07/2004,55.01,-0.001271687
14/07/2004,55.08,0.003273325
13/07/2004,54.9,0.000364365
12/07/2004,54.88,0.00291971
09/07/2004,54.72,0.003111561
08/07/2004,54.55,0.002385979
07/07/2004,54.42,0.00497376
06/07/2004,54.15,-0.003318587
02/07/2004,54.33,0.001473568
01/07/2004,54.25,-0.003496185
30/06/2004,54.44,-0.007503009
29/06/2004,54.85,0.004568304
28/06/2004,54.6,-0.002743486
25/06/2004,54.75,-0.009814692
24/06/2004,55.29,-0.012045089
23/06/2004,55.96,0.00107277
22/06/2004,55.9,0.007181359
21/06/2004,55.5,-0.685823128
18/06/2004,110.19,-0.001632209
17/06/2004,110.37,-0.007312152
16/06/2004,111.18,0.001260013
15/06/2004,111.04,0.00451305
14/06/2004,110.54,0.000180946
10/06/2004,110.52,-0.002169198
09/06/2004,110.76,0.004252438
08/06/2004,110.29,0.007188711
07/06/2004,109.5,0.014997751
04/06/2004,107.87,-0.000741359
03/06/2004,107.95,-0.007935085
02/06/2004,108.81,0.001931834
01/06/2004,108.6,0.007208237
28/05/2004,107.82,-0.007024058
27/05/2004,108.58,0.009066581
26/05/2004,107.6,-0.001485884
25/05/2004,107.76,0.014864949
24/05/2004,106.17,-0.006945776
21/05/2004,106.91,0.002059926
20/05/2004,106.69,0.011406072
19/05/2004,105.48,-0.00548361
18/05/2004,106.06,-0.002072149
17/05/2004,106.28,-0.001222437
14/05/2004,106.41,0.010391176
13/05/2004,105.31,-0.007850596
12/05/2004,106.14,0.000565451
11/05/2004,106.08,0.003872496
10/05/2004,105.67,-0.009887552
07/05/2004,106.72,-0.00988353
06/05/2004,107.78,0.009040557
05/05/2004,106.81,0.00478627
04/05/2004,106.3,-0.004599004
03/05/2004,106.79,0.009408292
30/04/2004,105.79,-0.001700038
29/04/2004,105.97,0.017131855
28/04/2004,104.17,-0.013918242
27/04/2004,105.63,0.003698966
26/04/2004,105.24,0.002378349
23/04/2004,104.99,0.00343479
22/04/2004,104.63,0.010472306
21/04/2004,103.54,-0.010281138
20/04/2004,104.61,-0.013388606
19/04/2004,106.02,0.00047172
16/04/2004,105.97,-0.001414494
15/04/2004,106.12,0.002925496
14/04/2004,105.81,-0.001133466
13/04/2004,105.93,-0.011171203
12/04/2004,107.12,0.006744124
08/04/2004,106.4,-0.000469814
07/04/2004,106.45,-0.005153443
06/04/2004,107,0.006093293
05/04/2004,106.35,0.00225925
02/04/2004,106.11,0.001225895
01/04/2004,105.98,0.010433558
31/03/2004,104.88,-0.010433558
30/03/2004,105.98,0.010433558
29/03/2004,104.88,0.008906825
26/03/2004,103.95,-0.005659759
25/03/2004,104.54,0.014646629
24/03/2004,103.02,-0.003294896
23/03/2004,103.36,-0.005884356
22/03/2004,103.97,-0.000576923
19/03/2004,104.03,-0.003837671
18/03/2004,104.43,0.002012941
17/03/2004,104.22,0.011192707
16/03/2004,103.06,0.005253441
15/03/2004,102.52,-0.015486179
12/03/2004,104.12,0.001634066
11/03/2004,103.95,-0.015085258
10/03/2004,105.53,0.02923004
09/03/2004,102.49,0.00019516
08/03/2004,102.47,0.006952973
05/03/2004,101.76,-0.003335626
04/03/2004,102.1,-0.003519753
03/03/2004,102.46,0.003323886
02/03/2004,102.12,
