Date,Close,BXP
04/04/2014,116.31,0.00698851
03/04/2014,115.5,0
02/04/2014,115.5,-0.001816531
01/04/2014,115.71,0.010250263
31/03/2014,114.53,0.005603727
28/03/2014,113.89,0.007491332
27/03/2014,113.04,0.006211751
26/03/2014,112.34,-0.01150557
25/03/2014,113.64,0.004232811
24/03/2014,113.16,-0.006957009
21/03/2014,113.95,0.00978887
20/03/2014,112.84,0.007472015
19/03/2014,112,-0.01074563
18/03/2014,113.21,0.009050639
17/03/2014,112.19,0.003035175
14/03/2014,111.85,0.00178971
13/03/2014,111.65,0.000716782
12/03/2014,111.57,-0.011938845
11/03/2014,112.91,0.019947886
10/03/2014,110.68,-0.00234636
07/03/2014,110.94,-0.013430231
06/03/2014,112.44,-0.004879573
05/03/2014,112.99,-0.005296155
04/03/2014,113.59,0.012579897
03/03/2014,112.17,-0.002315228
28/02/2014,112.43,0.013431434
27/02/2014,110.93,-0.004227956
26/02/2014,111.4,-0.006264003
25/02/2014,112.1,0.01320003
24/02/2014,110.63,-0.002527762
21/02/2014,110.91,0.002256624
20/02/2014,110.66,-0.001625283
19/02/2014,110.84,-0.004321217
18/02/2014,111.32,0.003239161
14/02/2014,110.96,0.00768991
13/02/2014,110.11,-0.00018162
12/02/2014,110.13,0.004459215
11/02/2014,109.64,-0.002550557
10/02/2014,109.92,0.006754932
07/02/2014,109.18,0.006339894
06/02/2014,108.49,0.016355722
05/02/2014,106.73,-0.009418636
04/02/2014,107.74,0.015715946
03/02/2014,106.06,-0.018959242
31/01/2014,108.09,0.000832986
30/01/2014,108,0.020580708
29/01/2014,105.8,0.004547185
28/01/2014,105.32,0.0096361
27/01/2014,104.31,-0.005544947
24/01/2014,104.89,-0.018981636
23/01/2014,106.9,-0.003641631
22/01/2014,107.29,0.010117182
21/01/2014,106.21,0.013937177
17/01/2014,104.74,-0.001240399
16/01/2014,104.87,-0.003046751
15/01/2014,105.19,0.006007169
14/01/2014,104.56,0.009223739
13/01/2014,103.6,-0.008075414
10/01/2014,104.44,0.016411219
09/01/2014,102.74,0.000486784
08/01/2014,102.69,-0.006696779
07/01/2014,103.38,0.00640468
06/01/2014,102.72,0.011061735
03/01/2014,101.59,0.011882504
02/01/2014,100.39,0.000199243
31/12/2013,100.37,-0.007345675
30/12/2013,101.11,0.007046826
27/12/2013,100.4,-0.035228692
26/12/2013,104,0.005592532
24/12/2013,103.42,-0.002800176
23/12/2013,103.71,0.00202693
20/12/2013,103.5,0.013129291
19/12/2013,102.15,-0.008286667
18/12/2013,103,0.018519955
17/12/2013,101.11,0.021392259
16/12/2013,98.97,0.0051664
13/12/2013,98.46,-0.006781746
12/12/2013,99.13,-0.005332273
11/12/2013,99.66,-0.025460784
10/12/2013,102.23,0.002252363
09/12/2013,102,0.012529143
06/12/2013,100.73,0.006873564
05/12/2013,100.04,0.002602344
04/12/2013,99.78,0.002910626
03/12/2013,99.49,-0.003511768
02/12/2013,99.84,0.003511768
29/11/2013,99.49,-0.02118323
27/11/2013,101.62,0.009491865
26/11/2013,100.66,-0.009491865
25/11/2013,101.62,-0.000688604
22/11/2013,101.69,-0.006567041
21/11/2013,102.36,0.004700361
20/11/2013,101.88,-0.014906019
19/11/2013,103.41,0.008936436
18/11/2013,102.49,-0.005254975
15/11/2013,103.03,0.014173543
14/11/2013,101.58,0.00256284
13/11/2013,101.32,0.006634673
12/11/2013,100.65,-0.003075247
11/11/2013,100.96,0.006259646
08/11/2013,100.33,-0.008930403
07/11/2013,101.23,-0.009047166
06/11/2013,102.15,0
05/11/2013,102.15,-0.015830953
04/11/2013,103.78,-0.006147954
01/11/2013,104.42,0.008849615
31/10/2013,103.5,-0.014960003
30/10/2013,105.06,-0.027229173
29/10/2013,107.96,0.00529372
28/10/2013,107.39,-0.020735204
25/10/2013,109.64,0.020828326
24/10/2013,107.38,-0.009454144
23/10/2013,108.4,-0.00890854
22/10/2013,109.37,0.022094728
21/10/2013,106.98,-0.01705324
18/10/2013,108.82,-0.003302755
17/10/2013,109.18,0.006708659
16/10/2013,108.45,0.013647336
15/10/2013,106.98,-0.002240897
14/10/2013,107.22,-0.000559441
11/10/2013,107.28,0.018154099
10/10/2013,105.35,0.018296406
09/10/2013,103.44,-0.001062853
08/10/2013,103.55,-0.019130186
07/10/2013,105.55,-0.0087724
04/10/2013,106.48,-0.002063984
03/10/2013,106.7,-0.008027673
02/10/2013,107.56,-0.001672086
01/10/2013,107.74,0.007827099
30/09/2013,106.9,-0.001775784
27/09/2013,107.09,0.003273632
26/09/2013,106.74,0.004036617
25/09/2013,106.31,-0.008336894
24/09/2013,107.2,-0.020588827
23/09/2013,109.43,0.000639883
20/09/2013,109.36,-0.015965506
19/09/2013,111.12,0.002071979
18/09/2013,110.89,0.047933826
17/09/2013,105.7,-0.001512574
16/09/2013,105.86,0.010063695
13/09/2013,104.8,0.00191022
12/09/2013,104.6,-0.022311381
11/09/2013,106.96,0.003183821
10/09/2013,106.62,0.007815114
09/09/2013,105.79,0.00930681
06/09/2013,104.81,0.02248153
05/09/2013,102.48,-0.004867137
04/09/2013,102.98,0.012704168
03/09/2013,101.68,-0.008032172
30/08/2013,102.5,0.001073747
29/08/2013,102.39,-0.003509802
28/08/2013,102.75,-0.006402816
27/08/2013,103.41,-0.005304541
26/08/2013,103.96,0.006465644
23/08/2013,103.29,0.018073075
22/08/2013,101.44,0.006329135
21/08/2013,100.8,-0.007412932
20/08/2013,101.55,0.032832496
19/08/2013,98.27,-0.012036761
16/08/2013,99.46,-0.022763271
15/08/2013,101.75,-0.016182845
14/08/2013,103.41,0.00290529
13/08/2013,103.11,-0.006958567
12/08/2013,103.83,-0.01206218
09/08/2013,105.09,0.020088138
08/08/2013,103,0.003403845
07/08/2013,102.65,-0.012296229
06/08/2013,103.92,-0.000673368
05/08/2013,103.99,0.000192345
02/08/2013,103.97,-0.009857954
01/08/2013,105,-0.018401085
31/07/2013,106.95,-0.016414334
30/07/2013,108.72,-0.002296845
29/07/2013,108.97,-0.007132437
26/07/2013,109.75,0.010994156
25/07/2013,108.55,-0.004412177
24/07/2013,109.03,-0.017907128
23/07/2013,111,-0.003148192
22/07/2013,111.35,0.011198528
19/07/2013,110.11,-0.003626148
18/07/2013,110.51,0.013299522
17/07/2013,109.05,-0.004118057
16/07/2013,109.5,-0.001824818
15/07/2013,109.7,-0.005998382
12/07/2013,110.36,-0.002985752
11/07/2013,110.69,0.035213935
10/07/2013,106.86,-0.004202275
09/07/2013,107.31,0.01729529
08/07/2013,105.47,0.002753384
05/07/2013,105.18,0.002379707
03/07/2013,104.93,-0.010994329
02/07/2013,106.09,0.012615771
01/07/2013,104.76,-0.006754533
28/06/2013,105.47,-0.009530622
27/06/2013,106.48,0.024432034
26/06/2013,103.91,0.012102583
25/06/2013,102.66,0.000292269
24/06/2013,102.63,0.006745883
21/06/2013,101.94,0.013430974
20/06/2013,100.58,-0.066630436
19/06/2013,107.51,-0.033746515
18/06/2013,111.2,-0.000269748
17/06/2013,111.23,0.010301917
14/06/2013,110.09,-0.00624804
13/06/2013,110.78,0.039213492
12/06/2013,106.52,-0.003561057
11/06/2013,106.9,-0.022385543
10/06/2013,109.32,-0.004472239
07/06/2013,109.81,0.002096723
06/06/2013,109.58,0.015913503
05/06/2013,107.85,-0.01023947
04/06/2013,108.96,0.00432284
03/06/2013,108.49,0.017762126
31/05/2013,106.58,-0.016101609
30/05/2013,108.31,-0.01165739
29/05/2013,109.58,-0.014225764
28/05/2013,111.15,-0.011539106
24/05/2013,112.44,-0.001599574
23/05/2013,112.62,-0.003279999
22/05/2013,112.99,-0.014061221
21/05/2013,114.59,0.00779714
20/05/2013,113.7,0.011232595
17/05/2013,112.43,0.009742223
16/05/2013,111.34,-0.003496664
15/05/2013,111.73,0.011069726
14/05/2013,110.5,-0.003703541
13/05/2013,110.91,-0.002881068
10/05/2013,111.23,0.010756194
09/05/2013,110.04,-0.006973087
08/05/2013,110.81,0.004613097
07/05/2013,110.3,0.009931292
06/05/2013,109.21,0.005785406
03/05/2013,108.58,-0.004410961
02/05/2013,109.06,0.003214403
01/05/2013,108.71,-0.006601289
30/04/2013,109.43,0.002561992
29/04/2013,109.15,0.012723756
26/04/2013,107.77,-0.002594756
25/04/2013,108.05,-0.003049487
24/04/2013,108.38,-0.000369004
23/04/2013,108.42,-0.004050079
22/04/2013,108.86,-0.008597876
19/04/2013,109.8,0.006578971
18/04/2013,109.08,-0.001923342
17/04/2013,109.29,-0.002193585
16/04/2013,109.53,0.012586872
15/04/2013,108.16,-0.020136137
12/04/2013,110.36,-0.001358265
11/04/2013,110.51,0.005808166
10/04/2013,109.87,0.01420804
09/04/2013,108.32,0.005461712
08/04/2013,107.73,0.013833289
05/04/2013,106.25,0.006989073
04/04/2013,105.51,0.021458817
03/04/2013,103.27,0.011002496
02/04/2013,102.14,0.016186694
01/04/2013,100.5,-0.005556672
28/03/2013,101.06,0.007249647
27/03/2013,100.33,-0.003283748
26/03/2013,100.66,-0.002282313
25/03/2013,100.89,-0.000891663
22/03/2013,100.98,0.002677378
21/03/2013,100.71,-0.011256043
20/03/2013,101.85,-0.009381482
19/03/2013,102.81,-0.018312
18/03/2013,104.71,-0.005143848
15/03/2013,105.25,-0.003982558
14/03/2013,105.67,0.007122875
13/03/2013,104.92,0.001335241
12/03/2013,104.78,0.007087473
11/03/2013,104.04,0.011114984
08/03/2013,102.89,-0.00909449
07/03/2013,103.83,-0.009585044
06/03/2013,104.83,-0.003998482
05/03/2013,105.25,0.007438524
04/03/2013,104.47,0.009135118
01/03/2013,103.52,-0.003471556
28/02/2013,103.88,-0.000192511
27/02/2013,103.9,-0.002883231
26/02/2013,104.2,0.001825081
25/02/2013,104.01,-0.021495977
22/02/2013,106.27,0.007651291
21/02/2013,105.46,-0.010001027
20/02/2013,106.52,-0.007761763
19/02/2013,107.35,0.001304996
15/02/2013,107.21,-0.001304996
14/02/2013,107.35,0.00158486
13/02/2013,107.18,0.001400495
12/02/2013,107.03,0.016390721
11/02/2013,105.29,0.001425652
08/02/2013,105.14,0.009172623
07/02/2013,104.18,-0.000479823
06/02/2013,104.23,0.002016807
05/02/2013,104.02,-0.004603883
04/02/2013,104.5,-0.005725206
01/02/2013,105.1,-0.00171119
31/01/2013,105.28,-0.01161541
30/01/2013,106.51,-0.02173191
29/01/2013,108.85,0.000183756
28/01/2013,108.83,-0.005772154
25/01/2013,109.46,0.004211303
24/01/2013,109,0.002204262
23/01/2013,108.76,-0.001470048
22/01/2013,108.92,0.010057755
18/01/2013,107.83,0.006606212
17/01/2013,107.12,-0.004378005
16/01/2013,107.59,-0.010264088
15/01/2013,108.7,0.012404121
14/01/2013,107.36,0.003358839
11/01/2013,107,-0.003731348
10/01/2013,107.4,-0.001488649
09/01/2013,107.56,0.002140631
08/01/2013,107.33,-0.008627541
07/01/2013,108.26,0.007324003
04/01/2013,107.47,0.006441096
03/01/2013,106.78,0.001218198
02/01/2013,106.65,0.007907412
31/12/2012,105.81,0.008256275
28/12/2012,104.94,-0.006932272
27/12/2012,105.67,0.000473283
26/12/2012,105.62,-0.003497003
24/12/2012,105.99,0.002739857
21/12/2012,105.7,-0.009135064
20/12/2012,106.67,0.013876656
19/12/2012,105.2,-0.001899336
18/12/2012,105.4,0.005327258
17/12/2012,104.84,0.008236805
14/12/2012,103.98,0.002214414
13/12/2012,103.75,-0.00499953
12/12/2012,104.27,-0.005833151
11/12/2012,104.88,-0.001048268
10/12/2012,104.99,-0.003897529
07/12/2012,105.4,0.01116264
06/12/2012,104.23,0.016152003
05/12/2012,102.56,0.000292554
04/12/2012,102.53,-0.000585023
03/12/2012,102.59,-0.000389826
30/11/2012,102.63,0.004296462
29/11/2012,102.19,0.007267759
28/11/2012,101.45,-0.001871092
27/11/2012,101.64,-0.009498235
26/11/2012,102.61,-0.004375949
23/11/2012,103.06,0.013579069
21/11/2012,101.67,-0.005688521
20/11/2012,102.25,0.003625145
19/11/2012,101.88,0.010161386
16/11/2012,100.85,0.008164123
15/11/2012,100.03,-0.000299865
14/11/2012,100.06,-0.015371949
13/11/2012,101.61,-0.008525702
12/11/2012,102.48,-0.006031733
09/11/2012,103.1,-0.005706288
08/11/2012,103.69,-0.022787848
07/11/2012,106.08,-0.009102489
06/11/2012,107.05,0.006184428
05/11/2012,106.39,-0.007771211
02/11/2012,107.22,0.000559754
01/11/2012,107.16,0.008057759
31/10/2012,106.3,-0.00216135
26/10/2012,106.53,-0.007667889
25/10/2012,107.35,-0.003347906
24/10/2012,107.71,0.000185701
23/10/2012,107.69,-0.01474817
22/10/2012,109.29,-0.002193585
19/10/2012,109.53,-0.017467298
18/10/2012,111.46,0.012004296
17/10/2012,110.13,-0.0013611
16/10/2012,110.28,0.003724737
15/10/2012,109.87,0.00813347
12/10/2012,108.98,-0.004303445
11/10/2012,109.45,-0.000456725
10/10/2012,109.5,-0.000730327
09/10/2012,109.58,-0.004007291
08/10/2012,110.02,-0.001180906
05/10/2012,110.15,0.002454212
04/10/2012,109.88,-0.005536158
03/10/2012,110.49,0.006446656
02/10/2012,109.78,0.003101909
01/10/2012,109.44,-0.010634047
28/09/2012,110.61,-0.007027056
27/09/2012,111.39,0.008927423
26/09/2012,110.4,-0.00379713
25/09/2012,110.82,-0.015667987
24/09/2012,112.57,-0.008579947
21/09/2012,113.54,0.008846484
20/09/2012,112.54,-0.009902822
19/09/2012,113.66,-0.011285715
18/09/2012,114.95,-0.007971622
17/09/2012,115.87,-0.001724584
14/09/2012,116.07,0.010740684
13/09/2012,114.83,0.018191108
12/09/2012,112.76,0.000709723
11/09/2012,112.68,-0.004692558
10/09/2012,113.21,-0.010194306
07/09/2012,114.37,0.012493564
06/09/2012,112.95,0.005059257
05/09/2012,112.38,-0.003375681
04/09/2012,112.76,0.005602754
31/08/2012,112.13,0.006531585
30/08/2012,111.4,-0.00403136
29/08/2012,111.85,0
28/08/2012,111.85,0.003762097
27/08/2012,111.43,-0.003672687
24/08/2012,111.84,0.002327456
23/08/2012,111.58,-0.000358423
22/08/2012,111.62,0.002421852
21/08/2012,111.35,8.98109E-05
20/08/2012,111.34,-0.003765132
17/08/2012,111.76,-0.002055867
16/08/2012,111.99,0.005820999
15/08/2012,111.34,0.007030223
14/08/2012,110.56,-0.003971841
13/08/2012,111,0.002706362
10/08/2012,110.7,0.00162734
09/08/2012,110.52,-0.002440017
08/08/2012,110.79,-0.015583335
07/08/2012,112.53,-0.00567126
06/08/2012,113.17,0.001503294
03/08/2012,113,0.010586817
02/08/2012,111.81,0.00547062
01/08/2012,111.2,0.002701487
31/07/2012,110.9,0.004337618
30/07/2012,110.42,-0.003345241
27/07/2012,110.79,0.006156651
26/07/2012,110.11,0.012704096
25/07/2012,108.72,0.001657001
24/07/2012,108.54,-0.004871109
23/07/2012,109.07,-0.007853922
20/07/2012,109.93,-0.003813333
19/07/2012,110.35,-0.006053233
18/07/2012,111.02,-0.008341978
17/07/2012,111.95,0.013036822
16/07/2012,110.5,-0.000814148
13/07/2012,110.59,0.015399639
12/07/2012,108.9,-0.000459031
11/07/2012,108.95,0.004599824
10/07/2012,108.45,-0.010821822
09/07/2012,109.63,-0.005004332
06/07/2012,110.18,0.007378763
05/07/2012,109.37,-0.008013885
03/07/2012,110.25,0.0061869
02/07/2012,109.57,0.011012316
29/06/2012,108.37,0.032925171
28/06/2012,104.86,0.009678577
27/06/2012,103.85,-0.002404425
26/06/2012,104.1,9.60661E-05
25/06/2012,104.09,0.007521733
22/06/2012,103.31,-0.003189179
21/06/2012,103.64,-0.018166672
20/06/2012,105.54,0.002181647
19/06/2012,105.31,0.003519623
18/06/2012,104.94,0.008709439
15/06/2012,104.03,0.007913572
14/06/2012,103.21,0.016706949
13/06/2012,101.5,-0.005502077
12/06/2012,102.06,0.001667076
11/06/2012,101.89,-0.0319695
08/06/2012,105.2,0.01291575
07/06/2012,103.85,-0.002692568
06/06/2012,104.13,0.024695013
05/06/2012,101.59,0.013078558
04/06/2012,100.27,-0.010318576
01/06/2012,101.31,-0.015864022
31/05/2012,102.93,0.002529184
30/05/2012,102.67,-0.025578318
29/05/2012,105.33,0.014150729
25/05/2012,103.85,-0.001924003
24/05/2012,104.05,0.004334223
23/05/2012,103.6,0.003093583
22/05/2012,103.28,-0.002127866
21/05/2012,103.5,0.025739054
18/05/2012,100.87,-0.008293068
17/05/2012,101.71,-0.030786555
16/05/2012,104.89,-0.015232803
15/05/2012,106.5,-0.009531892
14/05/2012,107.52,-0.007320609
11/05/2012,108.31,0.001016119
10/05/2012,108.2,0.003518196
09/05/2012,107.82,-0.00481126
08/05/2012,108.34,-0.000830373
07/05/2012,108.43,0.004436647
04/05/2012,107.95,0.000463285
03/05/2012,107.9,-0.013897421
02/05/2012,109.41,-0.003102758
01/05/2012,109.75,0.013761685
30/04/2012,108.25,0.004165708
27/04/2012,107.8,0.003158973
26/04/2012,107.46,0.006348042
25/04/2012,106.78,0.005823253
24/04/2012,106.16,0.016143167
23/04/2012,104.46,-0.005346585
20/04/2012,105.02,0.016126285
19/04/2012,103.34,0.002519137
18/04/2012,103.08,-0.00541797
17/04/2012,103.64,0.016931415
16/04/2012,101.9,0.015826245
13/04/2012,100.3,-0.016905153
12/04/2012,102.01,0.015410756
11/04/2012,100.45,0.014237257
10/04/2012,99.03,-0.023551632
09/04/2012,101.39,-0.013421705
05/04/2012,102.76,-0.008237678
04/04/2012,103.61,-0.011896907
03/04/2012,104.85,-0.003427595
02/04/2012,105.21,0.002093245
30/03/2012,104.99,0.010821269
29/03/2012,103.86,-0.004515114
28/03/2012,104.33,0.001822805
27/03/2012,104.14,-0.003259518
26/03/2012,104.48,0.004508617
23/03/2012,104.01,0.006075529
22/03/2012,103.38,-0.009339114
21/03/2012,104.35,-0.006971331
20/03/2012,105.08,-0.000856124
19/03/2012,105.17,-0.007294808
16/03/2012,105.94,0.011391807
15/03/2012,104.74,-0.003240876
14/03/2012,105.08,-0.005977531
13/03/2012,105.71,0.018522584
12/03/2012,103.77,0.014169492
09/03/2012,102.31,0.003917349
08/03/2012,101.91,-0.011221272
07/03/2012,103.06,0.004960858
06/03/2012,102.55,-0.00457266
05/03/2012,103.02,0.005450666
02/03/2012,102.46,-9.75943E-05
01/03/2012,102.47,0.009018785
29/02/2012,101.55,-0.002557043
28/02/2012,101.81,-0.005973675
27/02/2012,102.42,-0.001950839
24/02/2012,102.62,-0.004957483
23/02/2012,103.13,0.013373229
22/02/2012,101.76,-0.015407423
21/02/2012,103.34,-0.014410856
17/02/2012,104.84,0.000381607
16/02/2012,104.8,0.01946299
15/02/2012,102.78,-0.003399547
14/02/2012,103.13,-0.012909621
13/02/2012,104.47,0.006626675
10/02/2012,103.78,-0.009207815
09/02/2012,104.74,-0.011958005
08/02/2012,106,-0.002826191
07/02/2012,106.3,-0.008897272
06/02/2012,107.25,-0.002979241
03/02/2012,107.57,0.012723532
02/02/2012,106.21,0.000659289
01/02/2012,106.14,0.019887425
31/01/2012,104.05,0.014521068
30/01/2012,102.55,-0.016345448
27/01/2012,104.24,0.0053867
26/01/2012,103.68,-0.000674927
25/01/2012,103.75,0.017501662
24/01/2012,101.95,0.012138107
23/01/2012,100.72,0.008575185
20/01/2012,99.86,0.001001904
19/01/2012,99.76,0.00583092
18/01/2012,99.18,0.004851435
17/01/2012,98.7,0.012335138
13/01/2012,97.49,-0.007358235
12/01/2012,98.21,-0.016961537
11/01/2012,99.89,0.003108239
10/01/2012,99.58,0.009484482
09/01/2012,98.64,-0.005862748
06/01/2012,99.22,-0.002818037
05/01/2012,99.5,0.001710004
04/01/2012,99.33,-0.019836185
03/01/2012,101.32,0.017121661
30/12/2011,99.6,-0.004307976
29/12/2011,100.03,0.00964347
28/12/2011,99.07,-0.025118434
27/12/2011,101.59,0.005725583
23/12/2011,101.01,0.009749381
22/12/2011,100.03,0.021523591
21/12/2011,97.9,-0.004992623
20/12/2011,98.39,0.033905056
19/12/2011,95.11,-0.008897321
16/12/2011,95.96,0.009633582
15/12/2011,95.04,0.014733427
14/12/2011,93.65,0.011923445
13/12/2011,92.54,-0.008714887
12/12/2011,93.35,-0.02266566
09/12/2011,95.49,0.017963289
08/12/2011,93.79,-0.021934867
07/12/2011,95.87,0.010064033
06/12/2011,94.91,-0.003365944
05/12/2011,95.23,0.015876709
02/12/2011,93.73,0.001708489
01/12/2011,93.57,-0.019159094
30/11/2011,95.38,0.058503786
29/11/2011,89.96,-0.003661585
28/11/2011,90.29,0.012706368
25/11/2011,89.15,0.003708494
23/11/2011,88.82,-0.036588773
22/11/2011,92.13,-0.004008021
21/11/2011,92.5,-0.028035733
18/11/2011,95.13,0.014399402
17/11/2011,93.77,-0.016079898
16/11/2011,95.29,-0.011477588
15/11/2011,96.39,0.008229642
14/11/2011,95.6,-0.025712605
11/11/2011,98.09,0.027911673
10/11/2011,95.39,-0.004288934
09/11/2011,95.8,-0.047397406
08/11/2011,100.45,0.015550853
07/11/2011,98.9,0.000910424
04/11/2011,98.81,-0.005953299
03/11/2011,99.4,0.010822945
02/11/2011,98.33,0.01176424
01/11/2011,97.18,-0.018453906
31/10/2011,98.99,-0.00855007
28/10/2011,99.84,0.00693505
27/10/2011,99.15,0.052169544
26/10/2011,94.11,0.01197235
25/10/2011,92.99,-0.021174383
24/10/2011,94.98,0.021281927
21/10/2011,92.98,0.023174621
20/10/2011,90.85,0.008622649
19/10/2011,90.07,-0.028133868
18/10/2011,92.64,0.022708399
17/10/2011,90.56,-0.019464803
14/10/2011,92.34,0.026779476
13/10/2011,89.9,-0.000222445
12/10/2011,89.92,0.011858289
11/10/2011,88.86,-0.01861919
10/10/2011,90.53,0.05751585
07/10/2011,85.47,-0.025756462
06/10/2011,87.7,0.025873469
05/10/2011,85.46,-0.012558305
04/10/2011,86.54,0.021255034
03/10/2011,84.72,-0.050407633
30/09/2011,89.1,-0.039393365
29/09/2011,92.68,0.020383288
28/09/2011,90.81,-0.025549033
27/09/2011,93.16,0.001718952
26/09/2011,93,0.006256088
23/09/2011,92.42,-0.001405634
22/09/2011,92.55,-0.02665403
21/09/2011,95.05,-0.046859492
20/09/2011,99.61,0.000903932
19/09/2011,99.52,-0.02950417
16/09/2011,102.5,-0.002533374
15/09/2011,102.76,0.021641608
14/09/2011,100.56,0.008187764
13/09/2011,99.74,-0.007093291
12/09/2011,100.45,0.001893279
09/09/2011,100.26,-0.032287776
08/09/2011,103.55,-0.005297388
07/09/2011,104.1,0.02263661
06/09/2011,101.77,0.005122659
02/09/2011,101.25,-0.011684555
01/09/2011,102.44,-0.017898219
31/08/2011,104.29,0.007893765
30/08/2011,103.47,-0.00164164
29/08/2011,103.64,0.029771098
26/08/2011,100.6,0.010693151
25/08/2011,99.53,-0.015848824
24/08/2011,101.12,0.00804254
23/08/2011,100.31,0.023399958
22/08/2011,97.99,-0.008029722
19/08/2011,98.78,-0.012674951
18/08/2011,100.04,-0.039685804
17/08/2011,104.09,0.010332765
16/08/2011,103.02,-0.002326935
15/08/2011,103.26,0.030381337
12/08/2011,100.17,-0.001396648
11/08/2011,100.31,0.047465153
10/08/2011,95.66,-0.015147089
09/08/2011,97.12,0.086187993
08/08/2011,89.1,-0.084023378
05/08/2011,96.91,-0.015054819
04/08/2011,98.38,-0.047055827
03/08/2011,103.12,-0.003484999
02/08/2011,103.48,-0.023683307
01/08/2011,105.96,-0.013126009
29/07/2011,107.36,0.001398145
28/07/2011,107.21,0.002054156
27/07/2011,106.99,-0.031102986
26/07/2011,110.37,-0.004970863
25/07/2011,110.92,-0.012097464
22/07/2011,112.27,-0.000801318
21/07/2011,112.36,0.015245565
20/07/2011,110.66,-0.00297767
19/07/2011,110.99,0.026383383
18/07/2011,108.1,-0.012502461
15/07/2011,109.46,0.013705775
14/07/2011,107.97,-0.004528031
13/07/2011,108.46,-0.004691174
12/07/2011,108.97,0.003493293
11/07/2011,108.59,-0.019696087
08/07/2011,110.75,-0.006569794
07/07/2011,111.48,0.007744298
06/07/2011,110.62,0.007804741
05/07/2011,109.76,0.017740251
01/07/2011,107.83,0.015608523
30/06/2011,106.16,0.004247894
29/06/2011,105.71,0.013428134
28/06/2011,104.3,0.004227524
27/06/2011,103.86,0.012108445
24/06/2011,102.61,-0.010277383
23/06/2011,103.67,-0.029370547
22/06/2011,106.76,0.000281044
21/06/2011,106.73,0.009886621
20/06/2011,105.68,0.016698065
17/06/2011,103.93,0.011516071
16/06/2011,102.74,0.016685047
15/06/2011,101.04,-0.020667761
14/06/2011,103.15,0.014648699
13/06/2011,101.65,0.004535602
10/06/2011,101.19,-0.019281243
09/06/2011,103.16,-0.012235809
08/06/2011,104.43,-0.000574383
07/06/2011,104.49,0.012325625
06/06/2011,103.21,-0.012134201
03/06/2011,104.47,-0.000191424
02/06/2011,104.49,-0.004678483
01/06/2011,104.98,-0.031596872
31/05/2011,108.35,0.018819262
27/05/2011,106.33,0.005186
26/05/2011,105.78,0.01600949
25/05/2011,104.1,0.008005058
24/05/2011,103.27,-0.002417913
23/05/2011,103.52,-0.00951793
20/05/2011,104.51,-0.016888447
19/05/2011,106.29,0.005471712
18/05/2011,105.71,0.012374039
17/05/2011,104.41,-0.001722488
16/05/2011,104.59,0.015221874
13/05/2011,103.01,-0.009564828
12/05/2011,104,-0.004987542
11/05/2011,104.52,-0.011321055
10/05/2011,105.71,0.016885686
09/05/2011,103.94,0.005886059
06/05/2011,103.33,-0.008288405
05/05/2011,104.19,-0.003066605
04/05/2011,104.51,0.006913134
03/05/2011,103.79,-0.002982349
02/05/2011,104.1,-0.004122136
29/04/2011,104.53,0.007200838
28/04/2011,103.78,0.018379474
27/04/2011,101.89,0.009268455
26/04/2011,100.95,0.007257575
25/04/2011,100.22,0.013157424
21/04/2011,98.91,0.008019126
20/04/2011,98.12,0.009832115
19/04/2011,97.16,0.008786949
18/04/2011,96.31,-0.008581081
15/04/2011,97.14,0.014203753
14/04/2011,95.77,0.018016607
13/04/2011,94.06,-0.004031836
12/04/2011,94.44,-0.003488191
11/04/2011,94.77,0.009116027
08/04/2011,93.91,-0.00995982
07/04/2011,94.85,-0.010696411
06/04/2011,95.87,-0.007689148
05/04/2011,96.61,-0.000206996
04/04/2011,96.63,0.000931822
01/04/2011,96.54,0.017660734
31/03/2011,94.85,0.009640416
30/03/2011,93.94,0.004480963
29/03/2011,93.52,0.003427595
28/03/2011,93.2,0.003331724
25/03/2011,92.89,0.015842345
24/03/2011,91.43,0.004714146
23/03/2011,91,-0.013100624
22/03/2011,92.2,-0.001950374
21/03/2011,92.38,0.009352977
18/03/2011,91.52,-0.001528551
17/03/2011,91.66,0.013731198
16/03/2011,90.41,-0.016998819
15/03/2011,91.96,-0.000869565
14/03/2011,92.04,-0.012846293
11/03/2011,93.23,0.017965851
10/03/2011,91.57,-0.020322827
09/03/2011,93.45,0.000856439
08/03/2011,93.37,0.011092677
07/03/2011,92.34,-0.004214628
04/03/2011,92.73,-0.013815481
03/03/2011,94.02,0.014246934
02/03/2011,92.69,-0.010303837
01/03/2011,93.65,-0.023950082
28/02/2011,95.92,0.023096202
25/02/2011,93.73,0.013750351
24/02/2011,92.45,-0.005931535
23/02/2011,93,-0.010695289
22/02/2011,94,-0.010476841
18/02/2011,94.99,0.005065974
17/02/2011,94.51,-0.007379329
16/02/2011,95.21,-0.002727084
15/02/2011,95.47,0.001047998
14/02/2011,95.37,-0.005541918
11/02/2011,95.9,0.005541918
10/02/2011,95.37,0.00652222
09/02/2011,94.75,-0.001265689
08/02/2011,94.87,0.001899135
07/02/2011,94.69,0.014359657
04/02/2011,93.34,-0.006833253
03/02/2011,93.98,0.006083588
02/02/2011,93.41,-0.00384657
01/02/2011,93.77,-0.006378251
31/01/2011,94.37,0.017746884
28/01/2011,92.71,-0.010835272
27/01/2011,93.72,0.014942498
26/01/2011,92.33,0.01165654
25/01/2011,91.26,0.008141755
24/01/2011,90.52,0.002544108
21/01/2011,90.29,0.003772752
20/01/2011,89.95,0.003563875
19/01/2011,89.63,-0.010543353
18/01/2011,90.58,0.012330065
14/01/2011,89.47,0.02558437
13/01/2011,87.21,0.008637124
12/01/2011,86.46,0.021038644
11/01/2011,84.66,-0.000236211
10/01/2011,84.68,-0.002947942
07/01/2011,84.93,-0.011007137
06/01/2011,85.87,-0.013992712
05/01/2011,87.08,0.006682822
04/01/2011,86.5,-0.030512385
03/01/2011,89.18,0.035147388
31/12/2010,86.1,-0.004981763
30/12/2010,86.53,0.00023116
29/12/2010,86.51,-0.004382937
28/12/2010,86.89,0.003458615
27/12/2010,86.59,0.013721146
23/12/2010,85.41,-0.001754694
22/12/2010,85.56,0.009630139
21/12/2010,84.74,0.006511596
20/12/2010,84.19,0.012790803
17/12/2010,83.12,0.01283466
16/12/2010,82.06,0.001341382
15/12/2010,81.95,-0.008626504
14/12/2010,82.66,-0.016676051
13/12/2010,84.05,0.008123327
10/12/2010,83.37,0.00806893
09/12/2010,82.7,-0.021650269
08/12/2010,84.51,-0.022233539
07/12/2010,86.41,0
06/12/2010,86.41,0.002549248
03/12/2010,86.19,0.000812489
02/12/2010,86.12,0.0141498
01/12/2010,84.91,0.013158865
30/11/2010,83.8,-0.004643142
29/11/2010,84.19,-0.001661524
26/11/2010,84.33,-0.007442884
24/11/2010,84.96,0.017693272
23/11/2010,83.47,-0.007043544
22/11/2010,84.06,-0.000713521
19/11/2010,84.12,0.007038502
18/11/2010,83.53,0.015320886
17/11/2010,82.26,0.008546017
16/11/2010,81.56,-0.026736002
15/11/2010,83.77,-0.011040653
12/11/2010,84.7,-0.004358845
11/11/2010,85.07,-0.014586874
10/11/2010,86.32,0.01106657
09/11/2010,85.37,-0.045342627
08/11/2010,89.33,-0.009137572
05/11/2010,90.15,0.016891727
04/11/2010,88.64,0.014660186
03/11/2010,87.35,-0.000572246
02/11/2010,87.4,0.012433962
01/11/2010,86.32,0.001507159
29/10/2010,86.19,-0.000695894
28/10/2010,86.25,-0.012558492
27/10/2010,87.34,-0.028555634
26/10/2010,89.87,-0.009523882
25/10/2010,90.73,0.002538212
22/10/2010,90.5,0.003985833
21/10/2010,90.14,0.002777317
20/10/2010,89.89,0.023411311
19/10/2010,87.81,-0.007262031
18/10/2010,88.45,0.016989178
15/10/2010,86.96,-0.002411992
14/10/2010,87.17,0.003908051
13/10/2010,86.83,0.011350597
12/10/2010,85.85,0.00912714
11/10/2010,85.07,0.002471607
08/10/2010,84.86,-0.001530763
07/10/2010,84.99,0.002120142
06/10/2010,84.81,-0.00317853
05/10/2010,85.08,0.017907386
04/10/2010,83.57,-0.000837271
01/10/2010,83.64,0.006236528
30/09/2010,83.12,-0.004321735
29/09/2010,83.48,-0.017573475
28/09/2010,84.96,-0.000823578
27/09/2010,85.03,-0.008781744
24/09/2010,85.78,0.021207204
23/09/2010,83.98,-0.03002806
22/09/2010,86.54,-0.01684371
21/09/2010,88.01,-0.009836701
20/09/2010,88.88,0.020230261
17/09/2010,87.1,0.003795944
16/09/2010,86.77,-0.008377854
15/09/2010,87.5,0.012651118
14/09/2010,86.4,0.001621685
13/09/2010,86.26,0.012364557
10/09/2010,85.2,0.001174398
09/09/2010,85.1,-0.019779586
08/09/2010,86.8,0.003231021
07/09/2010,86.52,-0.015255214
03/09/2010,87.85,0.016411684
02/09/2010,86.42,0.022822689
01/09/2010,84.47,0.037021169
31/08/2010,81.4,0.004185652
30/08/2010,81.06,-0.008109149
27/08/2010,81.72,0.013179965
26/08/2010,80.65,-0.009133611
25/08/2010,81.39,0.017976062
24/08/2010,79.94,-0.019694697
23/08/2010,81.53,0.003686414
20/08/2010,81.23,-0.0001231
19/08/2010,81.24,-0.023478969
18/08/2010,83.17,-0.005754722
17/08/2010,83.65,0.031698567
16/08/2010,81.04,0.000246822
13/08/2010,81.02,-0.003695951
12/08/2010,81.32,-0.018760448
11/08/2010,82.86,-0.02066362
10/08/2010,84.59,-0.015018468
09/08/2010,85.87,0.013364794
06/08/2010,84.73,-0.001886571
05/08/2010,84.89,-0.008912924
04/08/2010,85.65,0.018143759
03/08/2010,84.11,-0.011466524
02/08/2010,85.08,0.038092999
30/07/2010,81.9,0.00981603
29/07/2010,81.1,-0.005410736
28/07/2010,81.54,-0.001103144
27/07/2010,81.63,-0.001468968
26/07/2010,81.75,0.022014245
23/07/2010,79.97,0.010433128
22/07/2010,79.14,0.039433018
21/07/2010,76.08,-0.024538719
20/07/2010,77.97,0.022306722
19/07/2010,76.25,0.020403463
16/07/2010,74.71,-0.034209361
15/07/2010,77.31,0.00388803
14/07/2010,77.01,-0.004793066
13/07/2010,77.38,0.024463251
12/07/2010,75.51,0.00371501
09/07/2010,75.23,0.018514079
08/07/2010,73.85,0.014732227
07/07/2010,72.77,0.052038529
06/07/2010,69.08,-0.008935064
02/07/2010,69.7,-0.021994501
01/07/2010,71.25,-0.001262361
30/06/2010,71.34,-0.013920047
29/06/2010,72.34,-0.031433297
28/06/2010,74.65,-0.027612561
25/06/2010,76.74,0.033119996
24/06/2010,74.24,-0.030379732
23/06/2010,76.53,0.002223822
22/06/2010,76.36,-0.038913417
21/06/2010,79.39,-0.008778587
18/06/2010,80.09,0.001499438
17/06/2010,79.97,-0.005984309
16/06/2010,80.45,-0.007800448
15/06/2010,81.08,0.022702734
14/06/2010,79.26,0.003032603
11/06/2010,79.02,0.010559223
10/06/2010,78.19,0.046733194
09/06/2010,74.62,0.011049836
08/06/2010,73.8,0.023027333
07/06/2010,72.12,0.004307656
04/06/2010,71.81,-0.052225877
03/06/2010,75.66,-0.006849342
02/06/2010,76.18,0.003550533
01/06/2010,75.91,-0.01009249
28/05/2010,76.68,-0.018605188
27/05/2010,78.12,0.056345516
26/05/2010,73.84,-0.013318284
25/05/2010,74.83,0.016166323
24/05/2010,73.63,-0.025080105
21/05/2010,75.5,0.037516206
20/05/2010,72.72,-0.044774569
19/05/2010,76.05,-0.006814336
18/05/2010,76.57,-0.024256124
17/05/2010,78.45,0.003191832
14/05/2010,78.2,-0.032212146
13/05/2010,80.76,-0.011939338
12/05/2010,81.73,0.006998617
11/05/2010,81.16,0.005312262
10/05/2010,80.73,0.059193403
07/05/2010,76.09,-0.025176518
06/05/2010,78.03,-0.033893008
05/05/2010,80.72,-0.00506643
04/05/2010,81.13,-0.004672906
03/05/2010,81.51,0.033051584
30/04/2010,78.86,-0.05585427
29/04/2010,83.39,0.056615401
28/04/2010,78.8,0.008666891
27/04/2010,78.12,-0.032368546
26/04/2010,80.69,0.007213962
23/04/2010,80.11,0.009280227
22/04/2010,79.37,0.018181163
21/04/2010,77.94,0.012133878
20/04/2010,77,0.011888572
19/04/2010,76.09,0.006592851
16/04/2010,75.59,-0.031897516
15/04/2010,78.04,-0.0264288
14/04/2010,80.13,0.001998751
13/04/2010,79.97,0.032018997
12/04/2010,77.45,-0.011553402
09/04/2010,78.35,0.018030109
08/04/2010,76.95,-0.003761597
07/04/2010,77.24,-0.027706847
06/04/2010,79.41,0.020611417
05/04/2010,77.79,0.030277662
01/04/2010,75.47,0.000397588
31/03/2010,75.44,-0.010548621
30/03/2010,76.24,-0.000131156
29/03/2010,76.25,0.000787195
26/03/2010,76.19,-0.007062546
25/03/2010,76.73,0.007587687
24/03/2010,76.15,0.00157708
23/03/2010,76.03,-0.003020555
22/03/2010,76.26,0.004863631
19/03/2010,75.89,-0.011138161
18/03/2010,76.74,-0.005198868
17/03/2010,77.14,0.018975901
16/03/2010,75.69,0.021770476
15/03/2010,74.06,0.000810482
12/03/2010,74,0.00379096
11/03/2010,73.72,0.003533092
10/03/2010,73.46,0.013292419
09/03/2010,72.49,-0.00124078
08/03/2010,72.58,0.020039635
05/03/2010,71.14,0.028082524
04/03/2010,69.17,0.00725482
03/03/2010,68.67,0.000728385
02/03/2010,68.62,0.00496714
01/03/2010,68.28,0.005139135
26/02/2010,67.93,0.007536053
25/02/2010,67.42,0.010586843
24/02/2010,66.71,0.011457988
23/02/2010,65.95,-0.016243401
22/02/2010,67.03,0.006886255
19/02/2010,66.57,0.003310265
18/02/2010,66.35,0.014574419
17/02/2010,65.39,0.00552064
16/02/2010,65.03,0.02538484
12/02/2010,63.4,0.010783485
11/02/2010,62.72,0.003673832
10/02/2010,62.49,-0.005107753
09/02/2010,62.81,-0.001431867
08/02/2010,62.9,-0.025584068
05/02/2010,64.53,0.017035655
04/02/2010,63.44,-0.04710737
03/02/2010,66.5,-0.019360247
02/02/2010,67.8,0.013811759
01/02/2010,66.87,0.030365169
29/01/2010,64.87,-0.007984074
28/01/2010,65.39,0.004905728
27/01/2010,65.07,0.005393341
26/01/2010,64.72,-0.005854276
25/01/2010,65.1,0.012676008
22/01/2010,64.28,-0.023979015
21/01/2010,65.84,-0.047892927
20/01/2010,69.07,-0.006637831
19/01/2010,69.53,0.020927955
15/01/2010,68.09,-0.003225809
14/01/2010,68.31,-0.004236366
13/01/2010,68.6,0.016313096
12/01/2010,67.49,-0.010025147
11/01/2010,68.17,0.004705199
08/01/2010,67.85,-0.013031885
07/01/2010,68.74,0.004373822
06/01/2010,68.44,0.004686593
05/01/2010,68.12,0.015086812
04/01/2010,67.1,0.000447194
31/12/2009,67.07,-0.032852346
30/12/2009,69.31,0.001299358
29/12/2009,69.22,-0.015908612
28/12/2009,70.33,-0.00666055
24/12/2009,70.8,0.0126503
23/12/2009,69.91,0.004013192
22/12/2009,69.63,0.009813905
21/12/2009,68.95,0.013579825
18/12/2009,68.02,-0.016476279
17/12/2009,69.15,-0.001300672
16/12/2009,69.24,0.008703275
15/12/2009,68.64,-0.010002258
14/12/2009,69.33,0.022315518
11/12/2009,67.8,0.012616123
10/12/2009,66.95,-0.007440511
09/12/2009,67.45,0.001186768
08/12/2009,67.37,-0.003851857
07/12/2009,67.63,-0.034157815
04/12/2009,69.98,0.017878216
03/12/2009,68.74,-0.002179758
02/12/2009,68.89,0.013444598
01/12/2009,67.97,0.014672364
30/11/2009,66.98,0.048797629
27/11/2009,63.79,-0.033755228
25/11/2009,65.98,0.00151676
24/11/2009,65.88,-0.012370048
23/11/2009,66.7,0.01815481
20/11/2009,65.5,-0.008815987
19/11/2009,66.08,-0.018442685
18/11/2009,67.31,0.020715241
17/11/2009,65.93,-0.023237685
16/11/2009,67.48,0.026580137
13/11/2009,65.71,0.018740948
12/11/2009,64.49,-0.007569357
11/11/2009,64.98,0.02146606
10/11/2009,63.6,0.002834201
09/11/2009,63.42,0.054435207
06/11/2009,60.06,-0.034206755
05/11/2009,62.15,0.030384565
04/11/2009,60.29,-0.023117678
03/11/2009,61.7,0.011574015
02/11/2009,60.99,0.00361367
30/10/2009,60.77,-0.005251941
29/10/2009,61.09,0.064920544
28/10/2009,57.25,-0.061969722
27/10/2009,60.91,-0.023205909
26/10/2009,62.34,-0.005120011
23/10/2009,62.66,-0.009055587
22/10/2009,63.23,0.028555036
21/10/2009,61.45,-0.017102708
20/10/2009,62.51,-0.021836311
19/10/2009,63.89,0.011808371
16/10/2009,63.14,-0.049137028
15/10/2009,66.32,-0.00810937
14/10/2009,66.86,0.038108559
13/10/2009,64.36,-0.01725243
12/10/2009,65.48,-0.002897448
09/10/2009,65.67,0.016737435
08/10/2009,64.58,0.024611321
07/10/2009,63.01,-0.006170417
06/10/2009,63.4,-0.005818999
05/10/2009,63.77,0.03462099
02/10/2009,61.6,-0.004535155
01/10/2009,61.88,-0.057616185
30/09/2009,65.55,-0.00182899
29/09/2009,65.67,-0.024369437
28/09/2009,67.29,0.025435941
25/09/2009,65.6,0.017841138
24/09/2009,64.44,-0.04268246
23/09/2009,67.25,-0.047337525
22/09/2009,70.51,0.033896661
21/09/2009,68.16,-0.034463796
18/09/2009,70.55,0.009399101
17/09/2009,69.89,0.000143092
16/09/2009,69.88,0.051835724
15/09/2009,66.35,0.010453849
14/09/2009,65.66,0.035972871
11/09/2009,63.34,-0.002680333
10/09/2009,63.51,0.020681615
09/09/2009,62.21,0.021282584
08/09/2009,60.9,0.046207296
04/09/2009,58.15,0.012110875
03/09/2009,57.45,0.022532198
02/09/2009,56.17,-0.017646479
01/09/2009,57.17,-0.05793552
31/08/2009,60.58,-0.008874339
28/08/2009,61.12,0.005084896
27/08/2009,60.81,0.017250386
26/08/2009,59.77,0.003519655
25/08/2009,59.56,0.003869128
24/08/2009,59.33,-0.001179146
21/08/2009,59.4,0.020924468
20/08/2009,58.17,0.049331827
19/08/2009,55.37,-0.005762667
18/08/2009,55.69,0.01319495
17/08/2009,54.96,-0.062933795
14/08/2009,58.53,-0.012563832
13/08/2009,59.27,-0.006390873
12/08/2009,59.65,-0.002511512
11/08/2009,59.8,-0.028194102
10/08/2009,61.51,-0.011476728
07/08/2009,62.22,0.05721514
06/08/2009,58.76,-0.025704901
05/08/2009,60.29,0.054362136
04/08/2009,57.1,0.056746425
03/08/2009,53.95,0.019654353
31/07/2009,52.9,-0.011838906
30/07/2009,53.53,0.021526511
29/07/2009,52.39,-0.015342663
28/07/2009,53.2,-0.003003005
27/07/2009,53.36,0.002439254
24/07/2009,53.23,0.002445219
23/07/2009,53.1,0.043493482
22/07/2009,50.84,0.020668462
21/07/2009,49.8,-0.002206399
20/07/2009,49.91,0.045080364
17/07/2009,47.71,-0.010425449
16/07/2009,48.21,0.008750056
15/07/2009,47.79,0.035352915
14/07/2009,46.13,-0.000216755
13/07/2009,46.14,0.056164492
10/07/2009,43.62,-0.001832341
09/07/2009,43.7,-0.005476965
08/07/2009,43.94,-0.007256268
07/07/2009,44.26,-0.055160637
06/07/2009,46.77,0.040581485
02/07/2009,44.91,-0.067997795
01/07/2009,48.07,0.007726884
30/06/2009,47.7,0.024404394
29/06/2009,46.55,-0.007703869
26/06/2009,46.91,-0.007221782
25/06/2009,47.25,0.010638398
24/06/2009,46.75,0.033717169
23/06/2009,45.2,0.02078984
22/06/2009,44.27,-0.066625792
19/06/2009,47.32,0.017265696
18/06/2009,46.51,0.004525382
17/06/2009,46.3,-0.022847156
16/06/2009,47.37,-0.024399083
15/06/2009,48.54,-0.048063941
12/06/2009,50.93,0.040879264
11/06/2009,48.89,-0.017035496
10/06/2009,49.73,-0.022861546
09/06/2009,50.88,0.008883683
08/06/2009,50.43,0.002183624
05/06/2009,50.32,-0.052077963
04/06/2009,53.01,0.05227671
03/06/2009,50.31,0.021091472
02/06/2009,49.26,-0.012507728
01/06/2009,49.88,0.031774567
29/05/2009,48.32,0.023663548
28/05/2009,47.19,0.030334691
27/05/2009,45.78,-0.050473824
26/05/2009,48.15,0.059249659
22/05/2009,45.38,-0.026314446
21/05/2009,46.59,-0.003214403
20/05/2009,46.74,-0.010428955
19/05/2009,47.23,-0.03003354
18/05/2009,48.67,0.079067223
15/05/2009,44.97,-0.045215265
14/05/2009,47.05,0.032619805
13/05/2009,45.54,-0.087413872
12/05/2009,49.7,-0.007017573
11/05/2009,50.05,-0.046265692
08/05/2009,52.42,0.072172828
07/05/2009,48.77,-0.049990416
06/05/2009,51.27,0.054305639
05/05/2009,48.56,-0.035006103
04/05/2009,50.29,0.077708984
01/05/2009,46.53,-0.060257935
30/04/2009,49.42,0.018997609
29/04/2009,48.49,0.037399317
28/04/2009,46.71,0.019674183
27/04/2009,45.8,-0.084533783
24/04/2009,49.84,0.07887298
23/04/2009,46.06,0.046664765
22/04/2009,43.96,-0.042531179
21/04/2009,45.87,0.09915449
20/04/2009,41.54,-0.127101279
17/04/2009,47.17,0.049765836
16/04/2009,44.88,0.045819981
15/04/2009,42.87,0.086947762
14/04/2009,39.3,-0.107724132
13/04/2009,43.77,-0.007057514
09/04/2009,44.08,0.166208872
08/04/2009,37.33,0.020569061
07/04/2009,36.57,-0.094141127
06/04/2009,40.18,-0.036891933
03/04/2009,41.69,0.116644322
02/04/2009,37.1,0.065725209
01/04/2009,34.74,-0.008313076
31/03/2009,35.03,0.092972065
30/03/2009,31.92,-0.0788853
27/03/2009,34.54,-0.083821582
26/03/2009,37.56,0.020985435
25/03/2009,36.78,-0.006504088
24/03/2009,37.02,-0.084396761
23/03/2009,40.28,0.143368239
20/03/2009,34.9,-0.121786473
19/03/2009,39.42,-0.045377811
18/03/2009,41.25,0.072635863
17/03/2009,38.36,0.091667189
16/03/2009,35,-0.072719253
13/03/2009,37.64,-0.038055152
12/03/2009,39.1,0.064709039
11/03/2009,36.65,-0.027185095
10/03/2009,37.66,0.147358434
09/03/2009,32.5,0.023977484
06/03/2009,31.73,0.00759257
05/03/2009,31.49,-0.077866269
04/03/2009,34.04,0.0133079
03/03/2009,33.59,-0.007710596
02/03/2009,33.85,-0.091408392
27/02/2009,37.09,-0.004841322
26/02/2009,37.27,-0.070690741
25/02/2009,40,-0.000749719
24/02/2009,40.03,0.113638501
23/02/2009,35.73,-0.084489308
20/02/2009,38.88,0.052810581
19/02/2009,36.88,-0.043508188
18/02/2009,38.52,0.028170877
17/02/2009,37.45,-0.095916865
13/02/2009,41.22,-0.06253506
12/02/2009,43.88,-0.007944656
11/02/2009,44.23,0.025184481
10/02/2009,43.13,-0.100922209
09/02/2009,47.71,0.01648389
06/02/2009,46.93,0.091184884
05/02/2009,42.84,0.010323883
04/02/2009,42.4,-0.007284723
03/02/2009,42.71,-0.025200733
02/02/2009,43.8,0.011481182
30/01/2009,43.3,-0.0219287
29/01/2009,44.26,-0.066217522
28/01/2009,47.29,0.075524138
27/01/2009,43.85,0.003426617
26/01/2009,43.7,0.007349597
23/01/2009,43.38,0.048167951
22/01/2009,41.34,-0.042851863
21/01/2009,43.15,0.052086437
20/01/2009,40.96,-0.159646155
16/01/2009,48.05,0.036884215
15/01/2009,46.31,-0.002587882
14/01/2009,46.43,-0.071473818
13/01/2009,49.87,0.025796089
12/01/2009,48.6,-0.073564026
09/01/2009,52.31,-0.044676152
08/01/2009,54.7,0.024802308
07/01/2009,53.36,-0.040222114
06/01/2009,55.55,0.054567396
05/01/2009,52.6,
