Date,Close,CNX
04/04/2014,40.3,0.001489943
03/04/2014,40.24,-0.000993542
02/04/2014,40.28,0.020821021
01/04/2014,39.45,-0.012594625
31/03/2014,39.95,0.005018831
28/03/2014,39.75,-0.034614086
27/03/2014,41.15,0.009032162
26/03/2014,40.78,-0.006842646
25/03/2014,41.06,0.012991971
24/03/2014,40.53,-0.004185652
21/03/2014,40.7,0.011863708
20/03/2014,40.22,0.004735211
19/03/2014,40.03,-0.004237823
18/03/2014,40.2,0.011257155
17/03/2014,39.75,0.029616666
14/03/2014,38.59,0.000777706
13/03/2014,38.56,-0.012371292
12/03/2014,39.04,-0.001279918
11/03/2014,39.09,-0.009420821
10/03/2014,39.46,-0.01184042
07/03/2014,39.93,-0.017624882
06/03/2014,40.64,0.020634666
05/03/2014,39.81,-0.01743072
04/03/2014,40.51,0.014420936
03/03/2014,39.93,-0.004248413
28/02/2014,40.1,-0.000249345
27/02/2014,40.11,0.030888532
26/02/2014,38.89,-0.017334107
25/02/2014,39.57,-0.018280214
24/02/2014,40.3,0.015252202
21/02/2014,39.69,-0.005778185
20/02/2014,39.92,0.003261827
19/02/2014,39.79,0.017493157
18/02/2014,39.1,0.017284062
14/02/2014,38.43,0.017058543
13/02/2014,37.78,-0.00237938
12/02/2014,37.87,-0.006579837
11/02/2014,38.12,0.024161536
10/02/2014,37.21,0.019265282
07/02/2014,36.5,-0.016574214
06/02/2014,37.11,0.011927493
05/02/2014,36.67,-0.029026494
04/02/2014,37.75,0.023316077
03/02/2014,36.88,-0.012663513
31/01/2014,37.35,-0.014618201
30/01/2014,37.9,0.009277734
29/01/2014,37.55,-0.002925145
28/01/2014,37.66,0.010946578
27/01/2014,37.25,-0.005888668
24/01/2014,37.47,-0.014045547
23/01/2014,38,-0.023150988
22/01/2014,38.89,0.01842533
21/01/2014,38.18,-0.000785443
17/01/2014,38.21,-0.002091504
16/01/2014,38.29,-0.002608244
15/01/2014,38.39,0.049115823
14/01/2014,36.55,0.003837724
13/01/2014,36.41,-0.006024115
10/01/2014,36.63,0.010152371
09/01/2014,36.26,-0.017496346
08/01/2014,36.9,-0.014260971
07/01/2014,37.43,-0.014850445
06/01/2014,37.99,0.004749349
03/01/2014,37.81,0.003444168
02/01/2014,37.68,-0.009508788
31/12/2013,38.04,0.007387896
30/12/2013,37.76,-0.016546668
27/12/2013,38.39,0.014166029
26/12/2013,37.85,-0.000264166
24/12/2013,37.86,0.009287582
23/12/2013,37.51,-0.00875918
20/12/2013,37.84,-0.014690715
19/12/2013,38.4,0.022117805
18/12/2013,37.56,0.003467132
17/12/2013,37.43,0.004015532
16/12/2013,37.28,0.002686008
13/12/2013,37.18,0.009186771
12/12/2013,36.84,-0.003522562
11/12/2013,36.97,-0.025635583
10/12/2013,37.93,0.022125386
09/12/2013,37.1,0.013841991
06/12/2013,36.59,-0.018682011
05/12/2013,37.28,0.014318764
04/12/2013,36.75,0.00737406
03/12/2013,36.48,0.00881063
02/12/2013,36.16,0.016169853
29/11/2013,35.58,0.003942557
27/11/2013,35.44,0.010209958
26/11/2013,35.08,0.001711841
25/11/2013,35.02,-0.008246883
22/11/2013,35.31,0.021179956
21/11/2013,34.57,0
20/11/2013,34.57,0.0078409
19/11/2013,34.3,-0.00755159
18/11/2013,34.56,-0.040266285
15/11/2013,35.98,0.008372921
14/11/2013,35.68,-0.009484032
13/11/2013,36.02,0.014823373
12/11/2013,35.49,-0.019531871
11/11/2013,36.19,-0.006060625
08/11/2013,36.41,0.01885279
07/11/2013,35.73,-0.006694586
06/11/2013,35.97,-0.02172504
05/11/2013,36.76,-0.026840044
04/11/2013,37.76,0.030109801
01/11/2013,36.64,0.003828279
31/10/2013,36.5,-0.009271951
30/10/2013,36.84,-0.024136329
29/10/2013,37.74,-0.005548964
28/10/2013,37.95,-0.004994096
25/10/2013,38.14,-0.002618488
24/10/2013,38.24,0.013956777
23/10/2013,37.71,-0.017350593
22/10/2013,38.37,0.009952937
21/10/2013,37.99,-0.000263193
18/10/2013,38,0.006071023
17/10/2013,37.77,0.000529661
16/10/2013,37.75,-0.015769052
15/10/2013,38.35,-0.00182363
14/10/2013,38.42,0.006528291
11/10/2013,38.17,0.036823798
10/10/2013,36.79,0.047880005
09/10/2013,35.07,-0.000855066
08/10/2013,35.1,-0.006531331
07/10/2013,35.33,-0.027911385
04/10/2013,36.33,0.025367214
03/10/2013,35.42,0.025448121
02/10/2013,34.53,0.015762148
01/10/2013,33.99,0.010053308
30/09/2013,33.65,0.004467617
27/09/2013,33.5,-0.008027396
26/09/2013,33.77,0.005940023
25/09/2013,33.57,-0.016836906
24/09/2013,34.14,-0.017997583
23/09/2013,34.76,-0.003732955
20/09/2013,34.89,-0.012815212
19/09/2013,35.34,-0.006205944
18/09/2013,35.56,0.03142218
17/09/2013,34.46,0.016089275
16/09/2013,33.91,0.003249154
13/09/2013,33.8,-0.022236141
12/09/2013,34.56,-0.017496503
11/09/2013,35.17,0.019814001
10/09/2013,34.48,-0.006648384
09/09/2013,34.71,0.036976043
06/09/2013,33.45,0.004194134
05/09/2013,33.31,0.019400427
04/09/2013,32.67,0.019160042
03/09/2013,32.05,0.025918012
30/08/2013,31.23,0.000320256
29/08/2013,31.22,-0.028108593
28/08/2013,32.11,0.006561498
27/08/2013,31.9,-0.03632286
26/08/2013,33.08,-0.004524212
23/08/2013,33.23,0.013634509
22/08/2013,32.78,0.04046615
21/08/2013,31.48,-0.007910182
20/08/2013,31.73,0.047766421
19/08/2013,30.25,-0.01639381
16/08/2013,30.75,-0.019005243
15/08/2013,31.34,-0.005727028
14/08/2013,31.52,0.005407998
13/08/2013,31.35,-0.007309742
12/08/2013,31.58,-0.015085138
09/08/2013,32.06,0.039120905
08/08/2013,30.83,0.015032963
07/08/2013,30.37,-0.025358966
06/08/2013,31.15,-0.00416467
05/08/2013,31.28,0.008346758
02/08/2013,31.02,-0.005465373
01/08/2013,31.19,0.005143052
31/07/2013,31.03,0
30/07/2013,31.03,-0.006424693
29/07/2013,31.23,-0.003835096
26/07/2013,31.35,0.027815506
25/07/2013,30.49,0.074536956
24/07/2013,28.3,-0.033017769
23/07/2013,29.25,0.016198872
22/07/2013,28.78,-0.007959897
19/07/2013,29.01,-0.017766098
18/07/2013,29.53,0.028161202
17/07/2013,28.71,0.003838776
16/07/2013,28.6,0.018705327
15/07/2013,28.07,0.014352597
12/07/2013,27.67,-0.020036448
11/07/2013,28.23,0.032034411
10/07/2013,27.34,-0.017763744
09/07/2013,27.83,0.009749129
08/07/2013,27.56,0.038843426
05/07/2013,26.51,-0.001884304
03/07/2013,26.56,-0.020865138
02/07/2013,27.12,-0.014278112
01/07/2013,27.51,0.015015847
28/06/2013,27.1,-0.009182801
27/06/2013,27.35,0.009182801
26/06/2013,27.1,-0.030167652
25/06/2013,27.93,-0.004287252
24/06/2013,28.05,-0.060184135
21/06/2013,29.79,-0.011680426
20/06/2013,30.14,-0.032639973
19/06/2013,31.14,-0.025365976
18/06/2013,31.94,-0.000625978
17/06/2013,31.96,0.00031294
14/06/2013,31.95,-0.015220048
13/06/2013,32.44,0.019611523
12/06/2013,31.81,-0.016833315
11/06/2013,32.35,-0.034632866
10/06/2013,33.49,-0.004171639
07/06/2013,33.63,0.004171639
06/06/2013,33.49,-0.006250951
05/06/2013,33.7,-0.017064256
04/06/2013,34.28,-0.013329667
03/06/2013,34.74,0.001728609
31/05/2013,34.68,-0.021677974
30/05/2013,35.44,0.007079174
29/05/2013,35.19,-0.011021731
28/05/2013,35.58,0.003378382
24/05/2013,35.46,-0.006185007
23/05/2013,35.68,0.011841131
22/05/2013,35.26,-0.005091949
21/05/2013,35.44,0.010780246
20/05/2013,35.06,0.031583097
17/05/2013,33.97,0.009761947
16/05/2013,33.64,-0.009467526
15/05/2013,33.96,0.000294507
14/05/2013,33.95,-0.002941179
13/05/2013,34.05,-0.023223105
10/05/2013,34.85,-0.007432853
09/05/2013,35.11,-0.019182535
08/05/2013,35.79,0.026041664
07/05/2013,34.87,-0.014802434
06/05/2013,35.39,-0.005354388
03/05/2013,35.58,0.019583427
02/05/2013,34.89,0.040953368
01/05/2013,33.49,-0.004468948
30/04/2013,33.64,0.011360361
29/04/2013,33.26,0.022500189
26/04/2013,32.52,-0.014349201
25/04/2013,32.99,-0.011153092
24/04/2013,33.36,0.036634133
23/04/2013,32.16,-0.013895545
22/04/2013,32.61,0.010171146
19/04/2013,32.28,-0.027499441
18/04/2013,33.18,0.05737118
17/04/2013,31.33,-0.031110129
16/04/2013,32.32,0.002788538
15/04/2013,32.23,-0.040735115
12/04/2013,33.57,-0.008896856
11/04/2013,33.87,0.002660755
10/04/2013,33.78,0.0062361
09/04/2013,33.57,0.010179729
08/04/2013,33.23,0.007248597
05/04/2013,32.99,0.030468582
04/04/2013,32,-0.013039614
03/04/2013,32.42,-0.001233046
02/04/2013,32.46,-0.002154178
01/04/2013,32.53,-0.033850316
28/03/2013,33.65,-0.023205623
27/03/2013,34.44,0.029166893
26/03/2013,33.45,-0.006258402
25/03/2013,33.66,0
22/03/2013,33.66,-0.003262646
21/03/2013,33.77,-0.014989259
20/03/2013,34.28,0.005558008
19/03/2013,34.09,-0.020325903
18/03/2013,34.79,0.025620033
15/03/2013,33.91,0.005915427
14/03/2013,33.71,0.0384023
13/03/2013,32.44,-0.00399939
12/03/2013,32.57,-0.004900469
11/03/2013,32.73,0.018813199
08/03/2013,32.12,0.023308142
07/03/2013,31.38,0.032715468
06/03/2013,30.37,0.005282284
05/03/2013,30.21,0.006975614
04/03/2013,30,-0.021108963
01/03/2013,30.64,-0.048106106
28/02/2013,32.15,-0.000621891
27/02/2013,32.17,0.023908028
26/02/2013,31.41,0.007991093
25/02/2013,31.16,-0.042412513
22/02/2013,32.51,-0.004603353
21/02/2013,32.66,-0.008840173
20/02/2013,32.95,-0.042483739
19/02/2013,34.38,0.008764298
15/02/2013,34.08,-0.001173021
14/02/2013,34.12,0.033073177
13/02/2013,33.01,0.007907584
12/02/2013,32.75,-0.000610501
11/02/2013,32.77,0.032250857
08/02/2013,31.73,0.028774364
07/02/2013,30.83,-0.015449293
06/02/2013,31.31,0.010272964
05/02/2013,30.99,0.00647461
04/02/2013,30.79,-0.020572889
01/02/2013,31.43,0.002867614
31/01/2013,31.34,0.006080992
30/01/2013,31.15,-0.021280778
29/01/2013,31.82,0.022565712
28/01/2013,31.11,-0.030703472
25/01/2013,32.08,-0.002801558
24/01/2013,32.17,-0.004032889
23/01/2013,32.3,-0.013530342
22/01/2013,32.74,0.026618718
18/01/2013,31.88,0.041305696
17/01/2013,30.59,0.009855533
16/01/2013,30.29,-0.010182384
15/01/2013,30.6,0.022807136
14/01/2013,29.91,-0.009317871
11/01/2013,30.19,-0.02324544
10/01/2013,30.9,0.002267942
09/01/2013,30.83,-0.01417093
08/01/2013,31.27,-0.01617799
07/01/2013,31.78,-0.020246759
04/01/2013,32.43,0.015537914
03/01/2013,31.93,0.029236274
02/01/2013,31.01,-0.034546297
31/12/2012,32.1,0.010648394
28/12/2012,31.76,-0.014379741
27/12/2012,32.22,-0.010804242
26/12/2012,32.57,-0.003065606
24/12/2012,32.67,-0.014585491
21/12/2012,33.15,-0.015564517
20/12/2012,33.67,-0.010635255
19/12/2012,34.03,-0.007611278
18/12/2012,34.29,0.018246533
17/12/2012,33.67,-0.000890604
14/12/2012,33.7,-0.003258779
13/12/2012,33.81,-0.012929948
12/12/2012,34.25,0.012338582
11/12/2012,33.83,0.016691893
10/12/2012,33.27,0.006937141
07/12/2012,33.04,-0.003625382
06/12/2012,33.16,0.005443013
05/12/2012,32.98,0.047502334
04/12/2012,31.45,-0.002223282
03/12/2012,31.52,0.005407998
30/11/2012,31.35,-0.018957914
29/11/2012,31.95,-0.000625782
28/11/2012,31.97,0.016716996
27/11/2012,31.44,-0.011070807
26/11/2012,31.79,-0.027917446
23/11/2012,32.69,0.012621377
21/11/2012,32.28,0.00217088
20/11/2012,32.21,-0.018456384
19/11/2012,32.81,0.032840622
16/11/2012,31.75,0.019399559
15/11/2012,31.14,-0.038429926
14/11/2012,32.36,-0.015028653
13/11/2012,32.85,-0.007883607
12/11/2012,33.11,0.004844091
09/11/2012,32.95,0.005477798
08/11/2012,32.77,-0.015443153
07/11/2012,33.28,-0.06654597
06/11/2012,35.57,0.000281175
05/11/2012,35.56,0.010175328
02/11/2012,35.2,-0.037087758
01/11/2012,36.53,0.038224768
31/10/2012,35.16,-0.000852879
26/10/2012,35.19,0.022124161
25/10/2012,34.42,-0.006082568
24/10/2012,34.63,-0.027344341
23/10/2012,35.59,-0.027983541
22/10/2012,36.6,0.038718107
19/10/2012,35.21,-0.024408562
18/10/2012,36.08,0.006953164
17/10/2012,35.83,0.029455542
16/10/2012,34.79,0.012436892
15/10/2012,34.36,-0.022446986
12/10/2012,35.14,-0.009629075
11/10/2012,35.48,0.077017413
10/10/2012,32.85,-0.007883607
09/10/2012,33.11,0.042572746
08/10/2012,31.73,0.012048339
05/10/2012,31.35,-0.00095648
04/10/2012,31.38,0.054687058
03/10/2012,29.71,-0.016027054
02/10/2012,30.19,-0.00857525
01/10/2012,30.45,0.013223333
28/09/2012,30.05,-0.004648083
27/09/2012,30.19,0.032657337
26/09/2012,29.22,-0.000342173
25/09/2012,29.23,-0.030325774
24/09/2012,30.13,-0.032971813
21/09/2012,31.14,-0.00224539
20/09/2012,31.21,-0.011785453
19/09/2012,31.58,-0.007256697
18/09/2012,31.81,-0.01187514
17/09/2012,32.19,-0.01938224
14/09/2012,32.82,0.009797996
13/09/2012,32.5,0.037621992
12/09/2012,31.3,0.002559182
11/09/2012,31.22,0.006749182
10/09/2012,31.01,-0.006428823
07/09/2012,31.21,0.067597772
06/09/2012,29.17,0.008261665
05/09/2012,28.93,0.003462607
04/09/2012,28.83,-0.046425413
31/08/2012,30.2,-0.01674641
30/08/2012,30.71,-0.025716621
29/08/2012,31.51,-0.00316857
28/08/2012,31.61,-0.018803437
27/08/2012,32.21,-0.020587607
24/08/2012,32.88,-0.003339915
23/08/2012,32.99,-0.023960415
22/08/2012,33.79,0.010113114
21/08/2012,33.45,0.011727694
20/08/2012,33.06,0.033213385
17/08/2012,31.98,-0.006855745
16/08/2012,32.2,0.009360443
15/08/2012,31.9,0.004713284
14/08/2012,31.75,-0.021191195
13/08/2012,32.43,-0.013476467
10/08/2012,32.87,-0.006368482
09/08/2012,33.08,0.061721051
08/08/2012,31.1,0.011317825
07/08/2012,30.75,0.019041941
06/08/2012,30.17,0.035079482
03/08/2012,29.13,0.045653995
02/08/2012,27.83,-0.065369114
01/08/2012,29.71,0.024877753
31/07/2012,28.98,-0.017445286
30/07/2012,29.49,0.00271647
27/07/2012,29.41,0.03283516
26/07/2012,28.46,0.021307624
25/07/2012,27.86,-0.056180828
24/07/2012,29.47,-0.044466516
23/07/2012,30.81,-0.002916871
20/07/2012,30.9,0.019938559
19/07/2012,30.29,-0.013119244
18/07/2012,30.69,-0.003577821
17/07/2012,30.8,0.011100343
16/07/2012,30.46,-0.038639707
13/07/2012,31.66,0.031117186
12/07/2012,30.69,0.013119244
11/07/2012,30.29,0.0213555
10/07/2012,29.65,-0.023004848
09/07/2012,30.34,-0.023453844
06/07/2012,31.06,-0.003214403
05/07/2012,31.16,-0.00096231
03/07/2012,31.19,0.024339998
02/07/2012,30.44,0.006591982
29/06/2012,30.24,0.031236797
28/06/2012,29.31,0.025221582
27/06/2012,28.58,0.05465055
26/06/2012,27.06,-0.010294209
25/06/2012,27.34,-0.033096546
22/06/2012,28.26,0.006745987
21/06/2012,28.07,-0.041520005
20/06/2012,29.26,0.007547206
19/06/2012,29.04,0.03897281
18/06/2012,27.93,-0.003930682
15/06/2012,28.04,0.01654119
14/06/2012,27.58,0.028688985
13/06/2012,26.8,-0.015182665
12/06/2012,27.21,-0.002202644
11/06/2012,27.27,-0.035306261
08/06/2012,28.25,-0.005295688
07/06/2012,28.4,-0.009462135
06/06/2012,28.67,0.026866232
05/06/2012,27.91,-0.01033693
04/06/2012,28.2,0.001774623
01/06/2012,28.15,0.002489775
31/05/2012,28.08,-0.026705733
30/05/2012,28.84,-0.043758041
29/05/2012,30.13,0.018084887
25/05/2012,29.59,0.000676133
24/05/2012,29.57,-0.025047227
23/05/2012,30.32,0.015622721
22/05/2012,29.85,-0.019572693
21/05/2012,30.44,0.036124329
18/05/2012,29.36,-0.026551719
17/05/2012,30.15,-0.01514183
16/05/2012,30.61,-0.021012572
15/05/2012,31.26,-0.070101235
14/05/2012,33.53,-0.021537932
11/05/2012,34.26,-0.009296987
10/05/2012,34.58,-0.015779986
09/05/2012,35.13,0.028878703
08/05/2012,34.13,0.010307852
07/05/2012,33.78,0.011911993
04/05/2012,33.38,-0.004781838
03/05/2012,33.54,0.008984786
02/05/2012,33.24,-0.025250116
01/05/2012,34.09,0.025250116
30/04/2012,33.24,0.0169907
27/04/2012,32.68,-0.016087765
26/04/2012,33.21,-0.039267037
25/04/2012,34.54,0.029081209
24/04/2012,33.55,0.003284075
23/04/2012,33.44,-0.008338345
20/04/2012,33.72,-0.021127546
19/04/2012,34.44,0.007285476
18/04/2012,34.19,-0.027691415
17/04/2012,35.15,0.032970019
16/04/2012,34.01,0.009156762
13/04/2012,33.7,-0.030681735
12/04/2012,34.75,0.029495495
11/04/2012,33.74,0.000889548
10/04/2012,33.71,0.000296692
09/04/2012,33.7,-0.002962965
05/04/2012,33.8,-0.004722559
04/04/2012,33.96,-0.002646671
03/04/2012,34.05,-0.023510007
02/04/2012,34.86,0.022042656
30/03/2012,34.1,0.007063008
29/03/2012,33.86,0.015776484
28/03/2012,33.33,-0.019608471
27/03/2012,33.99,0.007382287
26/03/2012,33.74,-0.000592593
23/03/2012,33.76,0.024588945
22/03/2012,32.94,-0.045691721
21/03/2012,34.48,-0.002028104
20/03/2012,34.55,-0.010365771
19/03/2012,34.91,0.024943289
16/03/2012,34.05,0.050289084
15/03/2012,32.38,0.020593551
14/03/2012,31.72,-0.028591133
13/03/2012,32.64,0.006763014
12/03/2012,32.42,-0.028881776
09/03/2012,33.37,0.014184635
08/03/2012,32.9,-0.001518603
07/03/2012,32.95,0.001518603
06/03/2012,32.9,-0.013585115
05/03/2012,33.35,-0.017241806
02/03/2012,33.93,-0.038449598
01/03/2012,35.26,-0.01575722
29/02/2012,35.82,-0.013311345
28/02/2012,36.3,-0.000550812
27/02/2012,36.32,-0.000275293
24/02/2012,36.33,0.026779843
23/02/2012,35.37,-0.01124555
22/02/2012,35.77,-0.044293736
21/02/2012,37.39,0.003482924
17/02/2012,37.26,-0.004284956
16/02/2012,37.42,0.014807109
15/02/2012,36.87,0.028333624
14/02/2012,35.84,0
13/02/2012,35.84,-0.005287337
10/02/2012,36.03,-0.034373269
09/02/2012,37.29,0.028561713
08/02/2012,36.24,-0.013702599
07/02/2012,36.74,-0.017002164
06/02/2012,37.37,-0.007995778
03/02/2012,37.67,-0.005031124
02/02/2012,37.86,0.054551579
01/02/2012,35.85,0.003073057
31/01/2012,35.74,-0.013064814
30/01/2012,36.21,-0.006880445
27/01/2012,36.46,0.008815484
26/01/2012,36.14,0.007498994
25/01/2012,35.87,0.033449831
24/01/2012,34.69,0.015688875
23/01/2012,34.15,0.033649148
20/01/2012,33.02,-0.021274211
19/01/2012,33.73,-0.012960417
18/01/2012,34.17,0.023690773
17/01/2012,33.37,-0.028362315
13/01/2012,34.33,-0.061566588
12/01/2012,36.51,0.014067257
11/01/2012,36,-0.033058604
10/01/2012,37.21,-0.012817265
09/01/2012,37.69,-0.023079965
06/01/2012,38.57,-0.001554404
05/01/2012,38.63,-0.018974928
04/01/2012,39.37,0.005859143
03/01/2012,39.14,0.064368207
30/12/2011,36.7,0.015099806
29/12/2011,36.15,-0.015644617
28/12/2011,36.72,-0.019418086
27/12/2011,37.44,-0.016161433
23/12/2011,38.05,-0.008635406
22/12/2011,38.38,0.060966655
21/12/2011,36.11,-0.006349228
20/12/2011,36.34,0.034717932
19/12/2011,35.1,-0.034167423
16/12/2011,36.32,-0.003572905
15/12/2011,36.45,-0.013353516
14/12/2011,36.94,-0.003782766
13/12/2011,37.08,-0.024245227
12/12/2011,37.99,-0.048551978
09/12/2011,39.88,0.035476478
08/12/2011,38.49,-0.043468528
07/12/2011,40.2,-0.014815086
06/12/2011,40.8,-0.002447982
05/12/2011,40.9,0.004410691
02/12/2011,40.72,-0.00465516
01/12/2011,40.91,-0.017686712
30/11/2011,41.64,0.104987013
29/11/2011,37.49,0.003741319
28/11/2011,37.35,0.056733274
25/11/2011,35.29,-0.002547051
23/11/2011,35.38,-0.049086225
22/11/2011,37.16,-0.01310004
21/11/2011,37.65,-0.016333345
18/11/2011,38.27,0.00497709
17/11/2011,38.08,-0.048940213
16/11/2011,39.99,-0.043070028
15/11/2011,41.75,-0.003586376
14/11/2011,41.9,-0.023352872
11/11/2011,42.89,0.021207204
10/11/2011,41.99,0.001907033
09/11/2011,41.91,-0.073579489
08/11/2011,45.11,0.022190757
07/11/2011,44.12,-0.016187404
04/11/2011,44.84,0.013245227
03/11/2011,44.25,0.028422725
02/11/2011,43.01,0.050058115
01/11/2011,40.91,-0.044228554
31/10/2011,42.76,-0.08921117
28/10/2011,46.75,0.033053672
27/10/2011,45.23,0.098188517
26/10/2011,41,0.005870858
25/10/2011,40.76,-0.050237782
24/10/2011,42.86,0.033209883
21/10/2011,41.46,0.025899322
20/10/2011,40.4,-0.001236859
19/10/2011,40.45,-0.015211284
18/10/2011,41.07,0.03392674
17/10/2011,39.7,-0.042412668
14/10/2011,41.42,0.05892098
13/10/2011,39.05,0.002820876
12/10/2011,38.94,0.012663304
11/10/2011,38.45,0.00652318
10/10/2011,38.2,0.058761176
07/10/2011,36.02,-0.024408177
06/10/2011,36.91,0.028860049
05/10/2011,35.86,0.040694191
04/10/2011,34.43,0.082611596
03/10/2011,31.7,-0.067982898
30/09/2011,33.93,-0.031619748
29/09/2011,35.02,-0.016987951
28/09/2011,35.62,-0.063098687
27/09/2011,37.94,0.02050398
26/09/2011,37.17,0.086497898
23/09/2011,34.09,-0.016582198
22/09/2011,34.66,-0.089892393
21/09/2011,37.92,-0.062608257
20/09/2011,40.37,-0.044096291
19/09/2011,42.19,-0.020875626
16/09/2011,43.08,-0.002781643
15/09/2011,43.2,0.016807118
14/09/2011,42.48,0
13/09/2011,42.48,-0.017501322
12/09/2011,43.23,0.002547772
09/09/2011,43.12,-0.017927393
08/09/2011,43.9,-0.037115818
07/09/2011,45.56,0.042826856
06/09/2011,43.65,-0.025558329
02/09/2011,44.78,-0.013530205
01/09/2011,45.39,-0.005930825
31/08/2011,45.66,0.003949972
30/08/2011,45.48,0.01685184
29/08/2011,44.72,0.029731
26/08/2011,43.41,0.013451038
25/08/2011,42.83,0.000700689
24/08/2011,42.8,0.01672792
23/08/2011,42.09,0.035549627
22/08/2011,40.62,-0.026480352
19/08/2011,41.71,-0.020878576
18/08/2011,42.59,0.003999535
17/08/2011,42.42,0.01711882
16/08/2011,41.7,-0.015939436
15/08/2011,42.37,0.04316523
12/08/2011,40.58,-0.002952758
11/08/2011,40.7,0.059212842
10/08/2011,38.36,-0.020385172
09/08/2011,39.15,0.058376194
08/08/2011,36.93,-0.118835525
05/08/2011,41.59,-0.047426728
04/08/2011,43.61,-0.127090147
03/08/2011,49.52,-0.006441246
02/08/2011,49.84,-0.044155117
01/08/2011,52.09,-0.028576076
29/07/2011,53.6,0.002428319
28/07/2011,53.47,0.010528392
27/07/2011,52.91,-0.009967172
26/07/2011,53.44,-0.015596306
25/07/2011,54.28,-0.009899256
22/07/2011,54.82,0.007139618
21/07/2011,54.43,0.004788223
20/07/2011,54.17,0.001662818
19/07/2011,54.08,0.010035394
18/07/2011,53.54,0.022668141
15/07/2011,52.34,0.028094457
14/07/2011,50.89,0.043371584
13/07/2011,48.73,0.013636575
12/07/2011,48.07,-0.014046916
11/07/2011,48.75,-0.030305349
08/07/2011,50.25,-0.012852377
07/07/2011,50.9,0.039063555
06/07/2011,48.95,0.011919582
05/07/2011,48.37,0.000620412
01/07/2011,48.34,-0.002891966
30/06/2011,48.48,0.009533751
29/06/2011,48.02,0.001458789
28/06/2011,47.95,0.01724906
27/06/2011,47.13,0.005531929
24/06/2011,46.87,-0.015665011
23/06/2011,47.61,-0.004401139
22/06/2011,47.82,-0.007292459
21/06/2011,48.17,0.043706574
20/06/2011,46.11,0.005436569
17/06/2011,45.86,-0.00087184
16/06/2011,45.9,-0.011911348
15/06/2011,46.45,-0.038848035
14/06/2011,48.29,0.023890491
13/06/2011,47.15,-0.035010869
10/06/2011,48.83,-0.022677627
09/06/2011,49.95,0.020427447
08/06/2011,48.94,-0.005908136
07/06/2011,49.23,0.003255344
06/06/2011,49.07,-0.023762697
03/06/2011,50.25,0.001792651
02/06/2011,50.16,0.003995211
01/06/2011,49.96,-0.025883101
31/05/2011,51.27,0.010194168
27/05/2011,50.75,0.016890615
26/05/2011,49.9,0.007644374
25/05/2011,49.52,0.027640208
24/05/2011,48.17,0.01253411
23/05/2011,47.57,-0.029617988
20/05/2011,49,0.00593595
19/05/2011,48.71,-0.008992499
18/05/2011,49.15,0.01475739
17/05/2011,48.43,0.014768859
16/05/2011,47.72,0.009474752
13/05/2011,47.27,-0.012613159
12/05/2011,47.87,0.003976981
11/05/2011,47.68,-0.042699426
10/05/2011,49.76,-0.009799099
09/05/2011,50.25,0.022540701
06/05/2011,49.13,0.002649548
05/05/2011,49,-0.040593397
04/05/2011,51.03,-0.023817565
03/05/2011,52.26,-0.03589599
02/05/2011,54.17,0.001477924
29/04/2011,54.09,0.018660739
28/04/2011,53.09,0.040359052
27/04/2011,50.99,0
26/04/2011,50.99,0.003142804
25/04/2011,50.83,-0.008423989
21/04/2011,51.26,0.019701189
20/04/2011,50.26,0.029479219
19/04/2011,48.8,-0.014444357
18/04/2011,49.51,-0.026508777
15/04/2011,50.84,0.011076063
14/04/2011,50.28,-0.003375363
13/04/2011,50.45,0.03140987
12/04/2011,48.89,-0.029227113
11/04/2011,50.34,-0.04239406
08/04/2011,52.52,0.012453461
07/04/2011,51.87,0.017503364
06/04/2011,50.97,-0.03033756
05/04/2011,52.54,-0.007395502
04/04/2011,52.93,-0.003771455
01/04/2011,53.13,-0.009366873
31/03/2011,53.63,0.005984682
30/03/2011,53.31,0.010560158
29/03/2011,52.75,-0.008682576
28/03/2011,53.21,-0.041776247
25/03/2011,55.48,-0.000180229
24/03/2011,55.49,0.000721111
23/03/2011,55.45,0.029836568
22/03/2011,53.82,-0.015852867
21/03/2011,54.68,0.013811103
18/03/2011,53.93,-0.025628348
17/03/2011,55.33,0.054790418
16/03/2011,52.38,0.016943031
15/03/2011,51.5,0.012308449
14/03/2011,50.87,0.045444088
11/03/2011,48.61,0.016385309
10/03/2011,47.82,-0.044579043
09/03/2011,50,-0.017250353
08/03/2011,50.87,0.000393236
07/03/2011,50.85,-0.031552022
04/03/2011,52.48,-0.00399354
03/03/2011,52.69,0.032992285
02/03/2011,50.98,0.02925873
01/03/2011,49.51,-0.02394846
28/02/2011,50.71,0.017907363
25/02/2011,49.81,0.019666118
24/02/2011,48.84,0.004720378
23/02/2011,48.61,0.066336749
22/02/2011,45.49,-0.008754707
18/02/2011,45.89,-0.019422276
17/02/2011,46.79,-0.006603496
16/02/2011,47.1,0.018860396
15/02/2011,46.22,-0.025420572
14/02/2011,47.41,0.008685575
11/02/2011,47,-0.028111774
10/02/2011,48.34,0.012908778
09/02/2011,47.72,-0.034397377
08/02/2011,49.39,0.022937725
07/02/2011,48.27,-0.021722166
04/02/2011,49.33,-0.00727129
03/02/2011,49.69,-0.010609648
02/02/2011,50.22,-0.021472311
01/02/2011,51.31,0.031880732
31/01/2011,49.7,0.03626332
28/01/2011,47.93,-0.010790725
27/01/2011,48.45,-0.061437743
26/01/2011,51.52,0.026752185
25/01/2011,50.16,-0.008338345
24/01/2011,50.58,0.006943783
21/01/2011,50.23,-0.006746057
20/01/2011,50.57,0.012936791
19/01/2011,49.92,-0.025903574
18/01/2011,51.23,-0.009905879
14/01/2011,51.74,-0.043863364
13/01/2011,54.06,0.001110494
12/01/2011,54,0.017937701
11/01/2011,53.04,0.038436707
10/01/2011,51.04,0.002746715
07/01/2011,50.9,0.009276687
06/01/2011,50.43,-0.017104516
05/01/2011,51.3,0.0119621
04/01/2011,50.69,-0.00942477
03/01/2011,51.17,0.048653375
31/12/2010,48.74,-0.001435162
30/12/2010,48.81,0.00246154
29/12/2010,48.69,0.033200669
28/12/2010,47.1,0.009600074
27/12/2010,46.65,-0.002141328
23/12/2010,46.75,0.012700634
22/12/2010,46.16,0.012205906
21/12/2010,45.6,0.030504425
20/12/2010,44.23,0.030298393
17/12/2010,42.91,-0.002327748
16/12/2010,43.01,0.00770222
15/12/2010,42.68,-0.007469689
14/12/2010,43,-0.012709588
13/12/2010,43.55,-0.010052632
10/12/2010,43.99,-0.000454545
09/12/2010,44.01,0.001591814
08/12/2010,43.94,-0.017148435
07/12/2010,44.7,-0.027362696
06/12/2010,45.94,0.011383661
03/12/2010,45.42,0.02203762
02/12/2010,44.43,0.016795674
01/12/2010,43.69,0.040402459
30/11/2010,41.96,-0.019821319
29/11/2010,42.8,0.021013641
26/11/2010,41.91,-0.012802451
24/11/2010,42.45,0.020948159
23/11/2010,41.57,-0.021419191
22/11/2010,42.47,-0.002351836
19/11/2010,42.57,0.036358944
18/11/2010,41.05,0.022168396
17/11/2010,40.15,0.006998279
16/11/2010,39.87,-0.050138879
15/11/2010,41.92,-0.013741036
12/11/2010,42.5,-0.028758939
11/11/2010,43.74,0.036791111
10/11/2010,42.16,0.016984023
09/11/2010,41.45,0.018014119
08/11/2010,40.71,0.035249244
05/11/2010,39.3,0.021865823
04/11/2010,38.45,0.042503077
03/11/2010,36.85,0.004896637
02/11/2010,36.67,-0.006523535
01/11/2010,36.91,0.00407222
29/10/2010,36.76,-0.04416786
28/10/2010,38.42,0.00495761
27/10/2010,38.23,-0.015830096
26/10/2010,38.84,0.008013485
25/10/2010,38.53,-0.012893423
22/10/2010,39.03,0.008232617
21/10/2010,38.71,-0.017160109
20/10/2010,39.38,0.022599832
19/10/2010,38.5,-0.046685291
18/10/2010,40.34,0.003476537
15/10/2010,40.2,0.002490661
14/10/2010,40.1,-0.00074785
13/10/2010,40.13,0.016583295
12/10/2010,39.47,-0.003288229
11/10/2010,39.6,0.004809527
08/10/2010,39.41,0.018179991
07/10/2010,38.7,-0.015130434
06/10/2010,39.29,0.020831408
05/10/2010,38.48,0.023932766
04/10/2010,37.57,-0.019505099
01/10/2010,38.31,0.035874712
30/09/2010,36.96,0.002709295
29/09/2010,36.86,0.02249752
28/09/2010,36.04,0
27/09/2010,36.04,-0.009939342
24/09/2010,36.4,0.019978467
23/09/2010,35.68,-0.002239643
22/09/2010,35.76,0.009271031
21/09/2010,35.43,0.003675955
20/09/2010,35.3,0.013978262
17/09/2010,34.81,-0.013694936
16/09/2010,35.29,0.037239113
15/09/2010,34,-0.01169604
14/09/2010,34.4,-0.010698382
13/09/2010,34.77,0.009536266
10/09/2010,34.44,-0.001160766
09/09/2010,34.48,0.001451168
08/09/2010,34.43,0.016398611
07/09/2010,33.87,-0.010280602
03/09/2010,34.22,0.009100312
02/09/2010,33.91,0.004729539
01/09/2010,33.75,0.047013965
31/08/2010,32.2,0.009360443
30/08/2010,31.9,-0.027212564
27/08/2010,32.78,0.049080017
26/08/2010,31.21,-0.029673894
25/08/2010,32.15,-0.018795808
24/08/2010,32.76,-0.032139724
23/08/2010,33.83,-0.008242614
20/08/2010,34.11,-0.007593494
19/08/2010,34.37,-0.027265285
18/08/2010,35.32,-0.02764381
17/08/2010,36.31,0.006908968
16/08/2010,36.06,-0.007184336
13/08/2010,36.32,-0.007133089
12/08/2010,36.58,-0.001638897
11/08/2010,36.64,-0.042741548
10/08/2010,38.24,-0.01505349
09/08/2010,38.82,-0.002315709
06/08/2010,38.91,-0.000770713
05/08/2010,38.94,-0.006144413
04/08/2010,39.18,0.012843742
03/08/2010,38.68,-0.003097576
02/08/2010,38.8,0.034612789
30/07/2010,37.48,0.019125162
29/07/2010,36.77,-0.048829015
28/07/2010,38.61,0.007539357
27/07/2010,38.32,-0.022194459
26/07/2010,39.18,0.004092077
23/07/2010,39.02,-0.005112486
22/07/2010,39.22,0.040322799
21/07/2010,37.67,0.009066729
20/07/2010,37.33,0.055347917
19/07/2010,35.32,0.006533186
16/07/2010,35.09,-0.040764997
15/07/2010,36.55,-0.003277796
14/07/2010,36.67,-0.011118759
13/07/2010,37.08,0.008939515
12/07/2010,36.75,-0.009209166
09/07/2010,37.09,0.017131622
08/07/2010,36.46,0.013252541
07/07/2010,35.98,0.060728852
06/07/2010,33.86,0.012780676
02/07/2010,33.43,-0.017788788
01/07/2010,34.03,0.007965819
30/06/2010,33.76,-0.017616427
29/06/2010,34.36,-0.054924644
28/06/2010,36.3,-0.029050502
25/06/2010,37.37,0.011844015
24/06/2010,36.93,-0.017447765
23/06/2010,37.58,0.010163233
22/06/2010,37.2,-0.050325084
21/06/2010,39.12,0.000255656
18/06/2010,39.11,0.011314083
17/06/2010,38.67,-0.023512455
16/06/2010,39.59,-0.015787823
15/06/2010,40.22,0.028241917
14/06/2010,39.1,0.005642487
11/06/2010,38.88,0.007745972
10/06/2010,38.58,0.069770779
09/06/2010,35.98,-0.015444322
08/06/2010,36.54,0.055132071
07/06/2010,34.58,-0.016064603
04/06/2010,35.14,-0.076402273
03/06/2010,37.93,0.022125386
02/06/2010,37.1,0.080806701
01/06/2010,34.22,-0.063953897
28/05/2010,36.48,-0.016852804
27/05/2010,37.1,0.05655609
26/05/2010,35.06,0.007156178
25/05/2010,34.81,0.02442692
24/05/2010,33.97,-0.043491375
21/05/2010,35.48,0.050581508
20/05/2010,33.73,-0.066241784
19/05/2010,36.04,-0.041576427
18/05/2010,37.57,-0.030924896
17/05/2010,38.75,-0.036984965
14/05/2010,40.21,-0.0223789
13/05/2010,41.12,0.000729838
12/05/2010,41.09,0.044540264
11/05/2010,39.3,-0.05927661
10/05/2010,41.7,0.084007391
07/05/2010,38.34,-0.026002237
06/05/2010,39.35,-0.045213861
05/05/2010,41.17,-0.026131176
04/05/2010,42.26,-0.052771142
03/05/2010,44.55,-0.00291382
30/04/2010,44.68,-0.006247231
29/04/2010,44.96,0.019313423
28/04/2010,44.1,0.017383786
27/04/2010,43.34,-0.043789438
26/04/2010,45.28,0.006202944
23/04/2010,45,0.031605339
22/04/2010,43.6,0.010374733
21/04/2010,43.15,0.007443626
20/04/2010,42.83,0.002805707
19/04/2010,42.71,0.000936988
16/04/2010,42.67,-0.03929282
15/04/2010,44.38,-0.016979854
14/04/2010,45.14,-0.011672856
13/04/2010,45.67,-0.01283603
12/04/2010,46.26,0.007594699
09/04/2010,45.91,0.020687357
08/04/2010,44.97,-0.005101486
07/04/2010,45.2,-0.01623911
06/04/2010,45.94,0.014691636
05/04/2010,45.27,0.029819494
01/04/2010,43.94,0.029563354
31/03/2010,42.66,0.008947552
30/03/2010,42.28,-0.008947552
29/03/2010,42.66,0.003757637
26/03/2010,42.5,-0.010998122
25/03/2010,42.97,-0.0615961
24/03/2010,45.7,0.018328878
23/03/2010,44.87,0.004019657
22/03/2010,44.69,-0.019060861
19/03/2010,45.55,-0.040444316
18/03/2010,47.43,-0.023956984
17/03/2010,48.58,-0.002261747
16/03/2010,48.69,-0.003280708
15/03/2010,48.85,-0.106322182
12/03/2010,54.33,0.007389651
11/03/2010,53.93,0.004646417
10/03/2010,53.68,0.008230499
09/03/2010,53.24,-0.00878921
08/03/2010,53.71,-0.024642659
05/03/2010,55.05,0.037006998
04/03/2010,53.05,-0.017008166
03/03/2010,53.96,0.002226346
02/03/2010,53.84,0.029211537
01/03/2010,52.29,0.037607939
26/02/2010,50.36,0.015206375
25/02/2010,49.6,0.029046837
24/02/2010,48.18,0.021397922
23/02/2010,47.16,-0.057276209
22/02/2010,49.94,0.000600901
19/02/2010,49.91,0.004820254
18/02/2010,49.67,-0.009218502
17/02/2010,50.13,-0.007353705
16/02/2010,50.5,0.022832957
12/02/2010,49.36,0.017782788
11/02/2010,48.49,0.0570735
10/02/2010,45.8,-0.016028067
09/02/2010,46.54,0.04302683
08/02/2010,44.58,-0.032442435
05/02/2010,46.05,0.015979327
04/02/2010,45.32,-0.080924931
03/02/2010,49.14,-0.01894836
02/02/2010,50.08,0.002198901
01/02/2010,49.97,0.069607715
29/01/2010,46.61,-0.056920001
28/01/2010,49.34,-0.013887714
27/01/2010,50.03,0.00039984
26/01/2010,50.01,0.002201983
25/01/2010,49.9,0.014940718
22/01/2010,49.16,-0.011930179
21/01/2010,49.75,-0.059690103
20/01/2010,52.81,-0.015035051
19/01/2010,53.61,0.013332279
15/01/2010,52.9,-0.017241806
14/01/2010,53.82,-0.013105864
13/01/2010,54.53,0.004226782
12/01/2010,54.3,-0.0149884
11/01/2010,55.12,-0.01958205
08/01/2010,56.21,0.013432637
07/01/2010,55.46,-0.015742722
06/01/2010,56.34,0.032653754
05/01/2010,54.53,0.029402937
04/01/2010,52.95,0.061333088
31/12/2009,49.8,-0.015145766
30/12/2009,50.56,-0.010232281
29/12/2009,51.08,-0.024176789
28/12/2009,52.33,-0.006286334
24/12/2009,52.66,-0.003979916
23/12/2009,52.87,0.048241799
22/12/2009,50.38,0.039681319
21/12/2009,48.42,0.019604382
18/12/2009,47.48,0.030146591
17/12/2009,46.07,-0.009720349
16/12/2009,46.52,0.01254613
15/12/2009,45.94,0.019563213
14/12/2009,45.05,0.021539985
11/12/2009,44.09,-0.016867599
10/12/2009,44.84,0.011438949
09/12/2009,44.33,0.02512695
08/12/2009,43.23,-0.010355633
07/12/2009,43.68,-0.001829827
04/12/2009,43.76,-0.026608109
03/12/2009,44.94,-0.029813694
02/12/2009,46.3,-0.014154214
01/12/2009,46.96,0.022395424
30/11/2009,45.92,0.000653524
27/11/2009,45.89,-0.033640023
25/11/2009,47.46,0.024961296
24/11/2009,46.29,0.021839697
23/11/2009,45.29,-0.015555139
20/11/2009,46,-0.033140393
19/11/2009,47.55,-0.040594839
18/11/2009,49.52,-0.004231744
17/11/2009,49.73,0.018673163
16/11/2009,48.81,0.041197671
13/11/2009,46.84,-0.001919591
12/11/2009,46.93,-0.033937065
11/11/2009,48.55,0.001030397
10/11/2009,48.5,0.016422778
09/11/2009,47.71,0.048308201
06/11/2009,45.46,-0.00614037
05/11/2009,45.74,0.027483999
04/11/2009,44.5,0.00699067
03/11/2009,44.19,0.019191816
02/11/2009,43.35,0.012534983
30/10/2009,42.81,-0.067730688
29/10/2009,45.81,0.044868591
28/10/2009,43.8,-0.050093945
27/10/2009,46.05,-0.008218039
26/10/2009,46.43,-0.021098279
23/10/2009,47.42,-0.032776217
22/10/2009,49,-0.041572733
21/10/2009,51.08,0.006284388
20/10/2009,50.76,-0.006284388
19/10/2009,51.08,0.028394641
16/10/2009,49.65,-0.027219322
15/10/2009,51.02,-0.000587832
14/10/2009,51.05,0.019783039
13/10/2009,50.05,0.006615239
12/10/2009,49.72,0.01153042
09/10/2009,49.15,-0.007297823
08/10/2009,49.51,0.041444958
07/10/2009,47.5,-0.001052078
06/10/2009,47.55,0.043629999
05/10/2009,45.52,0.056021874
02/10/2009,43.04,-0.005560719
01/10/2009,43.28,-0.041413317
30/09/2009,45.11,-0.004644485
29/09/2009,45.32,-0.008568656
28/09/2009,45.71,0.031558174
25/09/2009,44.29,-0.024312561
24/09/2009,45.38,-0.032732954
23/09/2009,46.89,-0.049713886
22/09/2009,49.28,0.04779634
21/09/2009,46.98,0.006406172
18/09/2009,46.68,0.006663109
17/09/2009,46.37,-0.036005584
16/09/2009,48.07,0.057807188
15/09/2009,45.37,0.043700647
14/09/2009,43.43,0.048836216
11/09/2009,41.36,-0.010342846
10/09/2009,41.79,0.016405676
09/09/2009,41.11,0.018660006
08/09/2009,40.35,0.040976901
04/09/2009,38.73,0.042728018
03/09/2009,37.11,0.025656429
02/09/2009,36.17,-0.008259959
01/09/2009,36.47,-0.025448044
31/08/2009,37.41,-0.037255095
28/08/2009,38.83,0.009054518
27/08/2009,38.48,-0.019048195
26/08/2009,39.22,-0.015182478
25/08/2009,39.82,-0.027493992
24/08/2009,40.93,0.011796647
21/08/2009,40.45,0.0401012
20/08/2009,38.86,0.000514801
19/08/2009,38.84,0.010091947
18/08/2009,38.45,0.007832938
17/08/2009,38.15,-0.053335768
14/08/2009,40.24,-0.027694455
13/08/2009,41.37,0.070340511
12/08/2009,38.56,0.017792201
11/08/2009,37.88,-0.01128769
10/08/2009,38.31,0.004709585
07/08/2009,38.13,0.031435726
06/08/2009,36.95,0.002438695
05/08/2009,36.86,-0.008912956
04/08/2009,37.19,-0.005095894
03/08/2009,37.38,0.050758392
31/07/2009,35.53,0.036690845
30/07/2009,34.25,0.022141126
29/07/2009,33.5,-0.032597219
28/07/2009,34.61,-0.006049277
27/07/2009,34.82,0.003164104
24/07/2009,34.71,0.022728251
23/07/2009,33.93,0.038148491
22/07/2009,32.66,-0.021506205
21/07/2009,33.37,-0.051113476
20/07/2009,35.12,0.04246058
17/07/2009,33.66,0.006258402
16/07/2009,33.45,0.050585497
15/07/2009,31.8,0.06328145
14/07/2009,29.85,-0.018257769
13/07/2009,30.4,0.019934215
10/07/2009,29.8,-0.019276104
09/07/2009,30.38,0.01961173
08/07/2009,29.79,0.001343635
07/07/2009,29.75,-0.016667052
06/07/2009,30.25,-0.037311708
02/07/2009,31.4,-0.075721774
01/07/2009,33.87,-0.002653695
30/06/2009,33.96,-0.023283939
29/06/2009,34.76,-0.00287274
26/06/2009,34.86,-0.027445491
25/06/2009,35.83,0.048901809
24/06/2009,34.12,-0.01223435
23/06/2009,34.54,0.045004634
22/06/2009,33.02,-0.109199292
19/06/2009,36.83,0.00927448
18/06/2009,36.49,-0.001916496
17/06/2009,36.56,-0.023784905
16/06/2009,37.44,-0.046192165
15/06/2009,39.21,-0.064203729
12/06/2009,41.81,-0.023636175
11/06/2009,42.81,0.029874199
10/06/2009,41.55,-0.008865519
09/06/2009,41.92,0.044885583
08/06/2009,40.08,-0.008941937
05/06/2009,40.44,-0.024909713
04/06/2009,41.46,0.031857632
03/06/2009,40.16,-0.054276887
02/06/2009,42.4,-0.027220478
01/06/2009,43.57,0.056901929
29/05/2009,41.16,0.016658886
28/05/2009,40.48,0.036990001
27/05/2009,39.01,0.003338044
26/05/2009,38.88,0.034007986
22/05/2009,37.58,0.014473584
21/05/2009,37.04,-0.071617215
20/05/2009,39.79,0.018004797
19/05/2009,39.08,0.035155293
18/05/2009,37.73,0.09268971
15/05/2009,34.39,-0.041019707
14/05/2009,35.83,0.025153227
13/05/2009,34.94,-0.080790964
12/05/2009,37.88,0.013555025
11/05/2009,37.37,-0.066259678
08/05/2009,39.93,0.067598545
07/05/2009,37.32,-0.039921267
06/05/2009,38.84,0.053952798
05/05/2009,36.8,-0.024162249
04/05/2009,37.7,0.114538966
01/05/2009,33.62,0.072142212
30/04/2009,31.28,-0.025565539
29/04/2009,32.09,0.087889975
28/04/2009,29.39,-0.007119881
27/04/2009,29.6,-0.028639986
24/04/2009,30.46,0.042930804
23/04/2009,29.18,0.119240574
22/04/2009,25.9,0.013997118
21/04/2009,25.54,0.038719664
20/04/2009,24.57,-0.075618546
17/04/2009,26.5,-0.013493458
16/04/2009,26.86,-0.009633272
15/04/2009,27.12,-0.026920505
14/04/2009,27.86,0.019206968
13/04/2009,27.33,0.010297995
09/04/2009,27.05,0.038053188
08/04/2009,26.04,0.01119919
07/04/2009,25.75,-0.063202678
06/04/2009,27.43,-0.030163867
03/04/2009,28.27,0.009596662
02/04/2009,28,0.061875404
01/04/2009,26.32,0.041899069
31/03/2009,25.24,-0.017671773
30/03/2009,25.69,-0.094991646
27/03/2009,28.25,-0.047693904
26/03/2009,29.63,0.023908243
25/03/2009,28.93,-0.039978224
24/03/2009,30.11,-0.030741466
23/03/2009,31.05,0.076961041
20/03/2009,28.75,-0.057448227
19/03/2009,30.45,0.068289389
18/03/2009,28.44,0.01024925
17/03/2009,28.15,0.024088887
16/03/2009,27.48,0.053440699
13/03/2009,26.05,-0.043934229
12/03/2009,27.22,0.000735024
11/03/2009,27.2,-0.004768027
10/03/2009,27.33,0.093920732
09/03/2009,24.88,0
06/03/2009,24.88,-0.025789963
05/03/2009,25.53,-0.030474875
04/03/2009,26.32,0.11035439
03/03/2009,23.57,0.042910158
02/03/2009,22.58,-0.187988962
27/02/2009,27.25,-0.014210478
26/02/2009,27.64,0.017518696
25/02/2009,27.16,-0.003308218
24/02/2009,27.25,0.104749082
23/02/2009,24.54,-0.104014867
20/02/2009,27.23,-0.021076362
19/02/2009,27.81,0.007579896
18/02/2009,27.6,-0.010810916
17/02/2009,27.9,-0.122312785
13/02/2009,31.53,0.009880558
12/02/2009,31.22,0.024316322
11/02/2009,30.47,-0.005890069
10/02/2009,30.65,-0.079314622
09/02/2009,33.18,0.002111933
06/02/2009,33.11,0.078181961
05/02/2009,30.62,0.050228167
04/02/2009,29.12,0.019418086
03/02/2009,28.56,0.060996715
02/02/2009,26.87,-0.014410004
30/01/2009,27.26,-0.049034693
29/01/2009,28.63,-0.010769602
28/01/2009,28.94,0.04451459
27/01/2009,27.68,0.063768105
26/01/2009,25.97,0.00579264
23/01/2009,25.82,0.002714758
22/01/2009,25.75,-0.035104711
21/01/2009,26.67,0.081606234
20/01/2009,24.58,-0.074456627
16/01/2009,26.48,0.003783584
15/01/2009,26.38,-0.024711104
14/01/2009,27.04,-0.110524673
13/01/2009,30.2,0.041581113
12/01/2009,28.97,-0.090371277
09/01/2009,31.71,-0.037448287
08/01/2009,32.92,0.048228354
07/01/2009,31.37,-0.153922957
06/01/2009,36.59,0.048148118
05/01/2009,34.87,
