Date,Close,CTL
04/04/2014,33.69,0.005954171
03/04/2014,33.49,0.009299602
02/04/2014,33.18,0.003018415
01/04/2014,33.08,0.007281586
31/03/2014,32.84,0.004884015
28/03/2014,32.68,0.002757777
27/03/2014,32.59,0.009247908
26/03/2014,32.29,0.011838144
25/03/2014,31.91,0.011662859
24/03/2014,31.54,0.006361345
21/03/2014,31.34,-0.000956785
20/03/2014,31.37,0.003832646
19/03/2014,31.25,-0.004788517
18/03/2014,31.4,0.017995344
17/03/2014,30.84,0.007159158
14/03/2014,30.62,0.004254629
13/03/2014,30.49,-0.006212215
12/03/2014,30.68,-0.000325892
11/03/2014,30.69,-0.004551373
10/03/2014,30.83,-0.015768629
07/03/2014,31.32,0.004159341
06/03/2014,31.19,-0.021253774
05/03/2014,31.86,0.010411831
04/03/2014,31.53,0.013410163
03/03/2014,31.11,-0.004810014
28/02/2014,31.26,0.005774799
27/02/2014,31.08,0.009049836
26/02/2014,30.8,-0.010978476
25/02/2014,31.14,-0.001604364
24/02/2014,31.19,0.003211307
21/02/2014,31.09,-0.000964475
20/02/2014,31.12,0.007094515
19/02/2014,30.9,-0.001616815
18/02/2014,30.95,0.009740337
14/02/2014,30.65,-0.003907527
13/02/2014,30.77,0.019029446
12/02/2014,30.19,0.015354107
11/02/2014,29.73,0.027277518
10/02/2014,28.93,0.004851014
07/02/2014,28.79,0.0171663
06/02/2014,28.3,0.001060633
05/02/2014,28.27,0.006387531
04/02/2014,28.09,-0.001422981
03/02/2014,28.13,-0.025619931
31/01/2014,28.86,-0.010341354
30/01/2014,29.16,0.019740901
29/01/2014,28.59,-0.012513198
28/01/2014,28.95,-0.004480449
27/01/2014,29.08,-0.00240426
24/01/2014,29.15,-0.010238997
23/01/2014,29.45,-0.001696353
22/01/2014,29.5,-0.011794576
21/01/2014,29.85,-0.005012542
17/01/2014,30,-0.01093994
16/01/2014,30.33,-0.006572485
15/01/2014,30.53,-0.005227062
14/01/2014,30.69,-0.00584797
13/01/2014,30.87,-0.004847319
10/01/2014,31.02,0.007442196
09/01/2014,30.79,-0.014509363
08/01/2014,31.24,-0.005426989
07/01/2014,31.41,-0.008243547
06/01/2014,31.67,0.00221274
03/01/2014,31.6,-0.001581028
02/01/2014,31.65,-0.006299233
31/12/2013,31.85,-0.003447739
30/12/2013,31.96,-0.001563233
27/12/2013,32.01,0.005010972
26/12/2013,31.85,0.005036208
24/12/2013,31.69,0.010467978
23/12/2013,31.36,0.0102565
20/12/2013,31.04,-0.0102565
19/12/2013,31.36,-0.015190165
18/12/2013,31.84,0.012642393
17/12/2013,31.44,0.015707968
16/12/2013,30.95,0.007133623
13/12/2013,30.73,-0.000975768
12/12/2013,30.76,0.00162681
11/12/2013,30.71,-0.025716621
10/12/2013,31.51,-0.000317309
09/12/2013,31.52,0.014379542
06/12/2013,31.07,0.013610061
05/12/2013,30.65,-0.006179886
04/12/2013,30.84,0.01535727
03/12/2013,30.37,0.002307567
02/12/2013,30.3,-0.013114942
29/11/2013,30.7,-0.000651254
27/11/2013,30.72,0.001302932
26/11/2013,30.68,-0.000651678
25/11/2013,30.7,0.000977676
22/11/2013,30.67,-0.013279547
21/11/2013,31.08,-0.022901764
20/11/2013,31.8,-0.006582064
19/11/2013,32.01,-0.005607491
18/11/2013,32.19,0.002799815
15/11/2013,32.1,0.008132669
14/11/2013,31.84,0.011370937
13/11/2013,31.48,0.001589573
12/11/2013,31.43,-0.002542105
11/11/2013,31.51,0.005728851
08/11/2013,31.33,-0.015204601
07/11/2013,31.81,-0.06333928
06/11/2013,33.89,0.015163067
05/11/2013,33.38,-0.011319751
04/11/2013,33.76,0.005346018
01/11/2013,33.58,-0.008303725
31/10/2013,33.86,0.009793816
30/10/2013,33.53,-0.008316056
29/10/2013,33.81,0.008614341
28/10/2013,33.52,0.007486186
25/10/2013,33.27,0.001503986
24/10/2013,33.22,-0.00510435
23/10/2013,33.39,-0.000898069
22/10/2013,33.42,0.012950038
21/10/2013,32.99,-0.000606061
18/10/2013,33.01,-0.007244221
17/10/2013,33.25,0.009974391
16/10/2013,32.92,0.011917635
15/10/2013,32.53,-0.00460053
14/10/2013,32.68,-0.016388834
11/10/2013,33.22,-0.003605773
10/10/2013,33.34,0.035102032
09/10/2013,32.19,0.02867693
08/10/2013,31.28,-0.004147398
07/10/2013,31.41,0.006708219
04/10/2013,31.2,0.000320564
03/10/2013,31.19,-0.013375996
02/10/2013,31.61,-0.00473411
01/10/2013,31.76,0.012036889
30/09/2013,31.38,-0.012666414
27/09/2013,31.78,-0.010330347
26/09/2013,32.11,0.003431605
25/09/2013,32,-0.005298438
24/09/2013,32.17,-0.002173576
23/09/2013,32.24,-0.001239926
20/09/2013,32.28,-0.013232998
19/09/2013,32.71,0.004903473
18/09/2013,32.55,0.003693448
17/09/2013,32.43,0.004945914
16/09/2013,32.27,-0.002166848
13/09/2013,32.34,-0.001236094
12/09/2013,32.38,-0.006464545
11/09/2013,32.59,-0.000920104
10/09/2013,32.62,0.01856489
09/09/2013,32.02,0.003754698
06/09/2013,31.9,-0.007184163
05/09/2013,32.13,-0.011449916
04/09/2013,32.5,-0.012536474
03/09/2013,32.91,-0.006360767
30/08/2013,33.12,0.000604047
29/08/2013,33.1,0.011852441
28/08/2013,32.71,-0.007006883
27/08/2013,32.94,-0.006053287
26/08/2013,33.14,-0.004816385
23/08/2013,33.3,0.021858794
22/08/2013,32.58,0.00801237
21/08/2013,32.32,-0.00801237
20/08/2013,32.58,0.000614062
19/08/2013,32.56,-0.010995835
16/08/2013,32.92,-0.016569139
15/08/2013,33.47,-0.007738134
14/08/2013,33.73,-0.004437221
13/08/2013,33.88,-0.005885832
12/08/2013,34.08,0.005590716
09/08/2013,33.89,-0.013773111
08/08/2013,34.36,-0.057400915
07/08/2013,36.39,0.005787532
06/08/2013,36.18,0.002490661
05/08/2013,36.09,-0.000554017
02/08/2013,36.11,-0.005798718
01/08/2013,36.32,0.013024987
31/07/2013,35.85,0.003632811
30/07/2013,35.72,-0.011966193
29/07/2013,36.15,0.003325024
26/07/2013,36.03,0.005566393
25/07/2013,35.83,-0.00111576
24/07/2013,35.87,-0.00194959
23/07/2013,35.94,0.000556638
22/07/2013,35.92,-0.001668985
19/07/2013,35.98,0.004736045
18/07/2013,35.81,-0.008342651
17/07/2013,36.11,-0.004421118
16/07/2013,36.27,0.000827472
15/07/2013,36.24,0
12/07/2013,36.24,0.006366804
11/07/2013,36.01,0.015391377
10/07/2013,35.46,0.001976006
09/07/2013,35.39,0.001130902
08/07/2013,35.35,-0.002542733
05/07/2013,35.44,0.004808381
03/07/2013,35.27,0.000850943
02/07/2013,35.24,0.002557183
01/07/2013,35.15,-0.005673774
28/06/2013,35.35,0.002265648
27/06/2013,35.27,0.011979607
26/06/2013,34.85,-0.003151414
25/06/2013,34.96,0.028138187
24/06/2013,33.99,-0.005574314
21/06/2013,34.18,0.001463915
20/06/2013,34.13,-0.034555698
19/06/2013,35.33,-0.02543102
18/06/2013,36.24,0.006922359
17/06/2013,35.99,-0.001388311
14/06/2013,36.04,0.003056832
13/06/2013,35.93,0.015143307
12/06/2013,35.39,-0.002821672
11/06/2013,35.49,-0.003656311
10/06/2013,35.62,0.005348359
07/06/2013,35.43,-0.001973778
06/06/2013,35.5,0.016186638
05/06/2013,34.93,0.004878758
04/06/2013,34.76,0.00837792
03/06/2013,34.47,0.009326795
31/05/2013,34.15,-0.031135406
30/05/2013,35.23,-0.026332054
29/05/2013,36.17,-0.024577971
28/05/2013,37.07,-0.005380696
24/05/2013,37.27,-0.004283808
23/05/2013,37.43,0.011014215
22/05/2013,37.02,-0.005656581
21/05/2013,37.23,-0.010686717
20/05/2013,37.63,-0.001062417
17/05/2013,37.67,0.005857312
16/05/2013,37.45,-0.01062427
15/05/2013,37.85,0.00291044
14/05/2013,37.74,0.00159109
13/05/2013,37.68,0.001593626
10/05/2013,37.62,0.010152371
09/05/2013,37.24,-0.001609874
08/05/2013,37.3,0.006455106
07/05/2013,37.06,0.000269869
06/05/2013,37.05,-0.002426204
03/05/2013,37.14,0.002696146
02/05/2013,37.04,-0.004041498
01/05/2013,37.19,-0.010165952
30/04/2013,37.57,0.00319915
29/04/2013,37.45,0.008042939
26/04/2013,37.15,-0.010176842
25/04/2013,37.53,0.011523644
24/04/2013,37.1,-0.021070255
23/04/2013,37.89,0.014354313
22/04/2013,37.35,0.004830927
19/04/2013,37.17,0.008646366
18/04/2013,36.85,0.002445321
17/04/2013,36.76,-0.010822616
16/04/2013,37.16,0.012728676
15/04/2013,36.69,-0.014342013
12/04/2013,37.22,-0.001074114
11/04/2013,37.26,0.008354718
10/04/2013,36.95,0.016371443
09/04/2013,36.35,0.005240668
08/04/2013,36.16,0.0013837
05/04/2013,36.11,0.002495496
04/04/2013,36.02,0.02701346
03/04/2013,35.06,-0.00341686
02/04/2013,35.18,0.009137699
01/04/2013,34.86,-0.007715426
28/03/2013,35.13,0.000284698
27/03/2013,35.12,-0.002275314
26/03/2013,35.2,0.005983776
25/03/2013,34.99,-0.001142531
22/03/2013,35.03,0.01553541
21/03/2013,34.49,-0.002606053
20/03/2013,34.58,0.009588916
19/03/2013,34.25,0.001460921
18/03/2013,34.2,-0.004958447
15/03/2013,34.37,-0.010995481
14/03/2013,34.75,0.000863682
13/03/2013,34.72,0.004329636
12/03/2013,34.57,0.004057977
11/03/2013,34.43,0.001162453
08/03/2013,34.39,-0.004062687
07/03/2013,34.53,-0.030517126
06/03/2013,35.6,0.010447646
05/03/2013,35.23,0.003412002
04/03/2013,35.11,0.006285735
01/03/2013,34.89,0.006325496
28/02/2013,34.67,0.004625623
27/02/2013,34.51,0.011072374
26/02/2013,34.13,0.001172677
25/02/2013,34.09,-0.016004998
22/02/2013,34.64,0.010738748
21/02/2013,34.27,0.009970757
20/02/2013,33.93,-0.006170139
19/02/2013,34.14,0.033356279
15/02/2013,33.02,0.022975432
14/02/2013,32.27,-0.256123286
13/02/2013,41.69,-0.001677652
12/02/2013,41.76,0.006004582
11/02/2013,41.51,0.003620132
08/02/2013,41.36,0.004604394
07/02/2013,41.17,0.009027754
06/02/2013,40.8,0.005653204
05/02/2013,40.57,-0.008345655
04/02/2013,40.91,-0.005849395
01/02/2013,41.15,0.017157284
31/01/2013,40.45,0.001236859
30/01/2013,40.4,-0.008135137
29/01/2013,40.73,0.011606501
28/01/2013,40.26,0.003234236
25/01/2013,40.13,0.00074785
24/01/2013,40.1,-0.00621506
23/01/2013,40.35,-0.000743218
22/01/2013,40.38,0.008955284
18/01/2013,40.02,0.008028141
17/01/2013,39.7,0.003027248
16/01/2013,39.58,-0.005291684
15/01/2013,39.79,-0.0070123
14/01/2013,40.07,-0.006219699
11/01/2013,40.32,0.003478264
10/01/2013,40.18,0.008748962
09/01/2013,39.83,0.002513827
08/01/2013,39.73,-0.010017614
07/01/2013,40.13,0.005497265
04/01/2013,39.91,0.003765537
03/01/2013,39.76,-0.010507978
02/01/2013,40.18,0.026735514
31/12/2012,39.12,0.014418375
28/12/2012,38.56,-0.010320009
27/12/2012,38.96,-0.004353957
26/12/2012,39.13,-0.003826047
24/12/2012,39.28,-0.00025455
21/12/2012,39.29,-0.011639808
20/12/2012,39.75,0
19/12/2012,39.75,-0.010012599
18/12/2012,40.15,0.017081551
17/12/2012,39.47,0.010441964
14/12/2012,39.06,0.003590668
13/12/2012,38.92,-0.003846652
12/12/2012,39.07,0.012880137
11/12/2012,38.57,0.01409945
10/12/2012,38.03,0.002369357
07/12/2012,37.94,-0.023187179
06/12/2012,38.83,-0.001286836
05/12/2012,38.88,-0.010235504
04/12/2012,39.28,0.002549071
03/12/2012,39.18,0.008715769
30/11/2012,38.84,0.003611043
29/11/2012,38.7,0.0038835
28/11/2012,38.55,0.000778513
27/11/2012,38.52,0.003120127
26/11/2012,38.4,-0.003120127
23/11/2012,38.52,0.018075148
21/11/2012,37.83,-0.006324132
20/11/2012,38.07,0.004211641
19/11/2012,37.91,0.010074316
16/11/2012,37.53,-0.004784698
15/11/2012,37.71,-0.011600446
14/11/2012,38.15,-0.016378892
13/11/2012,38.78,-0.003603608
12/11/2012,38.92,0.002830312
09/11/2012,38.81,-0.011018689
08/11/2012,39.24,0.035273366
07/11/2012,37.88,-0.015975199
06/11/2012,38.49,0.001560063
05/11/2012,38.43,0.002605525
02/11/2012,38.33,-0.004425362
01/11/2012,38.5,0.003121751
31/10/2012,38.38,-0.004678979
26/10/2012,38.56,-0.003107201
25/10/2012,38.68,0.000517197
24/10/2012,38.66,0.01040051
23/10/2012,38.26,-0.007810506
22/10/2012,38.56,-0.010320009
19/10/2012,38.96,-0.009960496
18/10/2012,39.35,0.000508388
17/10/2012,39.33,0.009965586
16/10/2012,38.94,0.003859518
15/10/2012,38.79,-0.006936444
12/10/2012,39.06,-0.003067487
11/10/2012,39.18,-0.010157528
10/10/2012,39.58,0.002276465
09/10/2012,39.49,-0.005051791
08/10/2012,39.69,-0.003270032
05/10/2012,39.82,0.004278351
04/10/2012,39.65,-0.005783997
03/10/2012,39.88,0.010334055
02/10/2012,39.47,0.006354069
01/10/2012,39.22,-0.029642964
28/09/2012,40.4,-0.010342372
27/09/2012,40.82,-0.009993989
26/09/2012,41.23,-0.017073879
25/09/2012,41.94,-0.003807715
24/09/2012,42.1,0.005000606
21/09/2012,41.89,-0.008793877
20/09/2012,42.26,0.001894837
19/09/2012,42.18,-0.006380738
18/09/2012,42.45,0.008754344
17/09/2012,42.08,-0.006867996
14/09/2012,42.37,-0.012664334
13/09/2012,42.91,0.007250646
12/09/2012,42.6,0.005649733
11/09/2012,42.36,0.011396135
10/09/2012,41.88,-0.001193175
07/09/2012,41.93,-0.024035087
06/09/2012,42.95,0.005837728
05/09/2012,42.7,-0.000702329
04/09/2012,42.73,0.011060237
31/08/2012,42.26,0.004268444
30/08/2012,42.08,-0.007103984
29/08/2012,42.38,0.009721475
28/08/2012,41.97,0.000238294
27/08/2012,41.96,-0.007124229
24/08/2012,42.26,0.014059567
23/08/2012,41.67,0.003847083
22/08/2012,41.51,0.001205255
21/08/2012,41.46,-0.005532185
20/08/2012,41.69,-0.008835878
17/08/2012,42.06,0.001665676
16/08/2012,41.99,-0.007119157
15/08/2012,42.29,-0.010584598
14/08/2012,42.74,-0.002570395
13/08/2012,42.85,0.001634941
10/08/2012,42.78,0.005625894
09/08/2012,42.54,0.012299114
08/08/2012,42.02,0.004053898
07/08/2012,41.85,0.002152853
06/08/2012,41.76,0.000479042
03/08/2012,41.74,0.001678456
02/08/2012,41.67,-0.010741242
01/08/2012,42.12,0.013865869
31/07/2012,41.54,0.004100838
30/07/2012,41.37,0.000967352
27/07/2012,41.33,0.011681807
26/07/2012,40.85,0.012563289
25/07/2012,40.34,-0.006917024
24/07/2012,40.62,-0.009799196
23/07/2012,41.02,-0.011151631
20/07/2012,41.48,-0.00264837
19/07/2012,41.59,0.019913237
18/07/2012,40.77,-0.024471239
17/07/2012,41.78,0.01762692
16/07/2012,41.05,0.007825914
13/07/2012,40.73,0.015837995
12/07/2012,40.09,0.004249475
11/07/2012,39.92,0.013873346
10/07/2012,39.37,-0.003802768
09/07/2012,39.52,0.004056801
06/07/2012,39.36,-0.000508001
05/07/2012,39.38,-0.007841194
03/07/2012,39.69,0.000756144
02/07/2012,39.66,0.004295648
29/06/2012,39.49,0.017627229
28/06/2012,38.8,0.005427071
27/06/2012,38.59,0.007543279
26/06/2012,38.3,0.003924138
25/06/2012,38.15,-0.012762252
22/06/2012,38.64,0.003889542
21/06/2012,38.49,-0.009566977
20/06/2012,38.86,-0.004877432
19/06/2012,39.05,0.010037403
18/06/2012,38.66,0.007268983
15/06/2012,38.38,0.017611179
14/06/2012,37.71,0.010395935
13/06/2012,37.32,-0.001606426
12/06/2012,37.38,-0.005336192
11/06/2012,37.58,0.003999472
08/06/2012,37.43,0.008047254
07/06/2012,37.13,-0.005372025
06/06/2012,37.33,-0.006674701
05/06/2012,37.58,0.004266673
04/06/2012,37.42,0.009936969
01/06/2012,37.05,-0.056918469
31/05/2012,39.22,-0.000764623
30/05/2012,39.25,-0.002290369
29/05/2012,39.34,0.010219813
25/05/2012,38.94,0.0061824
24/05/2012,38.7,-0.00206505
23/05/2012,38.78,0.006727063
22/05/2012,38.52,-0.004920378
21/05/2012,38.71,0.003104789
18/05/2012,38.59,0.005456685
17/05/2012,38.38,-0.006233786
16/05/2012,38.62,-0.0002589
15/05/2012,38.63,-0.013371246
14/05/2012,39.15,-0.00940645
11/05/2012,39.52,-0.000253004
10/05/2012,39.53,0.036320799
09/05/2012,38.12,-0.001310788
08/05/2012,38.17,-0.009646796
07/05/2012,38.54,0.001817946
04/05/2012,38.47,-0.007252039
03/05/2012,38.75,-0.002319888
02/05/2012,38.84,-0.00385456
01/05/2012,38.99,0.011089733
30/04/2012,38.56,-0.001036807
27/04/2012,38.6,0.003893581
26/04/2012,38.45,0.010983374
25/04/2012,38.03,0.002369357
24/04/2012,37.94,0.004226102
23/04/2012,37.78,-0.008959217
20/04/2012,38.12,0.001312508
19/04/2012,38.07,-0.008630889
18/04/2012,38.4,-0.003639203
17/04/2012,38.54,0.011219948
16/04/2012,38.11,0.000524934
13/04/2012,38.09,-0.009926936
12/04/2012,38.47,0.009139638
11/04/2012,38.12,0.004996723
10/04/2012,37.93,-0.011012172
09/04/2012,38.35,-0.004423059
05/04/2012,38.52,-0.001556421
04/04/2012,38.58,-0.002847161
03/04/2012,38.69,-0.001033325
02/04/2012,38.73,0.002067718
30/03/2012,38.65,0.000258766
29/03/2012,38.64,-0.000258766
28/03/2012,38.65,-0.01208707
27/03/2012,39.12,-0.001021972
26/03/2012,39.16,0.005120339
23/03/2012,38.96,-0.003586988
22/03/2012,39.1,-0.010684406
21/03/2012,39.52,0.00940645
20/03/2012,39.15,-0.005603683
19/03/2012,39.37,0.007393278
16/03/2012,39.08,-0.003320989
15/03/2012,39.21,0.00025507
14/03/2012,39.2,-0.004073325
13/03/2012,39.36,0.009701378
12/03/2012,38.98,-0.001025641
09/03/2012,39.02,0.007718073
08/03/2012,38.72,0.000775094
07/03/2012,38.69,0.002069858
06/03/2012,38.61,-0.001552795
05/03/2012,38.67,-0.009266476
02/03/2012,39.03,-0.022045743
01/03/2012,39.9,-0.00873368
29/02/2012,40.25,-0.003719781
28/02/2012,40.4,0.009950331
27/02/2012,40,0.002002003
24/02/2012,39.92,0.01285786
23/02/2012,39.41,0.003049558
22/02/2012,39.29,-0.003556914
21/02/2012,39.43,0.004320759
17/02/2012,39.26,0.021888346
16/02/2012,38.41,0.015215404
15/02/2012,37.83,0.000264375
14/02/2012,37.82,-0.006851147
13/02/2012,38.08,0.001576873
10/02/2012,38.02,0.000526177
09/02/2012,38,0.002898935
08/02/2012,37.89,0.010612994
07/02/2012,37.49,0.010187756
06/02/2012,37.11,-0.007784229
03/02/2012,37.4,0.007784229
02/02/2012,37.11,-0.010721089
01/02/2012,37.51,0.012879169
31/01/2012,37.03,0.001621622
30/01/2012,36.97,-0.007813592
27/01/2012,37.26,0.002956594
26/01/2012,37.15,-0.010176842
25/01/2012,37.53,0.015845638
24/01/2012,36.94,-0.017177019
23/01/2012,37.58,-0.00979751
20/01/2012,37.95,0.012728891
19/01/2012,37.47,0.000266916
18/01/2012,37.46,0.01343745
17/01/2012,36.96,0.010061268
13/01/2012,36.59,-0.001365561
12/01/2012,36.64,0.000819113
11/01/2012,36.61,-0.010055799
10/01/2012,36.98,0.004064496
09/01/2012,36.83,-0.005145577
06/01/2012,37.02,0.00568876
05/01/2012,36.81,-0.007577844
04/01/2012,37.09,-0.006449901
03/01/2012,37.33,0.003488532
30/12/2011,37.2,0.000268853
29/12/2011,37.19,0.014080926
28/12/2011,36.67,-0.013273932
27/12/2011,37.16,0.001615944
23/12/2011,37.1,0.005676458
22/12/2011,36.89,0.009532961
21/12/2011,36.54,0.017391743
20/12/2011,35.91,0.027669749
19/12/2011,34.93,-0.009403118
16/12/2011,35.26,-0.001133787
15/12/2011,35.3,-0.001415428
14/12/2011,35.35,-0.003106908
13/12/2011,35.46,-0.006465237
12/12/2011,35.69,-0.000840219
09/12/2011,35.72,0.001120448
08/12/2011,35.68,-0.012809977
07/12/2011,36.14,-0.001658834
06/12/2011,36.2,0.004984779
05/12/2011,36.02,0.015105182
02/12/2011,35.48,-0.040055071
01/12/2011,36.93,-0.015849895
30/11/2011,37.52,0.03167992
29/11/2011,36.35,0.000550358
28/11/2011,36.33,0.017493157
25/11/2011,35.7,0.005617992
23/11/2011,35.5,-0.026134376
22/11/2011,36.44,-0.012544479
21/11/2011,36.9,-0.009440394
18/11/2011,37.25,0.008086297
17/11/2011,36.95,-0.008086297
16/11/2011,37.25,-0.008820049
15/11/2011,37.58,0.000266134
14/11/2011,37.57,-0.006896579
11/11/2011,37.83,0.009828742
10/11/2011,37.46,0.0188634
09/11/2011,36.76,-0.020996734
08/11/2011,37.54,0.026725845
07/11/2011,36.55,0.008793681
04/11/2011,36.23,-0.010160736
03/11/2011,36.6,0.05764069
02/11/2011,34.55,0.000289477
01/11/2011,34.54,-0.020631104
31/10/2011,35.26,-0.019658033
28/10/2011,35.96,0.005018132
27/10/2011,35.78,0.033824455
26/10/2011,34.59,0.0136809
25/10/2011,34.12,-0.022029876
24/10/2011,34.88,-0.008848352
21/10/2011,35.19,0.012007005
20/10/2011,34.77,0.003745862
19/10/2011,34.64,-0.001730603
18/10/2011,34.7,0.010720079
17/10/2011,34.33,-0.007834075
14/10/2011,34.6,0.008416825
13/10/2011,34.31,-0.002038143
12/10/2011,34.38,0.025332724
11/10/2011,33.52,-0.000596481
10/10/2011,33.54,0.022615166
07/10/2011,32.79,0.015675747
06/10/2011,32.28,0.001239926
05/10/2011,32.24,0.002173576
04/10/2011,32.17,0.001866833
03/10/2011,32.11,-0.030969821
30/09/2011,33.12,-0.017953804
29/09/2011,33.72,0.00386273
28/09/2011,33.59,-0.0133079
27/09/2011,34.04,0.00146994
26/09/2011,33.99,0.018409071
23/09/2011,33.37,0.014488633
22/09/2011,32.89,-0.016883126
21/09/2011,33.45,-0.034957297
20/09/2011,34.64,0
19/09/2011,34.64,-0.009481467
16/09/2011,34.97,0.020803986
15/09/2011,34.25,-0.01189972
14/09/2011,34.66,0.000577201
13/09/2011,34.64,0.037951311
12/09/2011,33.35,0.008431245
09/09/2011,33.07,-0.018277662
08/09/2011,33.68,-0.00503481
07/09/2011,33.85,0.018485917
06/09/2011,33.23,-0.027309504
02/09/2011,34.15,-0.004674271
01/09/2011,34.31,-0.052240092
31/08/2011,36.15,0.022095711
30/08/2011,35.36,-0.001695395
29/08/2011,35.42,0.028057953
26/08/2011,34.44,0.000290402
25/08/2011,34.43,-0.012698583
24/08/2011,34.87,0.01153748
23/08/2011,34.47,0.014023017
22/08/2011,33.99,0.008568526
19/08/2011,33.7,-0.010919394
18/08/2011,34.07,-0.035748978
17/08/2011,35.31,0.02669121
16/08/2011,34.38,-0.01730147
15/08/2011,34.98,0.010633812
12/08/2011,34.61,0.004343427
11/08/2011,34.46,0.031842313
10/08/2011,33.38,-0.014867952
09/08/2011,33.88,0.062729847
08/08/2011,31.82,-0.05799611
05/08/2011,33.72,0.014036366
04/08/2011,33.25,-0.041531517
03/08/2011,34.66,-0.063437945
02/08/2011,36.93,-0.001893684
01/08/2011,37,-0.002968562
29/07/2011,37.11,-0.003496977
28/07/2011,37.24,-0.010152371
27/07/2011,37.62,-0.017130476
26/07/2011,38.27,0.008396796
25/07/2011,37.95,-0.01853597
22/07/2011,38.66,0.010139174
21/07/2011,38.27,0.013415958
20/07/2011,37.76,-0.004755623
19/07/2011,37.94,0.002903526
18/07/2011,37.83,-0.015475719
15/07/2011,38.42,-0.003118506
14/07/2011,38.54,-0.006207987
13/07/2011,38.78,-0.01357429
12/07/2011,39.31,-0.003808561
11/07/2011,39.46,-0.021312077
08/07/2011,40.31,-0.009874185
07/07/2011,40.71,-0.004900769
06/07/2011,40.91,-0.002197535
05/07/2011,41,-0.00073144
01/07/2011,41.03,0.014731423
30/06/2011,40.43,0.004213663
29/06/2011,40.26,0.011491508
28/06/2011,39.8,0.004280505
27/06/2011,39.63,0.01193059
24/06/2011,39.16,-0.013947227
23/06/2011,39.71,-0.007026378
22/06/2011,39.99,-0.001748907
21/06/2011,40.06,0.011549212
20/06/2011,39.6,0.003795071
17/06/2011,39.45,-0.001772826
16/06/2011,39.52,0.004819286
15/06/2011,39.33,-0.019638093
14/06/2011,40.11,0.006503275
13/06/2011,39.85,-0.006004521
10/06/2011,40.09,-0.019758608
09/06/2011,40.89,0.0076102
08/06/2011,40.58,0.005931802
07/06/2011,40.34,-0.009866878
06/06/2011,40.74,-0.012683097
03/06/2011,41.26,-0.010847401
02/06/2011,41.71,-0.022989518
01/06/2011,42.68,-0.011878561
31/05/2011,43.19,0.00371144
27/05/2011,43.03,0.001860898
26/05/2011,42.95,0.008886869
25/05/2011,42.57,-0.009585111
24/05/2011,42.98,-0.00162734
23/05/2011,43.05,-0.003478264
20/05/2011,43.2,-0.003696862
19/05/2011,43.36,0.008337241
18/05/2011,43,0.007001195
17/05/2011,42.7,0.010121306
16/05/2011,42.27,-0.003542335
13/05/2011,42.42,0.010188454
12/05/2011,41.99,0.013909097
11/05/2011,41.41,0.001208167
10/05/2011,41.36,0.013142073
09/05/2011,40.82,-0.003911985
06/05/2011,40.98,0.012276118
05/05/2011,40.48,0.00272109
04/05/2011,40.37,-0.005434796
03/05/2011,40.59,-0.00221484
02/05/2011,40.68,-0.002455194
29/04/2011,40.78,0.008867053
28/04/2011,40.42,0.006951369
27/04/2011,40.14,-0.00447428
26/04/2011,40.32,0.023335647
25/04/2011,39.39,-0.003041827
21/04/2011,39.51,-0.00101189
20/04/2011,39.55,0.005578108
19/04/2011,39.33,-0.004566218
18/04/2011,39.51,-0.013075369
15/04/2011,40.03,0.000749719
14/04/2011,40,-0.00548493
13/04/2011,40.22,0.009743987
12/04/2011,39.83,-0.011234671
11/04/2011,40.28,-0.004458764
08/04/2011,40.46,-0.003454235
07/04/2011,40.6,-0.000984737
06/04/2011,40.64,0.01237946
05/04/2011,40.14,-0.002239643
04/04/2011,40.23,-0.01969052
01/04/2011,41.03,-0.012594015
31/03/2011,41.55,-0.004322773
30/03/2011,41.73,0.006732413
29/03/2011,41.45,0.012136071
28/03/2011,40.95,-0.000488281
25/03/2011,40.97,0.00685773
24/03/2011,40.69,-0.005147701
23/03/2011,40.9,0.000244529
22/03/2011,40.89,0.010077509
21/03/2011,40.48,-0.03280576
18/03/2011,41.83,0.024686636
17/03/2011,40.81,0.028331915
16/03/2011,39.67,-0.01003269
15/03/2011,40.07,-0.008944159
14/03/2011,40.43,-0.00049456
11/03/2011,40.45,0.002475249
10/03/2011,40.35,-0.008145176
09/03/2011,40.68,0.003940892
08/03/2011,40.52,0.010668753
07/03/2011,40.09,-0.007702858
04/03/2011,40.4,-0.010097364
03/03/2011,40.81,-0.002936141
02/03/2011,40.93,0.010561316
01/03/2011,40.5,-0.016650727
28/02/2011,41.18,0.018133307
25/02/2011,40.44,0.00919147
24/02/2011,40.07,0.000499251
23/02/2011,40.05,-0.016099419
22/02/2011,40.7,-0.012938054
18/02/2011,41.23,-0.022542921
17/02/2011,42.17,-0.011552645
16/02/2011,42.66,-0.027056801
15/02/2011,43.83,-0.029450257
14/02/2011,45.14,0.000886525
11/02/2011,45.1,0.008908745
10/02/2011,44.7,0.004484312
09/02/2011,44.5,0
08/02/2011,44.5,0.007443364
07/02/2011,44.17,0.012071665
04/02/2011,43.64,-0.004572482
03/02/2011,43.84,0.005948313
02/02/2011,43.58,0.003217654
01/02/2011,43.44,0.004614683
31/01/2011,43.24,0.005100869
28/01/2011,43.02,-0.012014932
27/01/2011,43.54,-0.006638459
26/01/2011,43.83,0.037898293
25/01/2011,42.2,0.004988726
24/01/2011,41.99,-0.00404041
21/01/2011,42.16,-0.00661941
20/01/2011,42.44,-0.021215389
19/01/2011,43.35,-0.013518364
18/01/2011,43.94,-0.00748218
14/01/2011,44.27,-0.013239282
13/01/2011,44.86,0.00514025
12/01/2011,44.63,0.004941609
11/01/2011,44.41,-0.012308536
10/01/2011,44.96,0.003341877
07/01/2011,44.81,-0.013961446
06/01/2011,45.44,-0.020691144
05/01/2011,46.39,-0.007302438
04/01/2011,46.73,0.003215092
03/01/2011,46.58,0.008841028
31/12/2010,46.17,-0.004106782
30/12/2010,46.36,0.002375555
29/12/2010,46.25,0.003465457
28/12/2010,46.09,-0.006703452
27/12/2010,46.4,0.002589557
23/12/2010,46.28,-0.003881825
22/12/2010,46.46,-0.007291476
21/12/2010,46.8,0.01811175
20/12/2010,45.96,0.018224239
17/12/2010,45.13,-0.006845561
16/12/2010,45.44,-0.007672952
15/12/2010,45.79,-0.002835025
14/12/2010,45.92,0.015361285
13/12/2010,45.22,0.013133188
10/12/2010,44.63,0.010813352
09/12/2010,44.15,0.015751952
08/12/2010,43.46,-0.00642204
07/12/2010,43.74,-0.001599087
06/12/2010,43.81,0.008711655
03/12/2010,43.43,-0.012584539
02/12/2010,43.98,0.001592901
01/12/2010,43.91,0.021174554
30/11/2010,42.99,0.002095705
29/11/2010,42.9,-0.00325809
26/11/2010,43.04,0.008868203
24/11/2010,42.66,0.013689145
23/11/2010,42.08,-0.010637141
22/11/2010,42.53,-0.010292489
19/11/2010,42.97,0.009352418
18/11/2010,42.57,0.015863953
17/11/2010,41.9,0.005024535
16/11/2010,41.69,-0.015234763
15/11/2010,42.33,0.005923486
12/11/2010,42.08,-0.006867996
11/11/2010,42.37,-0.013130318
10/11/2010,42.93,0.015256721
09/11/2010,42.28,-0.003541498
08/11/2010,42.43,-0.003294121
05/11/2010,42.57,-0.011212451
04/11/2010,43.05,0.018994591
03/11/2010,42.24,0.009753854
02/11/2010,41.83,0.009367188
01/11/2010,41.44,0.001448926
29/10/2010,41.38,0.004359416
28/10/2010,41.2,0.00779731
27/10/2010,40.88,-0.003906255
26/10/2010,41.04,0.00292826
25/10/2010,40.92,0.00809721
22/10/2010,40.59,0.002960772
21/10/2010,40.47,0.006445238
20/10/2010,40.21,0.017308848
19/10/2010,39.52,-0.009820046
18/10/2010,39.91,0.000751974
15/10/2010,39.88,-0.003504384
14/10/2010,40.02,0.003253663
13/10/2010,39.89,0.002510041
12/10/2010,39.79,0.000754243
11/10/2010,39.76,0
08/10/2010,39.76,-0.007516948
07/10/2010,40.06,-0.00498009
06/10/2010,40.26,0.004231494
05/10/2010,40.09,0.014320054
04/10/2010,39.52,-0.006305986
01/10/2010,39.77,0.007825359
30/09/2010,39.46,-0.004046541
29/09/2010,39.62,-0.007042283
28/09/2010,39.9,0.015151805
27/09/2010,39.3,0.001273075
24/09/2010,39.25,0.012820688
23/09/2010,38.75,-0.017142546
22/09/2010,39.42,0.002285715
21/09/2010,39.33,0.001272103
20/09/2010,39.28,0.012553002
17/09/2010,38.79,0.018473272
16/09/2010,38.08,0.003946854
15/09/2010,37.93,0.010335325
14/09/2010,37.54,0.016653622
13/09/2010,36.92,0.007067167
10/09/2010,36.66,0.005196238
09/09/2010,36.47,0.004672264
08/09/2010,36.3,0.008298803
07/09/2010,36,-0.005816385
03/09/2010,36.21,0.001105278
02/09/2010,36.17,-0.015363814
01/09/2010,36.73,0.015640324
31/08/2010,36.16,0.004990307
30/08/2010,35.98,-0.0038835
27/08/2010,36.12,0.00332779
26/08/2010,36,0.000833681
25/08/2010,35.97,-0.00111142
24/08/2010,36.01,0.002780869
23/08/2010,35.91,-0.002225314
20/08/2010,35.99,-0.001665742
19/08/2010,36.05,-0.004980641
18/08/2010,36.23,0.001104667
17/08/2010,36.19,-0.001932368
16/08/2010,36.26,0.005808342
13/08/2010,36.05,0.00361262
12/08/2010,35.92,-0.008869238
11/08/2010,36.24,-0.006874769
10/08/2010,36.49,0.003844046
09/08/2010,36.35,-0.001099808
06/08/2010,36.39,0.003578806
05/08/2010,36.26,-0.001928641
04/08/2010,36.33,0.012742555
03/08/2010,35.87,-0.003061937
02/08/2010,35.98,0.010055951
30/07/2010,35.62,0.006195458
29/07/2010,35.4,-0.005633818
28/07/2010,35.6,-0.003645034
27/07/2010,35.73,-0.00391062
26/07/2010,35.87,0.008679881
23/07/2010,35.56,0.000562588
22/07/2010,35.54,0.010181083
21/07/2010,35.18,0.003702126
20/07/2010,35.05,0.002857145
19/07/2010,34.95,0.010642988
16/07/2010,34.58,-0.007203604
15/07/2010,34.83,-0.005440242
14/07/2010,35.02,0.004579287
13/07/2010,34.86,0.012411763
12/07/2010,34.43,-0.00058072
09/07/2010,34.45,0.003198142
08/07/2010,34.34,0.003500587
07/07/2010,34.22,0.024254368
06/07/2010,33.4,0.007513183
02/07/2010,33.15,-0.00301205
01/07/2010,33.25,-0.001802885
30/06/2010,33.31,-0.012529997
29/06/2010,33.73,-0.012374937
28/06/2010,34.15,0.006168326
25/06/2010,33.94,-0.010259507
24/06/2010,34.29,-0.005235614
23/06/2010,34.47,-0.003764302
22/06/2010,34.6,-0.010064787
21/06/2010,34.95,-0.000572082
18/06/2010,34.97,-0.001428776
17/06/2010,35.02,0.005727393
16/06/2010,34.82,0.003164104
15/06/2010,34.71,0.013633279
14/06/2010,34.24,-0.004952669
11/06/2010,34.41,0.003493453
10/06/2010,34.29,0.01261939
09/06/2010,33.86,0.002957707
08/06/2010,33.76,0.010122147
07/06/2010,33.42,-0.010122147
04/06/2010,33.76,-0.034069389
03/06/2010,34.93,-0.001144492
02/06/2010,34.97,0.023435182
01/06/2010,34.16,-0.004964239
28/05/2010,34.33,-0.004939717
27/05/2010,34.5,0.022275247
26/05/2010,33.74,0.004753425
25/05/2010,33.58,-0.002379537
24/05/2010,33.66,0.012255422
21/05/2010,33.25,0.009670671
20/05/2010,32.93,-0.027554903
19/05/2010,33.85,-0.005303489
18/05/2010,34.03,-0.004105578
17/05/2010,34.17,0.001171303
14/05/2010,34.13,-0.003509802
13/05/2010,34.25,-0.000583771
12/05/2010,34.27,0.016772499
11/05/2010,33.7,0.001187649
10/05/2010,33.66,0.018893949
07/05/2010,33.03,-0.014726036
06/05/2010,33.52,-0.033732484
05/05/2010,34.67,0.017457528
04/05/2010,34.07,-0.012542092
03/05/2010,34.5,0.011368728
30/04/2010,34.11,0.000293212
29/04/2010,34.1,0.010020715
28/04/2010,33.76,0.002669437
27/04/2010,33.67,-0.008576128
26/04/2010,33.96,-0.010836246
23/04/2010,34.33,-0.019614127
22/04/2010,35.01,-0.033425384
21/04/2010,36.2,-0.008527077
20/04/2010,36.51,0.008527077
19/04/2010,36.2,0.003874901
16/04/2010,36.06,-0.007734845
15/04/2010,36.34,0.003583739
14/04/2010,36.21,0.003042458
13/04/2010,36.1,-0.00027697
12/04/2010,36.11,0.002495496
09/04/2010,36.02,0.007524071
08/04/2010,35.75,-0.002235262
07/04/2010,35.83,-0.003621678
06/04/2010,35.96,-0.006651909
05/04/2010,36.2,0.008879082
01/04/2010,35.88,0.011774737
31/03/2010,35.46,0.001411035
30/03/2010,35.41,-0.003101652
29/03/2010,35.52,0.003384098
26/03/2010,35.4,0.013938499
25/03/2010,34.91,-0.005997448
24/03/2010,35.12,-0.006244698
23/03/2010,35.34,0.004537728
22/03/2010,35.18,0.009137699
19/03/2010,34.86,-0.004864797
18/03/2010,35.03,-0.001141227
17/03/2010,35.07,0.006292927
16/03/2010,34.85,0.001723148
15/03/2010,34.79,0.004898439
12/03/2010,34.62,-0.003172317
11/03/2010,34.73,0.015963189
10/03/2010,34.18,0.004692091
09/03/2010,34.02,0.013315776
08/03/2010,33.57,0.005675893
05/03/2010,33.38,-0.022805668
04/03/2010,34.15,-0.012512894
03/03/2010,34.58,-0.005479466
02/03/2010,34.77,0.002591794
01/03/2010,34.68,0.011892816
26/02/2010,34.27,-0.01102739
25/02/2010,34.65,-0.018018506
24/02/2010,35.28,0.005970167
23/02/2010,35.07,-0.001424705
22/02/2010,35.12,0.000569638
19/02/2010,35.1,-0.020026054
18/02/2010,35.81,0.020026054
17/02/2010,35.1,-0.001138952
16/02/2010,35.14,0.016353829
12/02/2010,34.57,-0.019762923
11/02/2010,35.26,0.007115442
10/02/2010,35.01,0.007741974
09/02/2010,34.74,0.011289742
08/02/2010,34.35,0.015845402
05/02/2010,33.81,0.005338091
04/02/2010,33.63,-0.024670855
03/02/2010,34.47,0.009034012
02/02/2010,34.16,-0.003214967
01/02/2010,34.27,0.007615737
29/01/2010,34.01,-0.002935997
28/01/2010,34.11,-0.011368728
27/01/2010,34.5,-0.007795622
26/01/2010,34.77,0
25/01/2010,34.77,0.022688582
22/01/2010,33.99,-0.012861914
21/01/2010,34.43,-0.023537252
20/01/2010,35.25,-0.005375596
19/01/2010,35.44,0.010495062
15/01/2010,35.07,-0.010212855
14/01/2010,35.43,0.000847099
13/01/2010,35.4,0.00822583
12/01/2010,35.11,-0.002560092
11/01/2010,35.2,0.010279931
08/01/2010,34.84,-0.002866153
07/01/2010,34.94,-0.009683926
06/01/2010,35.28,-0.040005335
05/01/2010,36.72,0.001635323
04/01/2010,36.66,0.012350919
31/12/2009,36.21,-0.009072227
30/12/2009,36.54,0.001369301
29/12/2009,36.49,0
28/12/2009,36.49,0.009914705
24/12/2009,36.13,0.00055371
23/12/2009,36.11,0.005554027
22/12/2009,35.91,0.010638398
21/12/2009,35.53,0.01246122
18/12/2009,35.09,-0.001708429
17/12/2009,35.15,-0.016925651
16/12/2009,35.75,-0.00585694
15/12/2009,35.96,-0.012985401
14/12/2009,36.43,-0.010648565
11/12/2009,36.82,0.015877695
10/12/2009,36.24,0.01026219
09/12/2009,35.87,-0.018232549
08/12/2009,36.53,-0.004642914
07/12/2009,36.7,0.009857692
04/12/2009,36.34,0.003307611
03/12/2009,36.22,-0.009069734
02/12/2009,36.55,0.016552102
01/12/2009,35.95,0.010064385
30/11/2009,35.59,-0.020028486
27/11/2009,36.31,0.002481733
25/11/2009,36.22,0.015301453
24/11/2009,35.67,0.003651177
23/11/2009,35.54,-0.001967675
20/11/2009,35.61,0.023296508
19/11/2009,34.79,0.004032264
18/11/2009,34.65,-0.003744783
17/11/2009,34.78,0
16/11/2009,34.78,0.003744783
13/11/2009,34.65,0.012779727
12/11/2009,34.21,-0.011046624
11/11/2009,34.59,-0.004327138
10/11/2009,34.74,-0.007170546
09/11/2009,34.99,0.012944234
06/11/2009,34.54,0.007847737
05/11/2009,34.27,0.032323051
04/11/2009,33.18,0.012433822
03/11/2009,32.77,0.000915891
02/11/2009,32.74,0.00858901
30/10/2009,32.46,-0.015892755
29/10/2009,32.98,0.021143732
28/10/2009,32.29,-0.010168012
27/10/2009,32.62,-0.002449481
26/10/2009,32.7,-0.012762252
23/10/2009,33.12,-0.018843088
22/10/2009,33.75,0.005645536
21/10/2009,33.56,-0.010964697
20/10/2009,33.93,-0.012011277
19/10/2009,34.34,0.021189727
16/10/2009,33.62,-0.010650988
15/10/2009,33.98,0.016019328
14/10/2009,33.44,0.002994911
13/10/2009,33.34,0.016329362
12/10/2009,32.8,0.006729912
09/10/2009,32.58,-0.008557509
08/10/2009,32.86,-0.003038592
07/10/2009,32.96,-0.018635947
06/10/2009,33.58,0.005374752
05/10/2009,33.4,0.023630303
02/10/2009,32.62,-0.026022648
01/10/2009,33.48,-0.003577821
30/09/2009,33.6,-0.005342844
29/09/2009,33.78,0.005342844
28/09/2009,33.6,0.019534806
25/09/2009,32.95,0.00792204
24/09/2009,32.69,0.003677601
23/09/2009,32.57,0.040093062
22/09/2009,31.29,-0.00541834
21/09/2009,31.46,-0.004756629
18/09/2009,31.61,-0.004419199
17/09/2009,31.75,-0.017793508
16/09/2009,32.32,0.020000667
15/09/2009,31.68,0.006333143
14/09/2009,31.48,-0.000952532
11/09/2009,31.51,-0.000634518
10/09/2009,31.53,0.005087451
09/09/2009,31.37,-0.005404559
08/09/2009,31.54,0.011479718
04/09/2009,31.18,0.005467131
03/09/2009,31.01,-0.027355395
02/09/2009,31.87,0.002827967
01/09/2009,31.78,-0.014060535
31/08/2009,32.23,-0.005260727
28/08/2009,32.4,0.000617475
27/08/2009,32.38,-0.003083567
26/08/2009,32.48,0.008658063
25/08/2009,32.2,0.012500163
24/08/2009,31.8,0.002203684
21/08/2009,31.73,0.017485742
20/08/2009,31.18,0.005467131
19/08/2009,31.01,-0.001289075
18/08/2009,31.05,0.007434978
17/08/2009,30.82,-0.022775644
14/08/2009,31.53,-0.008526816
13/08/2009,31.8,-0.000314416
12/08/2009,31.81,0.005042557
11/08/2009,31.65,-0.010997754
10/08/2009,32,0.00250313
07/08/2009,31.92,-0.00873368
06/08/2009,32.2,0.018809332
05/08/2009,31.6,0.002852165
04/08/2009,31.51,0.001270245
03/08/2009,31.47,0.00254534
31/07/2009,31.39,-0.01391987
30/07/2009,31.83,0.009786976
29/07/2009,31.52,0.00892294
28/07/2009,31.24,0.004491506
27/07/2009,31.1,0.016861619
24/07/2009,30.58,0.00294744
23/07/2009,30.49,0.025578541
22/07/2009,29.72,-0.008376661
21/07/2009,29.97,0.01242252
20/07/2009,29.6,-0.006734032
17/07/2009,29.8,-0.001006205
16/07/2009,29.83,0.00470431
15/07/2009,29.69,0.014930715
14/07/2009,29.25,-0.003072199
13/07/2009,29.34,0.004783063
10/07/2009,29.2,-0.018660423
09/07/2009,29.75,0.003367007
08/07/2009,29.65,-0.019372683
07/07/2009,30.23,0.005639424
06/07/2009,30.06,0.013733259
02/07/2009,29.65,-0.04258772
01/07/2009,30.94,0.007787191
30/06/2009,30.7,-0.034259794
29/06/2009,31.77,0.012033077
26/06/2009,31.39,-0.024234073
25/06/2009,32.16,0.020418489
24/06/2009,31.51,0.000634921
23/06/2009,31.49,0.008290864
22/06/2009,31.23,0.006424693
19/06/2009,31.03,-0.02671065
18/06/2009,31.87,0.011042863
17/06/2009,31.52,-0.001585038
16/06/2009,31.57,-0.018205148
15/06/2009,32.15,0.002803304
12/06/2009,32.06,-0.035241888
11/06/2009,33.21,0.013642776
10/06/2009,32.76,0.020352229
09/06/2009,32.1,0.006563549
08/06/2009,31.89,0.006291307
05/06/2009,31.69,-0.01129601
04/06/2009,32.05,0.028482938
03/06/2009,31.15,-0.022850883
02/06/2009,31.87,0.018366571
01/06/2009,31.29,0.014161807
29/05/2009,30.85,0.00715683
28/05/2009,30.63,0.02178304
27/05/2009,29.97,-0.016217466
26/05/2009,30.46,0.035419673
22/05/2009,29.4,-0.008804662
21/05/2009,29.66,-0.030873821
20/05/2009,30.59,-0.001306763
19/05/2009,30.63,-0.011039073
18/05/2009,30.97,0.02550825
15/05/2009,30.19,-0.019679218
14/05/2009,30.79,-0.002594877
13/05/2009,30.87,0.005196504
12/05/2009,30.71,-0.008753501
11/05/2009,30.98,0.014959629
08/05/2009,30.52,0.010540282
07/05/2009,30.2,0.035387012
06/05/2009,29.15,0.012774211
05/05/2009,28.78,0.009425799
04/05/2009,28.51,0.014129518
01/05/2009,28.11,0.034748339
30/04/2009,27.15,0.007393749
29/04/2009,26.95,0.011194147
28/04/2009,26.65,0.010183003
27/04/2009,26.38,-0.002650011
24/04/2009,26.45,0.026433257
23/04/2009,25.76,-0.001163919
22/04/2009,25.79,-0.001936859
21/04/2009,25.84,0.007380107
20/04/2009,25.65,-0.038995767
17/04/2009,26.67,-0.008586948
16/04/2009,26.9,0.015736556
15/04/2009,26.48,0.006060625
14/04/2009,26.32,-0.026988145
13/04/2009,27.04,-0.023031543
09/04/2009,27.67,0.027850829
08/04/2009,26.91,-0.036487083
07/04/2009,27.91,-0.013169793
06/04/2009,28.28,0.016399655
03/04/2009,27.82,-0.000359389
02/04/2009,27.83,-0.019570096
01/04/2009,28.38,0.009203605
31/03/2009,28.12,0.029228131
30/03/2009,27.31,-0.03525545
27/03/2009,28.29,0.000707214
26/03/2009,28.27,0.013891586
25/03/2009,27.88,0.018096766
24/03/2009,27.38,0.003292485
23/03/2009,27.29,0.029375602
20/03/2009,26.5,0.001510574
19/03/2009,26.46,-0.012021182
18/03/2009,26.78,0.01542834
17/03/2009,26.37,0.048164649
16/03/2009,25.13,0.003587805
13/03/2009,25.04,-0.042609533
12/03/2009,26.13,0.035446749
11/03/2009,25.22,-0.003957267
10/03/2009,25.32,0.072044238
09/03/2009,23.56,-0.022246458
06/03/2009,24.09,-0.04306108
05/03/2009,25.15,-0.011857846
04/03/2009,25.45,0.065770452
03/03/2009,23.83,-0.057088472
02/03/2009,25.23,-0.042675211
27/02/2009,26.33,0.010307402
26/02/2009,26.06,-0.031352899
25/02/2009,26.89,0.007465507
24/02/2009,26.69,0.038965969
23/02/2009,25.67,-0.019290722
20/02/2009,26.17,0.040949375
19/02/2009,25.12,-0.00595358
18/02/2009,25.27,0.00555557
17/02/2009,25.13,-0.068807153
13/02/2009,26.92,0.006708933
12/02/2009,26.74,-0.002241316
11/02/2009,26.8,0.000746547
10/02/2009,26.78,-0.033777073
09/02/2009,27.7,-0.001803427
06/02/2009,27.75,0.027398974
05/02/2009,27,-0.009216655
04/02/2009,27.25,-0.014933805
03/02/2009,27.66,0.005437751
02/02/2009,27.51,0.013540921
30/01/2009,27.14,-0.006244281
29/01/2009,27.31,-0.035962164
28/01/2009,28.31,-0.015422668
27/01/2009,28.75,-0.002431823
26/01/2009,28.82,0.019622213
23/01/2009,28.26,0.021460051
22/01/2009,27.66,-0.005048694
21/01/2009,27.8,0.046382992
20/01/2009,26.54,-0.023092274
16/01/2009,27.16,0.023469135
15/01/2009,26.53,0.001508865
14/01/2009,26.49,-0.023872823
13/01/2009,27.13,0.014105653
12/01/2009,26.75,-0.03814177
09/01/2009,27.79,-0.031872386
08/01/2009,28.69,0.032232293
07/01/2009,27.78,-0.01713104
06/01/2009,28.26,0.003900023
05/01/2009,28.15,
