Date,Close,FOSL
04/04/2014,114.35,-0.027599855
03/04/2014,117.55,-0.003312246
02/04/2014,117.94,-0.003301311
01/04/2014,118.33,0.01498538
31/03/2014,116.57,-0.003169032
28/03/2014,116.94,0.010919673
27/03/2014,115.67,-0.009721761
26/03/2014,116.8,0
25/03/2014,116.8,0.000256882
24/03/2014,116.77,-0.022440503
21/03/2014,119.42,0.003439168
20/03/2014,119.01,-0.010199052
19/03/2014,120.23,0.018383025
18/03/2014,118.04,0.045052664
17/03/2014,112.84,0.00364008
14/03/2014,112.43,-0.006295184
13/03/2014,113.14,-0.019518365
12/03/2014,115.37,0.003212227
11/03/2014,115,-0.013302433
10/03/2014,116.54,-0.002057261
07/03/2014,116.78,0.001542549
06/03/2014,116.6,0.017912477
05/03/2014,114.53,0.00903396
04/03/2014,113.5,0.003618875
03/03/2014,113.09,-0.015965251
28/02/2014,114.91,-0.02092649
27/02/2014,117.34,-0.017654722
26/02/2014,119.43,0.009422127
25/02/2014,118.31,-0.009505855
24/02/2014,119.44,-0.001840235
21/02/2014,119.66,0.002594035
20/02/2014,119.35,0.001677149
19/02/2014,119.15,-0.015407342
18/02/2014,121,0.001488711
14/02/2014,120.82,-0.005365484
13/02/2014,121.47,0.003381028
12/02/2014,121.06,0.034454294
11/02/2014,116.96,0.016899868
10/02/2014,115,-0.0078819
07/02/2014,115.91,0.006925835
06/02/2014,115.11,0.025159666
05/02/2014,112.25,-0.020457463
04/02/2014,114.57,0.058869595
03/02/2014,108.02,-0.034663466
31/01/2014,111.83,-0.030123821
30/01/2014,115.25,0.021930703
29/01/2014,112.75,-0.015052439
28/01/2014,114.46,-0.002181787
27/01/2014,114.71,0.012544574
24/01/2014,113.28,-0.002996917
23/01/2014,113.62,-0.015718102
22/01/2014,115.42,-8.66363E-05
21/01/2014,115.43,0.002949855
17/01/2014,115.09,-0.008392868
16/01/2014,116.06,-0.012331035
15/01/2014,117.5,0.000681083
14/01/2014,117.42,0.024483982
13/01/2014,114.58,-0.029496098
10/01/2014,118.01,-0.011039593
09/01/2014,119.32,0.010192566
08/01/2014,118.11,-0.015125068
07/01/2014,119.91,-0.000916934
06/01/2014,120.02,-0.009948681
03/01/2014,121.22,0.023791765
02/01/2014,118.37,-0.013176306
31/12/2013,119.94,-0.002997005
30/12/2013,120.3,0.00149738
27/12/2013,120.12,-0.012163486
26/12/2013,121.59,0.012996334
24/12/2013,120.02,0.000750156
23/12/2013,119.93,0.009046045
20/12/2013,118.85,0.000336615
19/12/2013,118.81,-0.014041183
18/12/2013,120.49,-0.001907053
17/12/2013,120.72,-0.003803229
16/12/2013,121.18,-0.003542159
13/12/2013,121.61,0.008754598
12/12/2013,120.55,-0.005294957
11/12/2013,121.19,-0.016368317
10/12/2013,123.19,0.007250836
09/12/2013,122.3,-0.008791981
06/12/2013,123.38,-0.005496296
05/12/2013,124.06,0.009882624
04/12/2013,122.84,-0.013182027
03/12/2013,124.47,-0.005368388
02/12/2013,125.14,-0.016877703
29/11/2013,127.27,0.008046746
27/11/2013,126.25,-0.005844275
26/11/2013,126.99,0.012041657
25/11/2013,125.47,-0.006276587
22/11/2013,126.26,-0.008124675
21/11/2013,127.29,0.012092619
20/11/2013,125.76,-0.013584161
19/11/2013,127.48,-0.00726878
18/11/2013,128.41,-0.008915824
15/11/2013,129.56,0.004952037
14/11/2013,128.92,-0.00170503
13/11/2013,129.14,0.023980461
12/11/2013,126.08,-0.009786976
11/11/2013,127.32,-0.004623289
08/11/2013,127.91,0.01846352
07/11/2013,125.57,-0.0227542
06/11/2013,128.46,-0.042371471
05/11/2013,134.02,0.028917313
04/11/2013,130.2,0.011898464
01/11/2013,128.66,0.013458732
31/10/2013,126.94,-0.002360533
30/10/2013,127.24,-0.004469719
29/10/2013,127.81,0.016408036
28/10/2013,125.73,-0.004127318
25/10/2013,126.25,-0.002610451
24/10/2013,126.58,0.006260669
23/10/2013,125.79,0.012640168
22/10/2013,124.21,0.02502678
21/10/2013,121.14,-0.00502286
18/10/2013,121.75,0.021922326
17/10/2013,119.11,-0.002431765
16/10/2013,119.4,0.021844912
15/10/2013,116.82,-0.02893862
14/10/2013,120.25,0.011374213
11/10/2013,118.89,-0.004112987
10/10/2013,119.38,0.035555133
09/10/2013,115.21,-0.00415765
08/10/2013,115.69,-0.025769344
07/10/2013,118.71,-0.009891112
04/10/2013,119.89,0.016992333
03/10/2013,117.87,-0.012478031
02/10/2013,119.35,0.017581384
01/10/2013,117.27,0.008821949
30/09/2013,116.24,-0.001890847
27/09/2013,116.46,0.002923727
26/09/2013,116.12,-0.00103288
25/09/2013,116.24,-0.015027605
24/09/2013,118,0.004246291
23/09/2013,117.5,-0.009233832
20/09/2013,118.59,0.000927996
19/09/2013,118.48,0.018829097
18/09/2013,116.27,0.012636485
17/09/2013,114.81,-0.001827438
16/09/2013,115.02,-0.010292873
13/09/2013,116.21,8.60548E-05
12/09/2013,116.2,0.001033236
11/09/2013,116.08,0.006828915
10/09/2013,115.29,0.016705684
09/09/2013,113.38,0.010016482
06/09/2013,112.25,-0.019846296
05/09/2013,114.5,-0.011721428
04/09/2013,115.85,0.0145201
03/09/2013,114.18,-0.017020209
30/08/2013,116.14,0.001378597
29/08/2013,115.98,0.010487637
28/08/2013,114.77,0.006907131
27/08/2013,113.98,-0.018084304
26/08/2013,116.06,-0.009347866
23/08/2013,117.15,-0.005702871
22/08/2013,117.82,0.013070965
21/08/2013,116.29,-0.001546658
20/08/2013,116.47,0.012353835
19/08/2013,115.04,-0.018260628
16/08/2013,117.16,-0.011456823
15/08/2013,118.51,-0.019966412
14/08/2013,120.9,-0.014452543
13/08/2013,122.66,0.020342476
12/08/2013,120.19,-0.00340546
09/08/2013,120.6,-0.007681862
08/08/2013,121.53,0.003214244
07/08/2013,121.14,-0.043690585
06/08/2013,126.55,0.163891103
05/08/2013,107.42,-0.062255149
02/08/2013,114.32,0.002013923
01/08/2013,114.09,0.037416749
31/07/2013,109.9,-0.018570803
30/07/2013,111.96,0.003131013
29/07/2013,111.61,-0.008298062
26/07/2013,112.54,-0.006377347
25/07/2013,113.26,0.010116334
24/07/2013,112.12,-0.007109877
23/07/2013,112.92,0.00026571
22/07/2013,112.89,0.009791782
19/07/2013,111.79,0.012602561
18/07/2013,110.39,0.025041437
17/07/2013,107.66,-0.005280479
16/07/2013,108.23,0.001479427
15/07/2013,108.07,-0.013236704
12/07/2013,109.51,-0.016033678
11/07/2013,111.28,0.02143588
10/07/2013,108.92,-0.00137621
09/07/2013,109.07,0.021406553
08/07/2013,106.76,-0.00056185
05/07/2013,106.82,0.014901719
03/07/2013,105.24,-0.007667225
02/07/2013,106.05,0.009188716
01/07/2013,105.08,0.016987788
28/06/2013,103.31,-0.003285662
27/06/2013,103.65,0.025404395
26/06/2013,101.05,0.007748896
25/06/2013,100.27,0.023307315
24/06/2013,97.96,-0.021810234
21/06/2013,100.12,-0.021344684
20/06/2013,102.28,-0.044179668
19/06/2013,106.9,-0.005690048
18/06/2013,107.51,0.017830803
17/06/2013,105.61,0.011331836
14/06/2013,104.42,-0.001435476
13/06/2013,104.57,0.034835202
12/06/2013,100.99,-0.014158136
11/06/2013,102.43,-0.024685469
10/06/2013,104.99,-0.007779925
07/06/2013,105.81,0.013606947
06/06/2013,104.38,0.021791575
05/06/2013,102.13,-0.026284246
04/06/2013,104.85,-9.53698E-05
03/06/2013,104.86,-0.012697982
31/05/2013,106.2,-0.000470699
30/05/2013,106.25,0.011739224
29/05/2013,105.01,-0.01004367
28/05/2013,106.07,0.016827892
24/05/2013,104.3,-0.009826917
23/05/2013,105.33,0.008485535
22/05/2013,104.44,-0.034998868
21/05/2013,108.16,0.004447746
20/05/2013,107.68,-0.00813915
17/05/2013,108.56,0.013633413
16/05/2013,107.09,-0.023806254
15/05/2013,109.67,0.006127975
14/05/2013,109,0.009216655
13/05/2013,108,-0.012056655
10/05/2013,109.31,0.011408717
09/05/2013,108.07,-0.013145384
08/05/2013,109.5,0.014905051
07/05/2013,107.88,0.08630377
06/05/2013,98.96,0.007098701
03/05/2013,98.26,0.018074018
02/05/2013,96.5,0.016087258
01/05/2013,94.96,-0.032735469
30/04/2013,98.12,0.029266346
29/04/2013,95.29,-0.002096657
26/04/2013,95.49,0.006303204
25/04/2013,94.89,0.013794786
24/04/2013,93.59,0.0084769
23/04/2013,92.8,-0.001184643
22/04/2013,92.91,-0.014743857
19/04/2013,94.29,0.026000605
18/04/2013,91.87,-0.002500409
17/04/2013,92.1,-0.032684742
16/04/2013,95.16,0.009714966
15/04/2013,94.24,-0.03983679
12/04/2013,98.07,-0.006707342
11/04/2013,98.73,0.009668794
10/04/2013,97.78,0.015667193
09/04/2013,96.26,0.023438984
08/04/2013,94.03,0.010476897
05/04/2013,93.05,0.00258259
04/04/2013,92.81,0.01509012
03/04/2013,91.42,-0.022390206
02/04/2013,93.49,-0.003630156
01/04/2013,93.83,-0.029094107
28/03/2013,96.6,0.017122991
27/03/2013,94.96,-0.005251561
26/03/2013,95.46,-0.001779267
25/03/2013,95.63,0.001465048
22/03/2013,95.49,-0.005639113
21/03/2013,96.03,-0.030661207
20/03/2013,99.02,0.004149174
19/03/2013,98.61,-0.032917394
18/03/2013,101.91,-0.029584524
15/03/2013,104.97,-0.019154239
14/03/2013,107,0.007975646
13/03/2013,106.15,0.023158227
12/03/2013,103.72,-0.003753072
11/03/2013,104.11,0.006649666
08/03/2013,103.42,-0.001835483
07/03/2013,103.61,-0.00539033
06/03/2013,104.17,-0.011738456
05/03/2013,105.4,0.01848092
04/03/2013,103.47,0.000483349
01/03/2013,103.42,0.006304885
28/02/2013,102.77,0.007618712
27/02/2013,101.99,0.016609378
26/02/2013,100.31,0.016687158
25/02/2013,98.65,-0.024927463
22/02/2013,101.14,0.007542711
21/02/2013,100.38,-0.023433188
20/02/2013,102.76,-0.021087874
19/02/2013,104.95,0.000857919
15/02/2013,104.86,0.004396452
14/02/2013,104.4,-0.007728677
13/02/2013,105.21,-0.050413714
12/02/2013,110.65,0.029253381
11/02/2013,107.46,0.033689787
08/02/2013,103.9,-0.017932568
07/02/2013,105.78,0.010931148
06/02/2013,104.63,0.012212277
05/02/2013,103.36,0.014520549
04/02/2013,101.87,-0.020501082
01/02/2013,103.98,-0.015270386
31/01/2013,105.58,0.014020927
30/01/2013,104.11,-0.024479401
29/01/2013,106.69,0.004791666
28/01/2013,106.18,-0.011982918
25/01/2013,107.46,0.010195103
24/01/2013,106.37,0.027448593
23/01/2013,103.49,-0.023492295
22/01/2013,105.95,0.009006935
18/01/2013,105,0.000285755
17/01/2013,104.97,0.001239217
16/01/2013,104.84,0.011705017
15/01/2013,103.62,0.020967173
14/01/2013,101.47,0.006724044
11/01/2013,100.79,-0.001982358
10/01/2013,100.99,0.015668201
09/01/2013,99.42,0.010515769
08/01/2013,98.38,0.026053062
07/01/2013,95.85,-0.013162858
04/01/2013,97.12,0.021649472
03/01/2013,95.04,0.010577632
02/01/2013,94.04,0.010046039
31/12/2012,93.1,0.041560721
28/12/2012,89.31,-0.015995009
27/12/2012,90.75,0.015771095
26/12/2012,89.33,-0.03389782
24/12/2012,92.41,-0.004319195
21/12/2012,92.81,-0.012527601
20/12/2012,93.98,-0.001276053
19/12/2012,94.1,-0.001380556
18/12/2012,94.23,0.033890573
17/12/2012,91.09,0.004621487
14/12/2012,90.67,0.018477819
13/12/2012,89.01,-0.016048489
12/12/2012,90.45,-0.009244041
11/12/2012,91.29,0.030925713
10/12/2012,88.51,-0.009333776
07/12/2012,89.34,0.000335852
06/12/2012,89.31,0.029428926
05/12/2012,86.72,0.006362448
04/12/2012,86.17,0.011555425
03/12/2012,85.18,-0.014683867
30/11/2012,86.44,-0.007032135
29/11/2012,87.05,0.001264441
28/11/2012,86.94,0.024568972
27/11/2012,84.83,-0.007984074
26/11/2012,85.51,-0.00803685
23/11/2012,86.2,0.031224923
21/11/2012,83.55,0.007689573
20/11/2012,82.91,-0.013537194
19/11/2012,84.04,0.024573629
16/11/2012,82,0.000121959
15/11/2012,81.99,0.024945724
14/11/2012,79.97,-0.006729836
13/11/2012,80.51,0.010613823
12/11/2012,79.66,-0.013218798
09/11/2012,80.72,-0.009371215
08/11/2012,81.48,-0.029625527
07/11/2012,83.93,-0.00368675
06/11/2012,84.24,-0.110688179
05/11/2012,94.1,0.010683862
02/11/2012,93.1,-0.008343187
01/11/2012,93.88,0.074960487
31/10/2012,87.1,-0.001606057
26/10/2012,87.24,-0.00856023
25/10/2012,87.99,0.00387156
24/10/2012,87.65,-0.026346942
23/10/2012,89.99,0.00680161
22/10/2012,89.38,0.000335702
19/10/2012,89.35,0.006737813
18/10/2012,88.75,-0.008862024
17/10/2012,89.54,-0.019574858
16/10/2012,91.31,0.070550791
15/10/2012,85.09,0.028127227
12/10/2012,82.73,-0.007106323
11/10/2012,83.32,0.010981828
10/10/2012,82.41,-0.007856449
09/10/2012,83.06,-0.042429178
08/10/2012,86.66,-0.010560245
05/10/2012,87.58,-0.004556855
04/10/2012,87.98,0.031638709
03/10/2012,85.24,-0.015482528
02/10/2012,86.57,0.006257263
01/10/2012,86.03,0.015580471
28/09/2012,84.7,-0.018945719
27/09/2012,86.32,0.025698099
26/09/2012,84.13,-0.008993079
25/09/2012,84.89,-0.034957263
24/09/2012,87.91,-0.020268682
21/09/2012,89.71,0.010195596
20/09/2012,88.8,-0.03246283
19/09/2012,91.73,0.016820052
18/09/2012,90.2,-0.017582871
17/09/2012,91.8,-0.019418086
14/09/2012,93.6,0.108213585
13/09/2012,84,-0.000714031
12/09/2012,84.06,-0.010532019
11/09/2012,84.95,-0.010771677
10/09/2012,85.87,-0.009042491
07/09/2012,86.65,0.014179689
06/09/2012,85.43,0.026449979
05/09/2012,83.2,-0.010164512
04/09/2012,84.05,-0.010650988
31/08/2012,84.95,-0.006804343
30/08/2012,85.53,-0.024712574
29/08/2012,87.67,0.004916824
28/08/2012,87.24,-0.005486982
27/08/2012,87.72,-0.001367054
24/08/2012,87.84,0.012140797
23/08/2012,86.78,-0.014074264
22/08/2012,88.01,0.002161179
21/08/2012,87.82,-0.006469576
20/08/2012,88.39,-0.015826134
17/08/2012,89.8,0.022637376
16/08/2012,87.79,0.00766112
15/08/2012,87.12,0.029825137
14/08/2012,84.56,-0.011522761
13/08/2012,85.54,-0.01081343
10/08/2012,86.47,-0.000924749
09/08/2012,86.55,-0.009887411
08/08/2012,87.41,-0.048675754
07/08/2012,91.77,0.273794714
06/08/2012,69.79,0.019679408
03/08/2012,68.43,0.028308671
02/08/2012,66.52,-0.037617829
01/08/2012,69.07,-0.037230785
31/07/2012,71.69,-0.043402008
30/07/2012,74.87,-0.025190913
27/07/2012,76.78,0.079532722
26/07/2012,70.91,0.053291891
25/07/2012,67.23,0.000892857
24/07/2012,67.17,-0.01712219
23/07/2012,68.33,-0.002630811
20/07/2012,68.51,-0.051767565
19/07/2012,72.15,0.057770072
18/07/2012,68.1,0.02137214
17/07/2012,66.66,0.004962789
16/07/2012,66.33,-0.024571261
13/07/2012,67.98,0.024722033
12/07/2012,66.32,0.018106238
11/07/2012,65.13,-0.014480857
10/07/2012,66.08,-0.024515428
09/07/2012,67.72,-0.011598163
06/07/2012,68.51,-0.031890091
05/07/2012,70.73,-0.017796308
03/07/2012,72,-0.039220713
02/07/2012,74.88,-0.021926648
29/06/2012,76.54,0.073023155
28/06/2012,71.15,-0.004487457
27/06/2012,71.47,-0.043666692
26/06/2012,74.66,0.00887938
25/06/2012,74,-0.044663256
22/06/2012,77.38,0.021289905
21/06/2012,75.75,-0.011028076
20/06/2012,76.59,0.021111749
19/06/2012,74.99,0.027854694
18/06/2012,72.93,-0.03450012
15/06/2012,75.49,0.051648929
14/06/2012,71.69,0.015321123
13/06/2012,70.6,-0.0288985
12/06/2012,72.67,-0.000550282
11/06/2012,72.71,-0.046226153
08/06/2012,76.15,0.023921406
07/06/2012,74.35,0.010818226
06/06/2012,73.55,0.035426425
05/06/2012,70.99,0.021500081
04/06/2012,69.48,-0.001581937
01/06/2012,69.59,-0.050027945
31/05/2012,73.16,-0.001092896
30/05/2012,73.24,0.002050161
29/05/2012,73.09,0.021434825
25/05/2012,71.54,0.006732143
24/05/2012,71.06,-0.00798939
23/05/2012,71.63,-0.007510466
22/05/2012,72.17,0.015077767
21/05/2012,71.09,0.011459417
18/05/2012,70.28,-0.00793655
17/05/2012,70.84,-0.014991524
16/05/2012,71.91,0.000278164
15/05/2012,71.89,-0.071780285
14/05/2012,77.24,-0.016817907
11/05/2012,78.55,-0.001907791
10/05/2012,78.7,-0.001016002
09/05/2012,78.78,0.003305788
08/05/2012,78.52,-0.471101473
07/05/2012,125.77,-0.026829347
04/05/2012,129.19,-0.043990589
03/05/2012,135,-0.014487145
02/05/2012,136.97,0.023789538
01/05/2012,133.75,0.023297325
30/04/2012,130.67,-0.010126862
27/04/2012,132,-0.00128705
26/04/2012,132.17,0.023889047
25/04/2012,129.05,0.0232833
24/04/2012,126.08,0.004212541
23/04/2012,125.55,-0.022757784
20/04/2012,128.44,-0.011457007
19/04/2012,129.92,-0.020795204
18/04/2012,132.65,0.02017963
17/04/2012,130,0.01981032
16/04/2012,127.45,-0.023265881
13/04/2012,130.45,-0.019359117
12/04/2012,133,-0.000150365
11/04/2012,133.02,-0.008533625
10/04/2012,134.16,-0.030392121
09/04/2012,138.3,0.001664436
05/04/2012,138.07,0.031937961
04/04/2012,133.73,-0.004923179
03/04/2012,134.39,0.004399873
02/04/2012,133.8,0.013695752
30/03/2012,131.98,-0.01272368
29/03/2012,133.67,0.007659995
28/03/2012,132.65,-0.009976454
27/03/2012,133.98,-0.011576265
26/03/2012,135.54,0.017640292
23/03/2012,133.17,0.00037553
22/03/2012,133.12,0.007086347
21/03/2012,132.18,0.011872286
20/03/2012,130.62,0.004065826
19/03/2012,130.09,0.034965042
16/03/2012,125.62,-0.016030667
15/03/2012,127.65,-0.005858248
14/03/2012,128.4,-0.01499603
13/03/2012,130.34,0.018116157
12/03/2012,128,-0.011882251
09/03/2012,129.53,0.025886098
08/03/2012,126.22,0.028447077
07/03/2012,122.68,0.0226711
06/03/2012,119.93,-0.046910319
05/03/2012,125.69,-0.007529858
02/03/2012,126.64,0.002767566
01/03/2012,126.29,0.034723753
29/02/2012,121.98,0.000409987
28/02/2012,121.93,0.009228046
27/02/2012,120.81,-0.007997075
24/02/2012,121.78,0.024943096
23/02/2012,118.78,0.024372745
22/02/2012,115.92,-0.010384131
21/02/2012,117.13,-0.00900907
17/02/2012,118.19,-0.002197432
16/02/2012,118.45,0.010950409
15/02/2012,117.16,-0.022450095
14/02/2012,119.82,0.136803545
13/02/2012,104.5,0.039128851
10/02/2012,100.49,-0.009014871
09/02/2012,101.4,0.00643089
08/02/2012,100.75,0.006072994
07/02/2012,100.14,-0.003489013
06/02/2012,100.49,0.002989837
03/02/2012,100.19,0.027216005
02/02/2012,97.5,-0.002049181
01/02/2012,97.7,0.02749849
31/01/2012,95.05,0.008558349
30/01/2012,94.24,-0.018399299
27/01/2012,95.99,-0.014582191
26/01/2012,97.4,0.024212748
25/01/2012,95.07,0.031955698
24/01/2012,92.08,0.019741812
23/01/2012,90.28,0.003217399
20/01/2012,89.99,-0.010391427
19/01/2012,90.93,0.004850632
18/01/2012,90.49,0.044055012
17/01/2012,86.59,-0.00288301
13/01/2012,86.84,0.000691165
12/01/2012,86.78,0.089255717
11/01/2012,79.37,-0.016246296
10/01/2012,80.67,0.021172103
09/01/2012,78.98,0.006605715
06/01/2012,78.46,-0.037277612
05/01/2012,81.44,0.042132611
04/01/2012,78.08,-0.015125805
03/01/2012,79.27,-0.001134716
30/12/2011,79.36,-0.034187129
29/12/2011,82.12,-0.00607019
28/12/2011,82.62,-0.046932553
27/12/2011,86.59,0.008000506
23/12/2011,85.9,0.035186951
22/12/2011,82.93,-0.009361566
21/12/2011,83.71,0.008879348
20/12/2011,82.97,0.030097696
19/12/2011,80.51,-0.005326739
16/12/2011,80.94,-0.010691346
15/12/2011,81.81,0.003428435
14/12/2011,81.53,-0.006357767
13/12/2011,82.05,-0.025747332
12/12/2011,84.19,-0.025448456
09/12/2011,86.36,0.038479904
08/12/2011,83.1,-0.032906271
07/12/2011,85.88,-0.00915683
06/12/2011,86.67,-0.027539292
05/12/2011,89.09,-0.009162075
02/12/2011,89.91,0.014903072
01/12/2011,88.58,-0.011337608
30/11/2011,89.59,0.036487539
29/11/2011,86.38,-0.010136
28/11/2011,87.26,0.071238277
25/11/2011,81.26,-0.015265608
23/11/2011,82.51,-0.006523338
22/11/2011,83.05,-0.000601866
21/11/2011,83.1,-0.045288539
18/11/2011,86.95,-0.033698349
17/11/2011,89.93,-0.020907452
16/11/2011,91.83,0.002726134
15/11/2011,91.58,0.007122927
14/11/2011,90.93,-0.023476787
11/11/2011,93.09,0.029211886
10/11/2011,90.41,-0.01775973
09/11/2011,92.03,-0.029760278
08/11/2011,94.81,-0.024895823
07/11/2011,97.2,-0.002055499
04/11/2011,97.4,-0.01962143
03/11/2011,99.33,-0.017959178
02/11/2011,101.13,0.018261247
01/11/2011,99.3,-0.042970742
31/10/2011,103.66,-0.05927314
28/10/2011,109.99,0.019740805
27/10/2011,107.84,0.084014792
26/10/2011,99.15,0.023367218
25/10/2011,96.86,-0.009044255
24/10/2011,97.74,0.082167944
21/10/2011,90.03,0.021329951
20/10/2011,88.13,-0.018103603
19/10/2011,89.74,-0.011742685
18/10/2011,90.8,-0.024262736
17/10/2011,93.03,-0.018636395
14/10/2011,94.78,0.026947738
13/10/2011,92.26,0.000759013
12/10/2011,92.19,0.014201681
11/10/2011,90.89,0.046389044
10/10/2011,86.77,0.050462646
07/10/2011,82.5,-0.033962156
06/10/2011,85.35,0.025633301
05/10/2011,83.19,0.025197608
04/10/2011,81.12,0.074715045
03/10/2011,75.28,-0.073975126
30/09/2011,81.06,-0.092322521
29/09/2011,88.9,-0.073183553
28/09/2011,95.65,-0.016897722
27/09/2011,97.28,0.036002214
26/09/2011,93.84,-0.003722814
23/09/2011,94.19,0.038197773
22/09/2011,90.66,-0.074682954
21/09/2011,97.69,0.006263819
20/09/2011,97.08,-0.032929372
19/09/2011,100.33,-0.021398046
16/09/2011,102.5,0.007835496
15/09/2011,101.7,0.027008468
14/09/2011,98.99,0.008420035
13/09/2011,98.16,0.054429507
12/09/2011,92.96,-0.011125489
09/09/2011,94,-0.036044644
08/09/2011,97.45,0.00824322
07/09/2011,96.65,0.045185701
06/09/2011,92.38,-0.014827821
02/09/2011,93.76,-0.018283204
01/09/2011,95.49,-0.011660726
31/08/2011,96.61,-0.046218853
30/08/2011,101.18,-0.011692592
29/08/2011,102.37,0.071458964
26/08/2011,95.31,0.0363249
25/08/2011,91.91,-0.008774362
24/08/2011,92.72,0.069208598
23/08/2011,86.52,0.152533865
22/08/2011,74.28,0.018341659
19/08/2011,72.93,-0.017803011
18/08/2011,74.24,-0.124346697
17/08/2011,84.07,-0.046936249
16/08/2011,88.11,-0.070225418
15/08/2011,94.52,0.012348464
12/08/2011,93.36,0.039657827
11/08/2011,89.73,0.050747947
10/08/2011,85.29,0.03751037
09/08/2011,82.15,-0.13357704
08/08/2011,93.89,-0.163434476
05/08/2011,110.56,-0.029499087
04/08/2011,113.87,-0.08175035
03/08/2011,123.57,0.011066921
02/08/2011,122.21,-0.036396867
01/08/2011,126.74,0.00847832
29/07/2011,125.67,-0.008399415
28/07/2011,126.73,0.013585115
27/07/2011,125.02,-0.04236296
26/07/2011,130.43,-0.016575805
25/07/2011,132.61,-0.003011824
22/07/2011,133.01,-0.000150353
21/07/2011,133.03,0
20/07/2011,133.03,-0.009426974
19/07/2011,134.29,0.040809584
18/07/2011,128.92,0.000155147
15/07/2011,128.9,0.006772298
14/07/2011,128.03,-0.004286667
13/07/2011,128.58,0.023687907
12/07/2011,125.57,0.004549635
11/07/2011,125,0.002803927
08/07/2011,124.65,0.012025487
07/07/2011,123.16,-0.006877884
06/07/2011,124.01,0.011190516
05/07/2011,122.63,0.00547857
01/07/2011,121.96,0.035384199
30/06/2011,117.72,0.007674635
29/06/2011,116.82,-0.007759578
28/06/2011,117.73,0.031844603
27/06/2011,114.04,0.005539693
24/06/2011,113.41,-0.011920555
23/06/2011,114.77,0.02059932
22/06/2011,112.43,-0.012111716
21/06/2011,113.8,0.027528352
20/06/2011,110.71,0.037080471
17/06/2011,106.68,-0.007936179
16/06/2011,107.53,0.010564301
15/06/2011,106.4,-0.012329691
14/06/2011,107.72,0.00764145
13/06/2011,106.9,0.013372457
10/06/2011,105.48,-0.002651015
09/06/2011,105.76,0.032188012
08/06/2011,102.41,0.006072497
07/06/2011,101.79,0.017041926
06/06/2011,100.07,-0.004287786
03/06/2011,100.5,-0.017360862
02/06/2011,102.26,0.001957714
01/06/2011,102.06,-0.036367644
31/05/2011,105.84,0.005305052
27/05/2011,105.28,0.001235565
26/05/2011,105.15,0.027869312
25/05/2011,102.26,0.007164268
24/05/2011,101.53,0.009400891
23/05/2011,100.58,-0.023192863
20/05/2011,102.94,-0.019623562
19/05/2011,104.98,0.027523344
18/05/2011,102.13,-0.000880842
17/05/2011,102.22,-0.013603008
16/05/2011,103.62,-0.016462853
13/05/2011,105.34,-0.01339011
12/05/2011,106.76,-0.000749064
11/05/2011,106.84,0.008176353
10/05/2011,105.97,0.119861253
09/05/2011,94,0.009405798
06/05/2011,93.12,0.000107394
05/05/2011,93.11,0.015259211
04/05/2011,91.7,0.007552989
03/05/2011,91.01,-0.005806645
02/05/2011,91.54,-0.04527786
29/04/2011,95.78,-0.000939212
28/04/2011,95.87,0.003657457
27/04/2011,95.52,-0.003866052
26/04/2011,95.89,-0.007687551
25/04/2011,96.63,-0.000827558
21/04/2011,96.71,0.007889587
20/04/2011,95.95,0.037700244
19/04/2011,92.4,0.006079046
18/04/2011,91.84,-0.028340239
15/04/2011,94.48,0.008930529
14/04/2011,93.64,-0.010939518
13/04/2011,94.67,0.023080413
12/04/2011,92.51,-0.0087177
11/04/2011,93.32,0.003434954
08/04/2011,93,-0.010908032
07/04/2011,94.02,0.026076254
06/04/2011,91.6,-0.021812764
05/04/2011,93.62,0.001068719
04/04/2011,93.52,-0.000961898
01/04/2011,93.61,-0.000427214
31/03/2011,93.65,0.021151107
30/03/2011,91.69,0.01804825
29/03/2011,90.05,0.020191376
28/03/2011,88.25,-0.003167782
25/03/2011,88.53,0.034591211
24/03/2011,85.52,0.014012593
23/03/2011,84.33,0.015415254
22/03/2011,83.04,0.015045176
21/03/2011,81.8,0.028268681
18/03/2011,79.52,-0.018934298
17/03/2011,81.04,-0.008967568
16/03/2011,81.77,-0.009493742
15/03/2011,82.55,0.001454722
14/03/2011,82.43,-0.001454722
11/03/2011,82.55,-0.008804254
10/03/2011,83.28,-0.01844083
09/03/2011,84.83,0.019281721
08/03/2011,83.21,0.001924697
07/03/2011,83.05,0.027094652
04/03/2011,80.83,0.006205034
03/03/2011,80.33,0.05291293
02/03/2011,76.19,0.014276515
01/03/2011,75.11,-0.021469379
28/02/2011,76.74,-0.014617685
25/02/2011,77.87,0.040089204
24/02/2011,74.81,0.001337614
23/02/2011,74.71,-0.037566803
22/02/2011,77.57,-0.016873723
18/02/2011,78.89,0.00597548
17/02/2011,78.42,-0.008507448
16/02/2011,79.09,0.004054231
15/02/2011,78.77,-0.058434171
14/02/2011,83.51,0.008659104
11/02/2011,82.79,0.028671408
10/02/2011,80.45,0.009868296
09/02/2011,79.66,0.018370061
08/02/2011,78.21,0.021322769
07/02/2011,76.56,0
04/02/2011,76.56,0.031984679
03/02/2011,74.15,0.018099426
02/02/2011,72.82,-0.003153495
01/02/2011,73.05,0.027760284
31/01/2011,71.05,0.015460204
28/01/2011,69.96,-0.013346783
27/01/2011,70.9,0.021095423
26/01/2011,69.42,0.022728251
25/01/2011,67.86,-0.026179506
24/01/2011,69.66,0.006047535
21/01/2011,69.24,-0.011630542
20/01/2011,70.05,0.012063912
19/01/2011,69.21,-0.013632987
18/01/2011,70.16,-0.001851193
14/01/2011,70.29,0.014473277
13/01/2011,69.28,0.010009513
12/01/2011,68.59,-0.013467729
11/01/2011,69.52,-0.027523372
10/01/2011,71.46,-0.006138412
07/01/2011,71.9,0.019238114
06/01/2011,70.53,-0.020627968
05/01/2011,72,-0.008161052
04/01/2011,72.59,-0.001376652
03/01/2011,72.69,0.030874842
31/12/2010,70.48,-0.019808191
30/12/2010,71.89,0.018673761
29/12/2010,70.56,-0.013234038
28/12/2010,71.5,0.003081667
27/12/2010,71.28,-0.017384486
23/12/2010,72.53,0.008863096
22/12/2010,71.89,-0.015733143
21/12/2010,73.03,0.016011384
20/12/2010,71.87,0.007682138
17/12/2010,71.32,-0.002660507
16/12/2010,71.51,0.002099812
15/12/2010,71.36,-0.019841095
14/12/2010,72.79,-0.005480216
13/12/2010,73.19,-0.003137578
10/12/2010,73.42,0.001226576
09/12/2010,73.33,0.015391262
08/12/2010,72.21,-0.004697439
07/12/2010,72.55,-0.00481266
06/12/2010,72.9,0.008817913
03/12/2010,72.26,-0.007170466
02/12/2010,72.78,0.064263758
01/12/2010,68.25,0.008830079
30/11/2010,67.65,-0.001624696
29/11/2010,67.76,-0.013049082
26/11/2010,68.65,-0.003489897
24/11/2010,68.89,0.023796658
23/11/2010,67.27,-0.021471413
22/11/2010,68.73,0.004082233
19/11/2010,68.45,-0.008437641
18/11/2010,69.03,0.032538756
17/11/2010,66.82,0.01447116
16/11/2010,65.86,-0.031829359
15/11/2010,67.99,0.003683788
12/11/2010,67.74,-0.017124458
11/11/2010,68.91,-0.011399012
10/11/2010,69.7,0.026900931
09/11/2010,67.85,0.058885163
08/11/2010,63.97,0.027737732
05/11/2010,62.22,0.015712642
04/11/2010,61.25,0.016959326
03/11/2010,60.22,0.000830634
02/11/2010,60.17,0.015239347
01/11/2010,59.26,0.004566604
29/10/2010,58.99,-0.006252661
28/10/2010,59.36,0.014422919
27/10/2010,58.51,0.009789687
26/10/2010,57.94,0.011107369
25/10/2010,57.3,0.012645058
22/10/2010,56.58,0.016932942
21/10/2010,55.63,0.030294287
20/10/2010,53.97,0.010055951
19/10/2010,53.43,-0.007086938
18/10/2010,53.81,-0.001671154
15/10/2010,53.9,-0.007946083
14/10/2010,54.33,0.023653212
13/10/2010,53.06,-0.028060932
12/10/2010,54.57,-0.00839421
11/10/2010,55.03,0.008944114
08/10/2010,54.54,-0.002563634
07/10/2010,54.68,0.031772296
06/10/2010,52.97,-0.021847569
05/10/2010,54.14,0.026009512
04/10/2010,52.75,-0.006048024
01/10/2010,53.07,-0.013475779
30/09/2010,53.79,0.016873291
29/09/2010,52.89,-0.031636431
28/09/2010,54.59,0.027108975
27/09/2010,53.13,0.001883949
24/09/2010,53.03,0.034337314
23/09/2010,51.24,-0.001365188
22/09/2010,51.31,-0.010276387
21/09/2010,51.84,-0.011316895
20/09/2010,52.43,0.016344946
17/09/2010,51.58,-0.005799359
16/09/2010,51.88,0.000964227
15/09/2010,51.83,0.006581518
14/09/2010,51.49,0.009561981
13/09/2010,51,0.01203289
10/09/2010,50.39,-0.00908738
09/09/2010,50.85,0.014459992
08/09/2010,50.12,0.013862603
07/09/2010,49.43,-0.015457499
03/09/2010,50.2,0.005793643
02/09/2010,49.91,0.022491071
01/09/2010,48.8,0.02721115
31/08/2010,47.49,-0.009639639
30/08/2010,47.95,0.041300037
27/08/2010,46.01,0.025535176
26/08/2010,44.85,0.003126398
25/08/2010,44.71,0.007408273
24/08/2010,44.38,0.000450755
23/08/2010,44.36,0.004745235
20/08/2010,44.15,0.000226526
19/08/2010,44.14,-0.019296089
18/08/2010,45,0.011173301
17/08/2010,44.5,0.015170675
16/08/2010,43.83,0.002970412
13/08/2010,43.7,-0.010924096
12/08/2010,44.18,0
11/08/2010,44.18,-0.036884874
10/08/2010,45.84,0.076359128
09/08/2010,42.47,0.020697777
06/08/2010,41.6,0.003612286
05/08/2010,41.45,0.01286894
04/08/2010,40.92,0.03759935
03/08/2010,39.41,-0.022579986
02/08/2010,40.31,0.017770459
30/07/2010,39.6,-0.00126183
29/07/2010,39.65,0.005564
28/07/2010,39.43,-0.029979762
27/07/2010,40.63,-0.004420439
26/07/2010,40.81,0.016055674
23/07/2010,40.16,0.024705063
22/07/2010,39.18,0.048637037
21/07/2010,37.32,-0.030089364
20/07/2010,38.46,0.036540999
19/07/2010,37.08,0.000269724
16/07/2010,37.07,-0.046642626
15/07/2010,38.84,0.011914153
14/07/2010,38.38,-0.00778618
13/07/2010,38.68,0.026724147
12/07/2010,37.66,-0.019198486
09/07/2010,38.39,0.01469457
08/07/2010,37.83,0.006896579
07/07/2010,37.57,0.046025822
06/07/2010,35.88,-0.001114206
02/07/2010,35.92,0.003625719
01/07/2010,35.79,0.030928838
30/06/2010,34.7,-0.000576203
29/06/2010,34.72,-0.042571615
28/06/2010,36.23,-0.009067242
25/06/2010,36.56,-0.003549492
24/06/2010,36.69,-0.06387395
23/06/2010,39.11,-0.007387628
22/06/2010,39.4,-0.017859863
21/06/2010,40.11,-0.01017
18/06/2010,40.52,0.00544421
17/06/2010,40.3,0.00797214
16/06/2010,39.98,-0.011440065
15/06/2010,40.44,0.027831808
14/06/2010,39.33,0.010222425
11/06/2010,38.93,0.010068499
10/06/2010,38.54,0.053015477
09/06/2010,36.55,0.031404554
08/06/2010,35.42,0.018521686
07/06/2010,34.77,-0.043338239
04/06/2010,36.31,-0.072749691
03/06/2010,39.05,0.039968752
02/06/2010,37.52,0.034986619
01/06/2010,36.23,-0.034453428
28/05/2010,37.5,-0.029947076
27/05/2010,38.64,0.063297056
26/05/2010,36.27,0.017241806
25/05/2010,35.65,-0.005873321
24/05/2010,35.86,-0.008884012
21/05/2010,36.18,-0.004412583
20/05/2010,36.34,-0.039919
19/05/2010,37.82,-0.032004813
18/05/2010,39.05,-0.012217001
17/05/2010,39.53,-0.011069295
14/05/2010,39.97,-0.039730581
13/05/2010,41.59,-0.006948632
12/05/2010,41.88,0.019773974
11/05/2010,41.06,0.081139266
10/05/2010,37.86,0.109006292
07/05/2010,33.95,-0.038710784
06/05/2010,35.29,-0.059140014
05/05/2010,37.44,-0.031807123
04/05/2010,38.65,-0.045767057
03/05/2010,40.46,0.037778353
30/04/2010,38.96,-0.041971231
29/04/2010,40.63,0.012382526
28/04/2010,40.13,-0.040054194
27/04/2010,41.77,-0.019441105
26/04/2010,42.59,-0.007485415
23/04/2010,42.91,0.02692652
22/04/2010,41.77,0.021537433
21/04/2010,40.88,0.015034171
20/04/2010,40.27,0.01048437
19/04/2010,39.85,-0.030155523
16/04/2010,41.07,-0.003160328
15/04/2010,41.2,0.006086446
14/04/2010,40.95,0.004650602
13/04/2010,40.76,0.038769392
12/04/2010,39.21,0.007423559
09/04/2010,38.92,0.006961482
08/04/2010,38.65,-0.014385041
07/04/2010,39.21,-0.013678025
06/04/2010,39.75,0.003780723
05/04/2010,39.6,0.020151173
01/04/2010,38.81,0.027957405
31/03/2010,37.74,-0.008180544
30/03/2010,38.05,-0.00550388
29/03/2010,38.26,0.01103822
26/03/2010,37.84,0.011963455
25/03/2010,37.39,-0.010641228
24/03/2010,37.79,-0.037142303
23/03/2010,39.22,0.006908048
22/03/2010,38.95,0.015263522
19/03/2010,38.36,-0.011404997
18/03/2010,38.8,-0.002316902
17/03/2010,38.89,-0.000514139
16/03/2010,38.91,0.003346637
15/03/2010,38.78,0.001290156
12/03/2010,38.73,-0.005150668
11/03/2010,38.93,0.003344915
10/03/2010,38.8,-0.012804272
09/03/2010,39.3,0.007919316
08/03/2010,38.99,0.006690709
05/03/2010,38.73,0.029610443
04/03/2010,37.6,-0.001594473
03/03/2010,37.66,0.000796919
02/03/2010,37.63,0.015263384
01/03/2010,37.06,0.02209884
26/02/2010,36.25,-0.002479682
25/02/2010,36.34,-0.00110011
24/02/2010,36.38,0.004683849
23/02/2010,36.21,-0.004683849
22/02/2010,36.38,-0.008485065
19/02/2010,36.69,0
18/02/2010,36.69,-0.003536937
17/02/2010,36.82,0.006539533
16/02/2010,36.58,0.066691374
12/02/2010,34.22,0.022160753
11/02/2010,33.47,0.022051943
10/02/2010,32.74,-0.006393689
09/02/2010,32.95,0.017450313
08/02/2010,32.38,0.009619935
05/02/2010,32.07,-0.003113328
04/02/2010,32.17,-0.038718447
03/02/2010,33.44,-0.00536834
02/02/2010,33.62,0.017402179
01/02/2010,33.04,0.011874093
29/01/2010,32.65,-0.021812437
28/01/2010,33.37,-0.024568351
27/01/2010,34.2,0.015915455
26/01/2010,33.66,-0.005628811
25/01/2010,33.85,-0.012331337
22/01/2010,34.27,-0.029612628
21/01/2010,35.3,-0.017411279
20/01/2010,35.92,-0.001112966
19/01/2010,35.96,0.004459316
15/01/2010,35.8,-0.001395674
14/01/2010,35.85,-0.000557724
13/01/2010,35.87,-0.001392952
12/01/2010,35.92,-0.004167251
11/01/2010,36.07,0.023279694
08/01/2010,35.24,0.014002229
07/01/2010,34.75,0.016246368
06/01/2010,34.19,0.006455421
05/01/2010,33.97,0.007979945
04/01/2010,33.7,0.004162956
31/12/2009,33.56,-0.013907607
30/12/2009,34.03,0.007077588
29/12/2009,33.79,0.001480824
28/12/2009,33.74,-0.002368266
24/12/2009,33.82,-0.001772526
23/12/2009,33.88,0.016066992
22/12/2009,33.34,-0.002097379
21/12/2009,33.41,0.016294869
18/12/2009,32.87,-0.018089128
17/12/2009,33.47,-0.008627155
16/12/2009,33.76,0.02186043
15/12/2009,33.03,0.005768955
14/12/2009,32.84,0.023414502
11/12/2009,32.08,-0.002179668
10/12/2009,32.15,0.01725533
09/12/2009,31.6,-0.001265022
08/12/2009,31.64,-0.003155572
07/12/2009,31.74,-0.001259446
04/12/2009,31.78,0.013303966
03/12/2009,31.36,-0.022075952
02/12/2009,32.06,0.007514124
01/12/2009,31.82,0.030958273
30/11/2009,30.85,-0.019262233
27/11/2009,31.45,-0.022946158
25/11/2009,32.18,-0.000931822
24/11/2009,32.21,-0.021195694
23/11/2009,32.9,0.031493804
20/11/2009,31.88,-0.002193327
19/11/2009,31.95,-0.023202897
18/11/2009,32.7,0.00306279
17/11/2009,32.6,0.002764554
16/11/2009,32.51,0.013938587
13/11/2009,32.06,0.025909822
12/11/2009,31.24,-0.023724029
11/11/2009,31.99,0.014801089
10/11/2009,31.52,0.086434709
09/11/2009,28.91,0.01674263
06/11/2009,28.43,0.003170691
05/11/2009,28.34,0.02212006
04/11/2009,27.72,0.008695707
03/11/2009,27.48,0.015032364
02/11/2009,27.07,0.012639573
30/10/2009,26.73,-0.031304342
29/10/2009,27.58,0.02608045
28/10/2009,26.87,-0.048666102
27/10/2009,28.21,-0.032092046
26/10/2009,29.13,-0.003427008
23/10/2009,29.23,-0.02466758
22/10/2009,29.96,0.016151091
21/10/2009,29.48,-0.005750058
20/10/2009,29.65,-0.022345435
19/10/2009,30.32,0.003303604
16/10/2009,30.22,-0.003963017
15/10/2009,30.34,0.002640266
14/10/2009,30.26,0.027132798
13/10/2009,29.45,0.003060706
12/10/2009,29.36,-0.008478938
09/10/2009,29.61,0.021506205
08/10/2009,28.98,0.020216792
07/10/2009,28.4,0.01311378
06/10/2009,28.03,0.031898319
05/10/2009,27.15,0.028391896
02/10/2009,26.39,-0.021739987
01/10/2009,26.97,-0.053423023
30/09/2009,28.45,-0.01014172
29/09/2009,28.74,0.017196423
28/09/2009,28.25,0.017497322
25/09/2009,27.76,-0.016789107
24/09/2009,28.23,-0.035836153
23/09/2009,29.26,-0.016943814
22/09/2009,29.76,0.00134499
21/09/2009,29.72,0.004721763
18/09/2009,29.58,0.011560822
17/09/2009,29.24,-0.005457039
16/09/2009,29.4,0.035662426
15/09/2009,28.37,-0.005974363
14/09/2009,28.54,0.024832777
11/09/2009,27.84,-0.00680153
10/09/2009,28.03,-0.01311378
09/09/2009,28.4,0.023874286
08/09/2009,27.73,0.023350204
04/09/2009,27.09,0.031117787
03/09/2009,26.26,0.021166848
02/09/2009,25.71,0.024012175
01/09/2009,25.1,-0.011093616
31/08/2009,25.38,-0.012140349
28/08/2009,25.69,0.012928682
27/08/2009,25.36,0.010703769
26/08/2009,25.09,0.000797448
25/08/2009,25.07,0.017300774
24/08/2009,24.64,-0.020884293
21/08/2009,25.16,0.003982482
20/08/2009,25.06,0.002397125
19/08/2009,25,-0.010346292
18/08/2009,25.26,0.019588873
17/08/2009,24.77,-0.031395386
14/08/2009,25.56,-0.00039116
13/08/2009,25.57,0.021744284
12/08/2009,25.02,-0.001996407
11/08/2009,25.07,-0.100482262
10/08/2009,27.72,0.02114552
07/08/2009,27.14,0.035630996
06/08/2009,26.19,-0.012144362
05/08/2009,26.51,-0.014975944
04/08/2009,26.91,0.002604653
03/08/2009,26.84,0.018804616
31/07/2009,26.34,0.011454879
30/07/2009,26.04,0.028434243
29/07/2009,25.31,0.002769537
28/07/2009,25.24,0.018796794
27/07/2009,24.77,-0.028260587
24/07/2009,25.48,-0.000392388
23/07/2009,25.49,0.025428466
22/07/2009,24.85,0.002014099
21/07/2009,24.8,0.006878441
20/07/2009,24.63,0.015961051
17/07/2009,24.24,-0.001236859
16/07/2009,24.27,0.018715456
15/07/2009,23.82,0.03982543
14/07/2009,22.89,0.01585238
13/07/2009,22.53,0.039380513
10/07/2009,21.66,0.002311071
09/07/2009,21.61,-0.004616813
08/07/2009,21.71,-0.010082579
07/07/2009,21.93,-0.027435946
06/07/2009,22.54,-0.037871773
02/07/2009,23.41,-0.053235022
01/07/2009,24.69,0.025016683
30/06/2009,24.08,0.006666691
29/06/2009,23.92,0.00083647
26/06/2009,23.9,0.026713482
25/06/2009,23.27,0.047072688
24/06/2009,22.2,-0.005838777
23/06/2009,22.33,-0.001342582
22/06/2009,22.36,-0.042466438
19/06/2009,23.33,0.03179018
18/06/2009,22.6,-0.001768347
17/06/2009,22.64,0.010210966
16/06/2009,22.41,-0.02031872
15/06/2009,22.87,-0.010872036
12/06/2009,23.12,-0.022665071
11/06/2009,23.65,-0.025465789
10/06/2009,24.26,0.009525854
09/06/2009,24.03,0.030849689
08/06/2009,23.3,-0.027514963
05/06/2009,23.95,0.028803347
04/06/2009,23.27,0.002151001
03/06/2009,23.22,-0.011986445
02/06/2009,23.5,0.000425622
01/06/2009,23.49,0.050196005
29/05/2009,22.34,0.034611834
28/05/2009,21.58,-0.011976191
27/05/2009,21.84,-0.02710193
26/05/2009,22.44,0.048389175
22/05/2009,21.38,0.008926533
21/05/2009,21.19,-0.00986155
20/05/2009,21.4,-0.023552232
19/05/2009,21.91,-0.007729068
18/05/2009,22.08,0.054923062
15/05/2009,20.9,-0.032017801
14/05/2009,21.58,0.047933256
13/05/2009,20.57,-0.046542113
12/05/2009,21.55,0.087728783
11/05/2009,19.74,-0.019067311
08/05/2009,20.12,0.0447229
07/05/2009,19.24,-0.018538121
06/05/2009,19.6,-0.027178321
05/05/2009,20.14,0.010481753
04/05/2009,19.93,0.014657831
01/05/2009,19.64,-0.02613214
30/04/2009,20.16,0.02613214
29/04/2009,19.64,0.01075004
28/04/2009,19.43,-0.002570035
27/04/2009,19.48,-0.002051283
24/04/2009,19.52,0.025948524
23/04/2009,19.02,-0.012020004
22/04/2009,19.25,0.0588405
21/04/2009,18.15,0.03875801
20/04/2009,17.46,-0.041509044
17/04/2009,18.2,0.011605546
16/04/2009,17.99,0.034495928
15/04/2009,17.38,-0.033939909
14/04/2009,17.98,-0.039798111
13/04/2009,18.71,0.002140183
09/04/2009,18.67,0.092528834
08/04/2009,17.02,0.040773034
07/04/2009,16.34,-0.042534114
06/04/2009,17.05,-0.032316719
03/04/2009,17.61,0.02763561
02/04/2009,17.13,0.073255132
01/04/2009,15.92,0.013915468
31/03/2009,15.7,-0.022670996
30/03/2009,16.06,-0.042663387
27/03/2009,16.76,-0.040344554
26/03/2009,17.45,0.060839545
25/03/2009,16.42,0.012871768
24/03/2009,16.21,-0.04345886
23/03/2009,16.93,0.081816282
20/03/2009,15.6,-0.014004048
19/03/2009,15.82,0.063275097
18/03/2009,14.85,0.061803768
17/03/2009,13.96,0.056737131
16/03/2009,13.19,-0.03134585
13/03/2009,13.61,0.005895374
12/03/2009,13.53,0.044586153
11/03/2009,12.94,0.032995923
10/03/2009,12.52,0.101640076
09/03/2009,11.31,-0.03816595
06/03/2009,11.75,-0.01268516
05/03/2009,11.9,-0.074468051
04/03/2009,12.82,0.056974894
03/03/2009,12.11,0.027628379
02/03/2009,11.78,-0.068879679
27/02/2009,12.62,0.007157088
26/02/2009,12.53,-0.026773253
25/02/2009,12.87,-0.030606827
24/02/2009,13.27,0.053397597
23/02/2009,12.58,-0.080898401
20/02/2009,13.64,-0.01527858
19/02/2009,13.85,0.017480416
18/02/2009,13.61,0.081084151
17/02/2009,12.55,0.037342001
13/02/2009,12.09,0.063160921
12/02/2009,11.35,0.007961121
11/02/2009,11.26,-0.009721685
10/02/2009,11.37,-0.052260285
09/02/2009,11.98,-0.042490052
06/02/2009,12.5,0.079909383
05/02/2009,11.54,0.013083484
04/02/2009,11.39,0.005281702
03/02/2009,11.33,-0.017498259
02/02/2009,11.53,-0.000866927
30/01/2009,11.54,-0.034912017
29/01/2009,11.95,-0.084987014
28/01/2009,13.01,0.064282341
27/01/2009,12.2,-0.008163311
26/01/2009,12.3,0.051721285
23/01/2009,11.68,-0.024525542
22/01/2009,11.97,-0.02148843
21/01/2009,12.23,0.005740073
20/01/2009,12.16,-0.083578958
16/01/2009,13.22,-0.01203022
15/01/2009,13.38,0.031893364
14/01/2009,12.96,-0.073611817
13/01/2009,13.95,-0.005005373
12/01/2009,14.02,-0.071557341
09/01/2009,15.06,-0.071115451
08/01/2009,16.17,-0.006779687
07/01/2009,16.28,-0.047970828
06/01/2009,17.08,-0.016836392
05/01/2009,17.37,
