Date,Close,HOG
04/04/2014,67.83,-0.011725182
03/04/2014,68.63,-0.001310521
02/04/2014,68.72,0.007155927
01/04/2014,68.23,0.024029634
31/03/2014,66.61,0.006627528
28/03/2014,66.17,0.001361059
27/03/2014,66.08,-0.011734752
26/03/2014,66.86,0.006903825
25/03/2014,66.4,-0.006455025
24/03/2014,66.83,-0.012343082
21/03/2014,67.66,-0.004571268
20/03/2014,67.97,0.002061856
19/03/2014,67.83,-0.005146692
18/03/2014,68.18,0.007951743
17/03/2014,67.64,0.006228702
14/03/2014,67.22,0.000148776
13/03/2014,67.21,-0.01153859
12/03/2014,67.99,-0.001616578
11/03/2014,68.1,0.010183838
10/03/2014,67.41,-0.01033067
07/03/2014,68.11,0.004856879
06/03/2014,67.78,0.012022408
05/03/2014,66.97,0.007794973
04/03/2014,66.45,0.02144732
03/03/2014,65.04,-0.015560955
28/02/2014,66.06,0.010041161
27/02/2014,65.4,0.016185324
26/02/2014,64.35,0.005610113
25/02/2014,63.99,-0.012270093
24/02/2014,64.78,0.007126289
21/02/2014,64.32,0.000155485
20/02/2014,64.31,0.018994371
19/02/2014,63.1,-0.010405265
18/02/2014,63.76,-0.018953496
14/02/2014,64.98,0.003391401
13/02/2014,64.76,-0.006311112
12/02/2014,65.17,0.00739261
11/02/2014,64.69,0.00154703
10/02/2014,64.59,-0.00601993
07/02/2014,64.98,0.007104277
06/02/2014,64.52,0.037424435
05/02/2014,62.15,-0.002892033
04/02/2014,62.33,0.017805585
03/02/2014,61.23,-0.007484578
31/01/2014,61.69,-0.024024218
30/01/2014,63.19,-0.013361827
29/01/2014,64.04,-0.013493807
28/01/2014,64.91,0.010687006
27/01/2014,64.22,0.003119154
24/01/2014,64.02,-0.02879115
23/01/2014,65.89,-0.014763751
22/01/2014,66.87,-0.009525299
21/01/2014,67.51,-0.001036346
17/01/2014,67.58,-0.007665132
16/01/2014,68.1,-0.008043919
15/01/2014,68.65,0.009513427
14/01/2014,68,0.011983278
13/01/2014,67.19,-0.035527455
10/01/2014,69.62,0.006195539
09/01/2014,69.19,-0.009493742
08/01/2014,69.85,0.011953768
07/01/2014,69.02,0.005666561
06/01/2014,68.63,-0.004071548
03/01/2014,68.91,0.005092031
02/01/2014,68.56,-0.009869456
31/12/2013,69.24,0.003617164
30/12/2013,68.99,-0.000869313
27/12/2013,69.05,-0.003036659
26/12/2013,69.26,0.000577701
24/12/2013,69.22,0.007104053
23/12/2013,68.73,0.009943056
20/12/2013,68.05,-0.002201836
19/12/2013,68.2,0.007506106
18/12/2013,67.69,0.008158467
17/12/2013,67.14,-0.008453888
16/12/2013,67.71,0.002958144
13/12/2013,67.51,-0.010608616
12/12/2013,68.23,0.000293169
11/12/2013,68.21,-0.016719151
10/12/2013,69.36,0.005928728
09/12/2013,68.95,0.006109999
06/12/2013,68.53,0.013515704
05/12/2013,67.61,0.016854751
04/12/2013,66.48,0.003767618
03/12/2013,66.23,-0.004820012
02/12/2013,66.55,-0.007037537
29/11/2013,67.02,-0.005653936
27/11/2013,67.4,0.001336204
26/11/2013,67.31,-0.0019295
25/11/2013,67.44,0.003267491
22/11/2013,67.22,-0.001040815
21/11/2013,67.29,0.010457221
20/11/2013,66.59,0.000751146
19/11/2013,66.54,0.000601323
18/11/2013,66.5,-0.00330281
15/11/2013,66.72,0.012062872
14/11/2013,65.92,0.008225484
13/11/2013,65.38,0.021333318
12/11/2013,64,-0.005453851
11/11/2013,64.35,0.00139958
08/11/2013,64.26,0.011267725
07/11/2013,63.54,-0.012200996
06/11/2013,64.32,-0.002329374
05/11/2013,64.47,-0.008187271
04/11/2013,65,0.003699141
01/11/2013,64.76,0.011180241
31/10/2013,64.04,-0.002339547
30/10/2013,64.19,-0.010229475
29/10/2013,64.85,0.004791724
28/10/2013,64.54,-0.006794344
25/10/2013,64.98,0.001231907
24/10/2013,64.9,0.01396454
23/10/2013,64,-0.011032666
22/10/2013,64.71,-0.013202525
21/10/2013,65.57,-0.002741397
18/10/2013,65.75,0.004114919
17/10/2013,65.48,-0.015757902
16/10/2013,66.52,0.019583169
15/10/2013,65.23,-0.007027221
14/10/2013,65.69,-0.000912964
11/10/2013,65.75,0.016253041
10/10/2013,64.69,0.011817895
09/10/2013,63.93,0.015606843
08/10/2013,62.94,-0.01685743
07/10/2013,64.01,-0.019952715
04/10/2013,65.3,0.012792037
03/10/2013,64.47,-0.013710451
02/10/2013,65.36,-0.001376042
01/10/2013,65.45,0.018660423
30/09/2013,64.24,-0.006362036
27/09/2013,64.65,0.000309406
26/09/2013,64.63,0.009951878
25/09/2013,63.99,-0.005610113
24/09/2013,64.35,0.005297613
23/09/2013,64.01,-0.004053638
20/09/2013,64.27,-0.003572264
19/09/2013,64.5,-0.004486047
18/09/2013,64.79,0.006969749
17/09/2013,64.34,0.015033168
16/09/2013,63.38,0.001263025
13/09/2013,63.3,0.004433193
12/09/2013,63.02,-0.00522277
11/09/2013,63.35,-0.00267991
10/09/2013,63.52,0.012993369
09/09/2013,62.7,0.011711051
06/09/2013,61.97,-0.00498995
05/09/2013,62.28,0.002089529
04/09/2013,62.15,0.017530071
03/09/2013,61.07,0.018009574
30/08/2013,59.98,-0.000333389
29/08/2013,60,0.01342302
28/08/2013,59.2,0.005929708
27/08/2013,58.85,-0.014340187
26/08/2013,59.7,-0.002342313
23/08/2013,59.84,0.01447593
22/08/2013,58.98,0.013828645
21/08/2013,58.17,-0.007706177
20/08/2013,58.62,0.009771227
19/08/2013,58.05,-0.006695879
16/08/2013,58.44,0.016215639
15/08/2013,57.5,-0.022866981
14/08/2013,58.83,-0.000509814
13/08/2013,58.86,0.015063619
12/08/2013,57.98,-0.013533397
09/08/2013,58.77,-0.007121088
08/08/2013,59.19,0.01652367
07/08/2013,58.22,-0.008381132
06/08/2013,58.71,-0.003061227
05/08/2013,58.89,0.0049366
02/08/2013,58.6,0.00273411
01/08/2013,58.44,0.02899257
31/07/2013,56.77,-0.007545881
30/07/2013,57.2,0.013730193
29/07/2013,56.42,0.018785775
26/07/2013,55.37,-0.006660091
25/07/2013,55.74,-0.002150538
24/07/2013,55.86,-0.001788589
23/07/2013,55.96,0.005914526
22/07/2013,55.63,-0.004304939
19/07/2013,55.87,-0.006778478
18/07/2013,56.25,0.012162554
17/07/2013,55.57,0.009038384
16/07/2013,55.07,-0.006696252
15/07/2013,55.44,-0.009335795
12/07/2013,55.96,0.015487434
11/07/2013,55.1,0.020350872
10/07/2013,53.99,-0.003882064
09/07/2013,54.2,-0.017738419
08/07/2013,55.17,-0.001449013
05/07/2013,55.25,0.010553227
03/07/2013,54.67,-0.003651638
02/07/2013,54.87,-0.012136731
01/07/2013,55.54,0.013048391
28/06/2013,54.82,0.022879227
27/06/2013,53.58,0.022460131
26/06/2013,52.39,0.016357528
25/06/2013,51.54,0.027339691
24/06/2013,50.15,-0.007746588
21/06/2013,50.54,-0.029247552
20/06/2013,52.04,-0.028976556
19/06/2013,53.57,-0.01150718
18/06/2013,54.19,0.012440974
17/06/2013,53.52,0.007313675
14/06/2013,53.13,-0.006379008
13/06/2013,53.47,0.019260414
12/06/2013,52.45,-0.01137453
11/06/2013,53.05,-0.01793435
10/06/2013,54.01,0.001667748
07/06/2013,53.92,-0.007943147
06/06/2013,54.35,0.008314136
05/06/2013,53.9,-0.003149025
04/06/2013,54.07,-0.009571212
03/06/2013,54.59,0.000916338
31/05/2013,54.54,-0.015825705
30/05/2013,55.41,-0.001082251
29/05/2013,55.47,-0.015739906
28/05/2013,56.35,0.016280886
24/05/2013,55.44,-0.02827609
23/05/2013,57.03,-0.010118719
22/05/2013,57.61,-0.027056445
21/05/2013,59.19,-0.004551209
20/05/2013,59.46,-0.000336304
17/05/2013,59.48,0.025714486
16/05/2013,57.97,-0.015575839
15/05/2013,58.88,0.006987672
14/05/2013,58.47,0.017946987
13/05/2013,57.43,0.001045296
10/05/2013,57.37,0.003492233
09/05/2013,57.17,-0.004015018
08/05/2013,57.4,-0.002436055
07/05/2013,57.54,0.042242305
06/05/2013,55.16,0.014793439
03/05/2013,54.35,0.003501985
02/05/2013,54.16,0.002773414
01/05/2013,54.01,-0.01178
30/04/2013,54.65,-0.002010786
29/04/2013,54.76,0.013235487
26/04/2013,54.04,-0.004983859
25/04/2013,54.31,0.020649976
24/04/2013,53.2,0.006411487
23/04/2013,52.86,0.026259295
22/04/2013,51.49,-0.006581518
19/04/2013,51.83,0.015163588
18/04/2013,51.05,-0.001956948
17/04/2013,51.15,-0.009340406
16/04/2013,51.63,0.033080394
15/04/2013,49.95,-0.040221213
12/04/2013,52,-0.004030329
11/04/2013,52.21,0
10/04/2013,52.21,0.020316071
09/04/2013,51.16,-0.004485624
08/04/2013,51.39,0.013320471
05/04/2013,50.71,-0.002560317
04/04/2013,50.84,0.006116227
03/04/2013,50.53,-0.020954453
02/04/2013,51.6,0.000775494
01/04/2013,51.56,-0.033190153
28/03/2013,53.3,0.009046424
27/03/2013,52.82,-0.004910303
26/03/2013,53.08,0.011177534
25/03/2013,52.49,-0.005699104
22/03/2013,52.79,0.001137225
21/03/2013,52.73,-0.023429054
20/03/2013,53.98,0.022291829
19/03/2013,52.79,-0.03169542
18/03/2013,54.49,-0.016742884
15/03/2013,55.41,0.008882502
14/03/2013,54.92,0.002369885
13/03/2013,54.79,0.004389983
12/03/2013,54.55,-0.004024887
11/03/2013,54.77,-0.000912492
08/03/2013,54.82,0.007139618
07/03/2013,54.43,0.013316269
06/03/2013,53.71,0.005975741
05/03/2013,53.39,0.009787392
04/03/2013,52.87,0.01620781
01/03/2013,52.02,-0.011658039
28/02/2013,52.63,0.007629257
27/02/2013,52.23,0.017381666
26/02/2013,51.33,0.013336146
25/02/2013,50.65,-0.010995595
22/02/2013,51.21,0.003129281
21/02/2013,51.05,-0.010134563
20/02/2013,51.57,-0.015966483
19/02/2013,52.4,-0.004949563
15/02/2013,52.66,-0.014890483
14/02/2013,53.45,-0.003361976
13/02/2013,53.63,0.006547587
12/02/2013,53.28,-0.003933694
11/02/2013,53.49,0.011847811
08/02/2013,52.86,0.006072125
07/02/2013,52.54,-0.006639501
06/02/2013,52.89,0.006639501
05/02/2013,52.54,0.01457081
04/02/2013,51.78,-0.018749354
01/02/2013,52.76,0.00646513
31/01/2013,52.42,-0.011003716
30/01/2013,53,-0.028275693
29/01/2013,54.52,0.02450921
28/01/2013,53.2,-0.013813921
25/01/2013,53.94,0.020225409
24/01/2013,52.86,0.021029259
23/01/2013,51.76,0.000966464
22/01/2013,51.71,-0.007705683
18/01/2013,52.11,0.001728609
17/01/2013,52.02,0.024716642
16/01/2013,50.75,-0.011363759
15/01/2013,51.33,0.020469126
14/01/2013,50.29,0.002987157
11/01/2013,50.14,-0.004378116
10/01/2013,50.36,-0.008895976
09/01/2013,50.81,0.038724871
08/01/2013,48.88,-0.003064041
07/01/2013,49.03,0.006958685
04/01/2013,48.69,-0.005529968
03/01/2013,48.96,-0.020819347
02/01/2013,49.99,0.023478107
31/12/2012,48.83,0.032469033
28/12/2012,47.27,-0.012822036
27/12/2012,47.88,-0.000417624
26/12/2012,47.9,-0.013890552
24/12/2012,48.57,-0.002467614
21/12/2012,48.69,-0.004917035
20/12/2012,48.93,0.004095848
19/12/2012,48.73,-0.013453118
18/12/2012,49.39,0.00344793
17/12/2012,49.22,0.028646987
14/12/2012,47.83,-0.003547953
13/12/2012,48,-0.024692613
12/12/2012,49.2,0.032640782
11/12/2012,47.62,0.020365574
10/12/2012,46.66,0.004295539
07/12/2012,46.46,0.006044923
06/12/2012,46.18,-0.002163098
05/12/2012,46.28,-0.004957441
04/12/2012,46.51,0.011025947
03/12/2012,46,-0.020654779
30/11/2012,46.96,-0.008692941
29/11/2012,47.37,-0.003582345
28/11/2012,47.54,0.011636649
27/11/2012,46.99,-0.021057843
26/11/2012,47.99,-0.005610404
23/11/2012,48.26,0.010414591
21/11/2012,47.76,-0.000418673
20/11/2012,47.78,-0.003968674
19/11/2012,47.97,0.037163211
16/11/2012,46.22,-0.007973321
15/11/2012,46.59,0.019944299
14/11/2012,45.67,0.003070178
13/11/2012,45.53,-0.006785623
12/11/2012,45.84,0.012070815
09/11/2012,45.29,0.007090657
08/11/2012,44.97,-0.033671742
07/11/2012,46.51,-0.02337548
06/11/2012,47.61,0.005687219
05/11/2012,47.34,0.001056747
02/11/2012,47.29,-0.006743967
01/11/2012,47.61,0.018014687
31/10/2012,46.76,0.013781441
26/10/2012,46.12,-0.008635632
25/10/2012,46.52,0.003876809
24/10/2012,46.34,-0.011798914
23/10/2012,46.89,0.074354078
22/10/2012,43.53,-0.00800828
19/10/2012,43.88,-0.014704484
18/10/2012,44.53,0.011973485
17/10/2012,44,0.018349139
16/10/2012,43.2,0.031509778
15/10/2012,41.86,0.010566861
12/10/2012,41.42,-0.00889322
11/10/2012,41.79,-0.00262875
10/10/2012,41.9,0
09/10/2012,41.9,-0.01374755
08/10/2012,42.48,0.011601882
05/10/2012,41.99,0.008850674
04/10/2012,41.62,0.020143868
03/10/2012,40.79,-0.031848289
02/10/2012,42.11,-0.004028919
01/10/2012,42.28,-0.002126404
28/09/2012,42.37,-0.002592812
27/09/2012,42.48,0.013031816
26/09/2012,41.93,-0.011146801
25/09/2012,42.4,-0.021927634
24/09/2012,43.34,-0.017157003
21/09/2012,44.09,-0.003848335
20/09/2012,44.26,-0.03070319
19/09/2012,45.64,0.00153492
18/09/2012,45.57,-0.016755914
17/09/2012,46.34,0.00021582
14/09/2012,46.33,0.013035162
13/09/2012,45.73,0.001750931
12/09/2012,45.65,0.013674673
11/09/2012,45.03,0.006908105
10/09/2012,44.72,0.016913246
07/09/2012,43.97,0.009827527
06/09/2012,43.54,0.045339533
05/09/2012,41.61,-0.001680874
04/09/2012,41.68,-0.006695386
31/08/2012,41.96,-0.010903166
30/08/2012,42.42,-0.014974543
29/08/2012,43.06,-0.003708859
28/08/2012,43.22,0.002780354
27/08/2012,43.1,0.012843142
24/08/2012,42.55,0.002824196
23/08/2012,42.43,-0.014274257
22/08/2012,43.04,0.00325809
21/08/2012,42.9,0.011487642
20/08/2012,42.41,0.003070022
17/08/2012,42.28,-0.003070022
16/08/2012,42.41,0.023378927
15/08/2012,41.43,0.006052554
14/08/2012,41.18,-0.005328179
13/08/2012,41.4,0.000966651
10/08/2012,41.36,-0.007707167
09/08/2012,41.68,-0.000239894
08/08/2012,41.69,-0.016179273
07/08/2012,42.37,0.010200539
06/08/2012,41.94,-0.01067246
03/08/2012,42.39,0.028474229
02/08/2012,41.2,-0.011343189
01/08/2012,41.67,-0.036753253
31/07/2012,43.23,-0.028729746
30/07/2012,44.49,-0.003365873
27/07/2012,44.64,0.032789823
26/07/2012,43.2,0.026505598
25/07/2012,42.07,-0.007577588
24/07/2012,42.39,-0.019853507
23/07/2012,43.24,-0.015376092
20/07/2012,43.91,-0.019619527
19/07/2012,44.78,0.017117535
18/07/2012,44.02,0.004097433
17/07/2012,43.84,0.000912825
16/07/2012,43.8,-0.003418807
13/07/2012,43.95,0.009602269
12/07/2012,43.53,-0.029204113
11/07/2012,44.82,-0.049406196
10/07/2012,47.09,0.030181209
09/07/2012,45.69,-0.00936724
06/07/2012,46.12,-0.016131117
05/07/2012,46.87,0.008570869
03/07/2012,46.47,0.014304535
02/07/2012,45.81,0.00174787
29/06/2012,45.73,0.023004775
28/06/2012,44.69,-0.00535596
27/06/2012,44.93,-0.027441081
26/06/2012,46.18,-0.03698615
25/06/2012,47.92,-0.023918666
22/06/2012,49.08,0.00797795
21/06/2012,48.69,-0.031337852
20/06/2012,50.24,-0.002981221
19/06/2012,50.39,0.016810482
18/06/2012,49.55,0.010957902
15/06/2012,49.01,-0.008533168
14/06/2012,49.43,0.023747278
13/06/2012,48.27,-0.022937725
12/06/2012,49.39,0.033350147
11/06/2012,47.77,-0.01845951
08/06/2012,48.66,0.013656326
07/06/2012,48,-0.00332779
06/06/2012,48.16,0.028431946
05/06/2012,46.81,0.017455459
04/06/2012,46,-0.005852406
01/06/2012,46.27,-0.040450194
31/05/2012,48.18,0.018010958
30/05/2012,47.32,-0.024424552
29/05/2012,48.49,0.020206916
25/05/2012,47.52,0.002739439
24/05/2012,47.39,-0.000843704
23/05/2012,47.43,-0.003367715
22/05/2012,47.59,0.008016921
21/05/2012,47.21,0.041961173
18/05/2012,45.27,-0.010328627
17/05/2012,45.74,-0.019270922
16/05/2012,46.63,-0.009179272
15/05/2012,47.06,-0.014765086
14/05/2012,47.76,-0.021336905
11/05/2012,48.79,-0.037808646
10/05/2012,50.67,0.003756801
09/05/2012,50.48,-0.004151434
08/05/2012,50.69,-0.016629553
07/05/2012,51.54,-0.006767888
04/05/2012,51.89,-0.021354482
03/05/2012,53.01,-0.008266062
02/05/2012,53.45,0.002622707
01/05/2012,53.31,0.01855411
30/04/2012,52.33,-0.010644465
27/04/2012,52.89,0.00018909
26/04/2012,52.88,-0.011469525
25/04/2012,53.49,0.060297511
24/04/2012,50.36,-0.004359032
23/04/2012,50.58,-0.02190154
20/04/2012,51.7,0.042071969
19/04/2012,49.57,-0.001813968
18/04/2012,49.66,0.005856828
17/04/2012,49.37,0.02793363
16/04/2012,48.01,-0.003119478
13/04/2012,48.16,-0.007447283
12/04/2012,48.52,0.019143323
11/04/2012,47.6,0.015668328
10/04/2012,46.86,-0.001279591
09/04/2012,46.92,-0.030849157
05/04/2012,48.39,-0.005153057
04/04/2012,48.64,-0.008801612
03/04/2012,49.07,-0.010944576
02/04/2012,49.61,0.010740806
30/03/2012,49.08,0.012300278
29/03/2012,48.48,-0.010668956
28/03/2012,49,-0.015993863
27/03/2012,49.79,-0.013763058
26/03/2012,50.48,0.028533179
23/03/2012,49.06,0.003062164
22/03/2012,48.91,-0.015620563
21/03/2012,49.68,0.005247237
20/03/2012,49.42,-0.001617469
19/03/2012,49.5,0.002224695
16/03/2012,49.39,0.001215559
15/03/2012,49.33,-0.008679033
14/03/2012,49.76,0.008071069
13/03/2012,49.36,0.025650324
12/03/2012,48.11,0.02589891
09/03/2012,46.88,0.019602135
08/03/2012,45.97,0.008081293
07/03/2012,45.6,0.010582109
06/03/2012,45.12,-0.029696505
05/03/2012,46.48,-0.008142321
02/03/2012,46.86,-0.008499839
01/03/2012,47.26,0.014493007
29/02/2012,46.58,-0.004284497
28/02/2012,46.78,-0.006180094
27/02/2012,47.07,0.000637552
24/02/2012,47.04,-0.003819228
23/02/2012,47.22,0.008934329
22/02/2012,46.8,0.022254348
21/02/2012,45.77,-0.006098908
17/02/2012,46.05,0.013334988
16/02/2012,45.44,-0.003953442
15/02/2012,45.62,-0.019106096
14/02/2012,46.5,0.000645369
13/02/2012,46.47,0.008210936
10/02/2012,46.09,-0.010145797
09/02/2012,46.56,0.004304785
08/02/2012,46.36,0.00975406
07/02/2012,45.91,0.012934522
06/02/2012,45.32,-0.01728141
03/02/2012,46.11,0.0319516
02/02/2012,44.66,0.004938282
01/02/2012,44.44,0.005641446
31/01/2012,44.19,0.006356435
30/01/2012,43.91,-0.00974512
27/01/2012,44.34,-0.00472495
26/01/2012,44.55,-0.005372746
25/01/2012,44.79,0.033370478
24/01/2012,43.32,0.034044842
23/01/2012,41.87,-0.002147203
20/01/2012,41.96,-0.002142603
19/01/2012,42.05,0.003812251
18/01/2012,41.89,0.011283279
17/01/2012,41.42,-0.014619793
13/01/2012,42.03,0.030927809
12/01/2012,40.75,0.021330174
11/01/2012,39.89,-0.010969943
10/01/2012,40.33,0.024599634
09/01/2012,39.35,-0.005827965
06/01/2012,39.58,-0.007801726
05/01/2012,39.89,0.005782543
04/01/2012,39.66,0.008355537
03/01/2012,39.33,0.011764842
30/12/2011,38.87,0.003091989
29/12/2011,38.75,0.01429524
28/12/2011,38.2,-0.013262449
27/12/2011,38.71,-0.012323648
23/12/2011,39.19,0.02010377
22/12/2011,38.41,0.013894574
21/12/2011,37.88,0.008217409
20/12/2011,37.57,0.032461601
19/12/2011,36.37,-0.008759979
16/12/2011,36.69,-0.015147706
15/12/2011,37.25,0.019518104
14/12/2011,36.53,-0.002460698
13/12/2011,36.62,-0.039094671
12/12/2011,38.08,-0.014598799
09/12/2011,38.64,0.025689486
08/12/2011,37.66,-0.022319425
07/12/2011,38.51,0.007820686
06/12/2011,38.21,-0.010414049
05/12/2011,38.61,0.021202208
02/12/2011,37.8,0.017614547
01/12/2011,37.14,0.010012261
30/11/2011,36.77,0.053916143
29/11/2011,34.84,-0.018766544
28/11/2011,35.5,0.01991531
25/11/2011,34.8,0.006052764
23/11/2011,34.59,-0.01634445
22/11/2011,35.16,-0.01074975
21/11/2011,35.54,-0.02226024
18/11/2011,36.34,-0.000550206
17/11/2011,36.36,-0.066753476
16/11/2011,38.87,-0.03040518
15/11/2011,40.07,0.01762382
14/11/2011,39.37,-0.00279011
11/11/2011,39.48,0.0477269
10/11/2011,37.64,0.00026571
09/11/2011,37.63,-0.04799261
08/11/2011,39.48,0.014029053
07/11/2011,38.93,-0.001540041
04/11/2011,38.99,-0.008428092
03/11/2011,39.32,0.011767851
02/11/2011,38.86,0.022116161
01/11/2011,38.01,-0.023144968
31/10/2011,38.9,-0.019348872
28/10/2011,39.66,-0.006784798
27/10/2011,39.93,0.039330912
26/10/2011,38.39,0.013109784
25/10/2011,37.89,-0.031435242
24/10/2011,39.1,0.039118417
21/10/2011,37.6,0.064254873
20/10/2011,35.26,0.025565086
19/10/2011,34.37,-0.006380532
18/10/2011,34.59,-0.073012919
17/10/2011,37.21,-0.0175817
14/10/2011,37.87,0.038766631
13/10/2011,36.43,-0.007111627
12/10/2011,36.69,0.030158601
11/10/2011,35.6,0.023303129
10/10/2011,34.78,0.038094263
07/10/2011,33.48,-0.050097837
06/10/2011,35.2,0.013154322
05/10/2011,34.74,0.00809253
04/10/2011,34.46,0.020226397
03/10/2011,33.77,-0.016446773
30/09/2011,34.33,-0.050827121
29/09/2011,36.12,0.011415967
28/09/2011,35.71,-0.013075718
27/09/2011,36.18,0.033158418
26/09/2011,35,0.032228076
23/09/2011,33.89,0.003843316
22/09/2011,33.76,-0.044039561
21/09/2011,35.28,-0.039188007
20/09/2011,36.69,-0.010843153
19/09/2011,37.09,-0.010993541
16/09/2011,37.5,-0.003460672
15/09/2011,37.63,0.0313116
14/09/2011,36.47,0.020219495
13/09/2011,35.74,0.02493047
12/09/2011,34.86,0.006619682
09/09/2011,34.63,-0.045994847
08/09/2011,36.26,-0.009606222
07/09/2011,36.61,0.040696809
06/09/2011,35.15,-0.02389432
02/09/2011,36,-0.043751034
01/09/2011,37.61,-0.027535501
31/08/2011,38.66,0.027801423
30/08/2011,37.6,0.003730353
29/08/2011,37.46,0.061091896
26/08/2011,35.24,0.031419215
25/08/2011,34.15,-0.018279923
24/08/2011,34.78,0.016816865
23/08/2011,34.2,0.063369614
22/08/2011,32.1,-0.000311478
19/08/2011,32.11,-0.048627021
18/08/2011,33.71,-0.094743692
17/08/2011,37.06,-0.009399828
16/08/2011,37.41,-0.020897467
15/08/2011,38.2,0.016097458
12/08/2011,37.59,0.006672919
11/08/2011,37.34,0.0477195
10/08/2011,35.6,-0.047183738
09/08/2011,37.32,0.054230984
08/08/2011,35.35,-0.100568287
05/08/2011,39.09,-0.001533743
04/08/2011,39.15,-0.070507263
03/08/2011,42.01,0.006687391
02/08/2011,41.73,-0.019929485
01/08/2011,42.57,-0.01907922
29/07/2011,43.39,-0.001611975
28/07/2011,43.46,-0.010756483
27/07/2011,43.93,-0.035334624
26/07/2011,45.51,-0.00438501
25/07/2011,45.71,-0.004365866
22/07/2011,45.91,0.005460317
21/07/2011,45.66,0.014782398
20/07/2011,44.99,-0.002663709
19/07/2011,45.11,0.085581554
18/07/2011,41.41,-0.010330422
15/07/2011,41.84,0.00095648
14/07/2011,41.8,-0.008101069
13/07/2011,42.14,0.011936165
12/07/2011,41.64,-0.007893834
11/07/2011,41.97,-0.022848715
08/07/2011,42.94,-0.003487159
07/07/2011,43.09,0.017558686
06/07/2011,42.34,-0.011973379
05/07/2011,42.85,0.017895462
01/07/2011,42.09,0.026970091
30/06/2011,40.97,0.0388205
29/06/2011,39.41,0.007897124
28/06/2011,39.1,0.019628729
27/06/2011,38.34,0.007067167
24/06/2011,38.07,-0.002885248
23/06/2011,38.18,0.016105959
22/06/2011,37.57,-0.009272818
21/06/2011,37.92,0.025101451
20/06/2011,36.98,0.006511146
17/06/2011,36.74,0.017296244
16/06/2011,36.11,0.008063439
15/06/2011,35.82,-0.013035825
14/06/2011,36.29,0.041350287
13/06/2011,34.82,-0.016519886
10/06/2011,35.4,-0.027032439
09/06/2011,36.37,0.012728451
08/06/2011,35.91,-0.018212424
07/06/2011,36.57,-0.00789872
06/06/2011,36.86,0.027225661
03/06/2011,35.87,-0.015765781
02/06/2011,36.44,0.012703844
01/06/2011,35.98,-0.032269685
31/05/2011,37.16,0.008105962
27/05/2011,36.86,0.007351973
26/05/2011,36.59,0.009611498
25/05/2011,36.24,0.000828157
24/05/2011,36.21,-0.004133946
23/05/2011,36.36,-0.005485477
20/05/2011,36.56,-0.016278167
19/05/2011,37.16,-0.001075847
18/05/2011,37.2,0.009996031
17/05/2011,36.83,-0.010533521
16/05/2011,37.22,-0.023892828
13/05/2011,38.12,-0.000262295
12/05/2011,38.13,0.009221512
11/05/2011,37.78,-0.018878379
10/05/2011,38.5,0.024186247
09/05/2011,37.58,-0.005307868
06/05/2011,37.78,0.021132256
05/05/2011,36.99,0.005965311
04/05/2011,36.77,-0.0070461
03/05/2011,37.03,-0.0179317
02/05/2011,37.7,0.011739729
29/04/2011,37.26,0
28/04/2011,37.26,-0.014653253
27/04/2011,37.81,0.001323277
26/04/2011,37.76,0.005576963
25/04/2011,37.55,-0.016114468
21/04/2011,38.16,0.007628605
20/04/2011,37.87,0.006889269
19/04/2011,37.61,-0.054333073
18/04/2011,39.71,-0.020932735
15/04/2011,40.55,0.001974822
14/04/2011,40.47,0.007938518
13/04/2011,40.15,0.017081551
12/04/2011,39.47,0.003553303
11/04/2011,39.33,-0.00583092
08/04/2011,39.56,-0.015799702
07/04/2011,40.19,-0.005706504
06/04/2011,40.42,-0.032374739
05/04/2011,41.75,-0.004063589
04/04/2011,41.92,-0.005471644
01/04/2011,42.15,-0.00803407
31/03/2011,42.49,0.004481668
30/03/2011,42.3,0.022231106
29/03/2011,41.37,0.020266839
28/03/2011,40.54,-0.01030684
25/03/2011,40.96,0.020222637
24/03/2011,40.14,0.000997009
23/03/2011,40.1,0.00500001
22/03/2011,39.9,-0.026463768
21/03/2011,40.97,0.016736792
18/03/2011,40.29,0.001738915
17/03/2011,40.22,0.0022402
16/03/2011,40.13,-0.017782637
15/03/2011,40.85,0.000489716
14/03/2011,40.83,-0.003178875
11/03/2011,40.96,0.021718524
10/03/2011,40.08,-0.023182296
09/03/2011,41.02,-0.014521068
08/03/2011,41.62,0.021124981
07/03/2011,40.75,0.024845999
04/03/2011,39.75,-0.015724772
03/03/2011,40.38,0.011958289
02/03/2011,39.9,0.01566084
01/03/2011,39.28,-0.038456674
28/02/2011,40.82,-0.00122414
25/02/2011,40.87,0.004168205
24/02/2011,40.7,-0.002208861
23/02/2011,40.79,-0.004159027
22/02/2011,40.96,-0.027926707
18/02/2011,42.12,-0.006861496
17/02/2011,42.41,-0.004939443
16/02/2011,42.62,0.002349073
15/02/2011,42.52,-0.003755873
14/02/2011,42.68,-0.010024562
11/02/2011,43.11,0.027276556
10/02/2011,41.95,0.014889804
09/02/2011,41.33,0.005094007
08/02/2011,41.12,-0.003641223
07/02/2011,41.27,0.003884443
04/02/2011,41.11,0.015690442
03/02/2011,40.47,0.007440511
02/02/2011,40.17,-0.008428409
01/02/2011,40.51,0.021457909
31/01/2011,39.65,0.007086843
28/01/2011,39.37,-0.022850963
27/01/2011,40.28,0.023104996
26/01/2011,39.36,-0.001776876
25/01/2011,39.43,0.077488697
24/01/2011,36.49,0.013797128
21/01/2011,35.99,0.001112038
20/01/2011,35.95,-0.000834144
19/01/2011,35.98,-0.020358337
18/01/2011,36.72,-0.00732604
14/01/2011,36.99,0.002165089
13/01/2011,36.91,0.003528298
12/01/2011,36.78,0.013136478
11/01/2011,36.3,-0.005220509
10/01/2011,36.49,-0.00027401
07/01/2011,36.5,0.006045635
06/01/2011,36.28,0.00055142
05/01/2011,36.26,0.039375165
04/01/2011,34.86,-0.002292265
03/01/2011,34.94,0.007757545
31/12/2010,34.67,0.001732102
30/12/2010,34.61,-0.008057598
29/12/2010,34.89,0.007768705
28/12/2010,34.62,0.001734606
27/12/2010,34.56,-0.001734606
23/12/2010,34.62,-0.011202185
22/12/2010,35.01,-0.004844004
21/12/2010,35.18,0.023002739
20/12/2010,34.38,-0.003484324
17/12/2010,34.5,0.007856871
16/12/2010,34.23,0.008802874
15/12/2010,33.93,0.00798939
14/12/2010,33.66,0.007454932
13/12/2010,33.41,-0.008345801
10/12/2010,33.69,0.005357156
09/12/2010,33.51,-0.006247231
08/12/2010,33.72,0.00386273
07/12/2010,33.59,0.00507388
06/12/2010,33.42,0.005099756
03/12/2010,33.25,0.006033201
02/12/2010,33.05,0.024193494
01/12/2010,32.26,0.030849157
30/11/2010,31.28,-0.005737982
29/11/2010,31.46,0.004140793
26/11/2010,31.33,-0.014890185
24/11/2010,31.8,0.020973123
23/11/2010,31.14,-0.014030842
22/11/2010,31.58,-0.010082001
19/11/2010,31.9,0.005028295
18/11/2010,31.74,0.019727016
17/11/2010,31.12,0.011635555
16/11/2010,30.76,-0.022819566
15/11/2010,31.47,-0.00728197
12/11/2010,31.7,-0.019678911
11/11/2010,32.33,0.001547748
10/11/2010,32.28,0.016555118
09/11/2010,31.75,-0.020882791
08/11/2010,32.42,-0.036643009
05/11/2010,33.63,0.006862626
04/11/2010,33.4,0.04563646
03/11/2010,31.91,0.016111547
02/11/2010,31.4,0.02548114
01/11/2010,30.61,-0.00163212
29/10/2010,30.66,0.007858587
28/10/2010,30.42,-0.016949558
27/10/2010,30.94,-0.016984866
26/10/2010,31.47,0
25/10/2010,31.47,0.00477784
22/10/2010,31.32,-0.000638366
21/10/2010,31.34,0.012522238
20/10/2010,30.95,0.021225287
19/10/2010,30.3,-0.069784637
18/10/2010,32.49,0.005865119
15/10/2010,32.3,0.009956523
14/10/2010,31.98,-0.011503314
13/10/2010,32.35,0.018721296
12/10/2010,31.75,0.004102894
11/10/2010,31.62,-0.002211342
08/10/2010,31.69,0.018471863
07/10/2010,31.11,0.003864739
06/10/2010,30.99,-0.034879883
05/10/2010,32.09,0.08686974
04/10/2010,29.42,0.029317499
01/10/2010,28.57,0.004560611
30/09/2010,28.44,0.003522371
29/09/2010,28.34,-0.010180885
28/09/2010,28.63,0.014424173
27/09/2010,28.22,-0.009873141
24/09/2010,28.5,0.042285053
23/09/2010,27.32,-0.014895825
22/09/2010,27.73,-0.022112171
21/09/2010,28.35,-0.005277057
20/09/2010,28.5,0.007749246
17/09/2010,28.28,-0.005290085
16/09/2010,28.43,-0.014318387
15/09/2010,28.84,0.048668812
14/09/2010,27.47,0.006574165
13/09/2010,27.29,0.02523325
10/09/2010,26.61,0.003765065
09/09/2010,26.51,0.008333382
08/09/2010,26.29,-0.007956094
07/09/2010,26.5,-0.023495394
03/09/2010,27.13,0.037173418
02/09/2010,26.14,0.020093412
01/09/2010,25.62,0.05166314
31/08/2010,24.33,-0.004510978
30/08/2010,24.44,-0.022654691
27/08/2010,25,0.040405415
26/08/2010,24.01,-0.007055435
25/08/2010,24.18,0.004144225
24/08/2010,24.08,-0.033084496
23/08/2010,24.89,-0.012774625
20/08/2010,25.21,-0.007902056
19/08/2010,25.41,-0.044639962
18/08/2010,26.57,0.003015456
17/08/2010,26.49,0.021752432
16/08/2010,25.92,0.013595082
13/08/2010,25.57,-0.00429269
12/08/2010,25.68,-0.016222836
11/08/2010,26.1,-0.054792911
10/08/2010,27.57,-0.024011188
09/08/2010,28.24,0.008534902
06/08/2010,28,-0.021551797
05/08/2010,28.61,0.027282472
04/08/2010,27.84,0.016295852
03/08/2010,27.39,-0.029498542
02/08/2010,28.21,0.035357218
30/07/2010,27.23,0.008112139
29/07/2010,27.01,-0.013240355
28/07/2010,27.37,-0.027389099
27/07/2010,28.13,-0.026312692
26/07/2010,28.88,0.018169612
23/07/2010,28.36,0.016353013
22/07/2010,27.9,0.044712468
21/07/2010,26.68,-0.005606443
20/07/2010,26.83,0.127850313
19/07/2010,23.61,0.002544531
16/07/2010,23.55,-0.060149924
15/07/2010,25.01,-0.009550411
14/07/2010,25.25,0.00595831
13/07/2010,25.1,0.051083629
12/07/2010,23.85,0.002518893
09/07/2010,23.79,0.048664069
08/07/2010,22.66,0.016014577
07/07/2010,22.3,0.036068735
06/07/2010,21.51,-0.016140539
02/07/2010,21.86,-0.015884155
01/07/2010,22.21,-0.00090009
30/06/2010,22.23,-0.040119994
29/06/2010,23.14,-0.03189724
28/06/2010,23.89,-0.02480491
25/06/2010,24.49,0.032789823
24/06/2010,23.7,-0.050997892
23/06/2010,24.94,-0.004800009
22/06/2010,25.06,-0.049436024
21/06/2010,26.33,-0.018065979
18/06/2010,26.81,-0.015911529
17/06/2010,27.24,0.005152753
16/06/2010,27.1,-0.02765824
15/06/2010,27.86,0.013005964
14/06/2010,27.5,0.016498999
11/06/2010,27.05,-0.009932029
10/06/2010,27.32,0.042623274
09/06/2010,26.18,-0.004953335
08/06/2010,26.31,0.012622084
07/06/2010,25.98,-0.051389518
04/06/2010,27.35,-0.06647905
03/06/2010,29.23,-0.006139173
02/06/2010,29.41,0.007851209
01/06/2010,29.18,-0.034689452
28/05/2010,30.21,-0.028713229
27/05/2010,31.09,0.035355565
26/05/2010,30.01,0.00233528
25/05/2010,29.94,-0.016233585
24/05/2010,30.43,-0.014355875
21/05/2010,30.87,0.021611843
20/05/2010,30.21,-0.06348285
19/05/2010,32.19,-0.012656443
18/05/2010,32.6,-0.011589029
17/05/2010,32.98,0.019596463
14/05/2010,32.34,-0.017471709
13/05/2010,32.91,-0.039033706
12/05/2010,34.22,0.02485335
11/05/2010,33.38,0.012055601
10/05/2010,32.98,0.088721864
07/05/2010,30.18,-0.026807751
06/05/2010,31,-0.017269377
05/05/2010,31.54,-0.042823794
04/05/2010,32.92,-0.058692945
03/05/2010,34.91,0.031425338
30/04/2010,33.83,-0.034000079
29/04/2010,35,0.023999995
28/04/2010,34.17,0.00557595
27/04/2010,33.98,-0.037260628
26/04/2010,35.27,-0.006218222
23/04/2010,35.49,0.007636864
22/04/2010,35.22,0.028511651
21/04/2010,34.23,-0.027090994
20/04/2010,35.17,0.070679984
19/04/2010,32.77,-0.009415407
16/04/2010,33.08,-0.00572722
15/04/2010,33.27,0.012704345
14/04/2010,32.85,0.005188475
13/04/2010,32.68,-0.002139692
12/04/2010,32.75,-0.005177414
09/04/2010,32.92,0.033671135
08/04/2010,31.83,0.01903007
07/04/2010,31.23,-0.002558364
06/04/2010,31.31,-0.001914487
05/04/2010,31.37,0.10016735
01/04/2010,28.38,0.010983281
31/03/2010,28.07,-0.016254775
30/03/2010,28.53,0.007387896
29/03/2010,28.32,0.014224991
26/03/2010,27.92,0.006828418
25/03/2010,27.73,-0.002521161
24/03/2010,27.8,-0.024166066
23/03/2010,28.48,-0.010131091
22/03/2010,28.77,0.016118078
19/03/2010,28.31,0.002475686
18/03/2010,28.24,0.002126906
17/03/2010,28.18,-0.006014524
16/03/2010,28.35,0.067482297
15/03/2010,26.5,-0.013121088
12/03/2010,26.85,0.002983963
11/03/2010,26.77,-0.007072429
10/03/2010,26.96,0.010440065
09/03/2010,26.68,0.001875821
08/03/2010,26.63,-0.007109478
05/03/2010,26.82,0.053218298
04/03/2010,25.43,0.012663406
03/03/2010,25.11,0.007595479
02/03/2010,24.92,0.002812941
01/03/2010,24.85,0.009704888
26/02/2010,24.61,0
25/02/2010,24.61,0.003256006
24/02/2010,24.53,0.019761862
23/02/2010,24.05,-0.004149384
22/02/2010,24.15,-0.011527505
19/02/2010,24.43,-0.009776045
18/02/2010,24.67,0.008957715
17/02/2010,24.45,0.015248595
16/02/2010,24.08,0.024806822
12/02/2010,23.49,0.011130252
11/02/2010,23.23,0.026168087
10/02/2010,22.63,-0.004409178
09/02/2010,22.73,0.02224291
08/02/2010,22.23,-0.015178863
05/02/2010,22.57,-0.005302708
04/02/2010,22.69,-0.024810848
03/02/2010,23.26,-0.010265274
02/02/2010,23.5,0.009835444
01/02/2010,23.27,0.023039489
29/01/2010,22.74,-0.026471496
28/01/2010,23.35,-0.007254139
27/01/2010,23.52,0.014561285
26/01/2010,23.18,-0.01030052
25/01/2010,23.42,-0.007232535
22/01/2010,23.59,-0.080987903
21/01/2010,25.58,-0.010112883
20/01/2010,25.84,0.005043658
19/01/2010,25.71,0.024809306
15/01/2010,25.08,-0.025586911
14/01/2010,25.73,-0.005812843
13/01/2010,25.88,0.042223672
12/01/2010,24.81,-0.014406011
11/01/2010,25.17,-0.014201422
08/01/2010,25.53,-0.010520261
07/01/2010,25.8,0.008172842
06/01/2010,25.59,-0.002341921
05/01/2010,25.65,0.007434978
04/01/2010,25.46,0.010264599
31/12/2009,25.2,-0.011834458
30/12/2009,25.5,0.002355714
29/12/2009,25.44,-0.000393005
28/12/2009,25.45,-0.017527226
24/12/2009,25.9,0.006585342
23/12/2009,25.73,-0.003878981
22/12/2009,25.83,0.005824128
21/12/2009,25.68,-0.01199937
18/12/2009,25.99,0.015510198
17/12/2009,25.59,-0.053264777
16/12/2009,26.99,-0.003329021
15/12/2009,27.08,-0.009921081
14/12/2009,27.35,-0.01054747
11/12/2009,27.64,0.022686666
10/12/2009,27.02,-0.01250476
09/12/2009,27.36,-0.005103912
08/12/2009,27.5,-0.039220713
07/12/2009,28.6,0.002801122
04/12/2009,28.52,-0.003849524
03/12/2009,28.63,-0.032643338
02/12/2009,29.58,0.02256506
01/12/2009,28.92,-0.007578403
30/11/2009,29.14,0.015563171
27/11/2009,28.69,-0.014189544
25/11/2009,29.1,0.011057473
24/11/2009,28.78,0.004178279
23/11/2009,28.66,0.029028587
20/11/2009,27.84,0.002517534
19/11/2009,27.77,-0.01784487
18/11/2009,28.27,-0.003531077
17/11/2009,28.37,0.006364944
16/11/2009,28.19,0.043130439
13/11/2009,27,0.028170877
12/11/2009,26.25,-0.022227323
11/11/2009,26.84,-0.005202539
10/11/2009,26.98,-0.003330253
09/11/2009,27.07,0.050768477
06/11/2009,25.73,-0.006585342
05/11/2009,25.9,0.038572275
04/11/2009,24.92,-0.003205131
03/11/2009,25,-0.00039992
02/11/2009,25.01,0.003605051
30/10/2009,24.92,-0.058072032
29/10/2009,26.41,0.05087488
28/10/2009,25.1,-0.047841127
27/10/2009,26.33,-0.019556847
26/10/2009,26.85,-0.032249039
23/10/2009,27.73,-0.035078885
22/10/2009,28.72,0.01331951
21/10/2009,28.34,-0.006681931
20/10/2009,28.53,-0.000350447
19/10/2009,28.54,0.024114644
16/10/2009,27.86,0.006120631
15/10/2009,27.69,0.053024468
14/10/2009,26.26,0.06367573
13/10/2009,24.64,0.020500923
12/10/2009,24.14,0.016287685
09/10/2009,23.75,0.019987908
08/10/2009,23.28,0.03319082
07/10/2009,22.52,0.017469649
06/10/2009,22.13,0.012733233
05/10/2009,21.85,0.039202407
02/10/2009,21.01,-0.034155367
01/10/2009,21.74,-0.056340334
30/09/2009,23,0.004794082
29/09/2009,22.89,-0.006531702
28/09/2009,23.04,0.003042819
25/09/2009,22.97,-0.024087186
24/09/2009,23.53,-0.031376763
23/09/2009,24.28,-0.017959666
22/09/2009,24.72,0.01343942
21/09/2009,24.39,-0.021096117
18/09/2009,24.91,0.00927613
17/09/2009,24.68,-0.017671143
16/09/2009,25.12,0.005989237
15/09/2009,24.97,0.011276801
14/09/2009,24.69,-0.014076243
11/09/2009,25.04,-0.008351609
10/09/2009,25.25,0.002379065
09/09/2009,25.19,0.006771585
08/09/2009,25.02,0.071651421
04/09/2009,23.29,0.029189613
03/09/2009,22.62,-0.002207994
02/09/2009,22.67,-0.022247373
01/09/2009,23.18,-0.033930312
31/08/2009,23.98,0.027480064
28/08/2009,23.33,0.0313478
27/08/2009,22.61,0.029625147
26/08/2009,21.95,-0.018059182
25/08/2009,22.35,0.033207509
24/08/2009,21.62,-0.026923826
21/08/2009,22.21,0.018174058
20/08/2009,21.81,0.00921241
19/08/2009,21.61,-0.000462642
18/08/2009,21.62,0.007428075
17/08/2009,21.46,-0.056174187
14/08/2009,22.7,-0.027375162
13/08/2009,23.33,0.018603175
12/08/2009,22.9,0.021183493
11/08/2009,22.42,-0.045343426
10/08/2009,23.46,-0.012706651
07/08/2009,23.76,0.03207459
06/08/2009,23.01,0.023302879
05/08/2009,22.48,-0.036256428
04/08/2009,23.31,-0.001286174
03/08/2009,23.34,0.032218721
31/07/2009,22.6,0.013811759
30/07/2009,22.29,0.032834687
29/07/2009,21.57,-0.009688657
28/07/2009,21.78,0.000918696
27/07/2009,21.76,0.00091954
24/07/2009,21.74,-0.010524005
23/07/2009,21.97,0.084490454
22/07/2009,20.19,0.010455659
21/07/2009,19.98,0.002004009
20/07/2009,19.94,0.052508201
17/07/2009,18.92,-0.002111933
16/07/2009,18.96,0.080702208
15/07/2009,17.49,0.056452377
14/07/2009,16.53,-0.003020238
13/07/2009,16.58,0.024421238
10/07/2009,16.18,0.032027855
09/07/2009,15.67,0.006402071
08/07/2009,15.57,0.034632667
07/07/2009,15.04,-0.021704239
06/07/2009,15.37,-0.013570483
02/07/2009,15.58,-0.051902865
01/07/2009,16.41,0.012262569
30/06/2009,16.21,-0.035155135
29/06/2009,16.79,0.007172774
26/06/2009,16.67,0.016939304
25/06/2009,16.39,0.02972355
24/06/2009,15.91,0.036484046
23/06/2009,15.34,-0.01488219
22/06/2009,15.57,-0.061644163
19/06/2009,16.56,0.008490045
18/06/2009,16.42,-0.004860277
17/06/2009,16.5,0.032648419
16/06/2009,15.97,-0.008728235
15/06/2009,16.11,-0.0347702
12/06/2009,16.68,-0.0113265
11/06/2009,16.87,0.020359985
10/06/2009,16.53,-0.028036432
09/06/2009,17,-0.001763151
08/06/2009,17.03,-0.025508629
05/06/2009,17.47,-0.068573016
04/06/2009,18.71,0.023250574
03/06/2009,18.28,-0.040734463
02/06/2009,19.04,0.031477659
01/06/2009,18.45,0.083617291
29/05/2009,16.97,0.031121602
28/05/2009,16.45,0.009160369
27/05/2009,16.3,-0.046743081
26/05/2009,17.08,0.036974993
22/05/2009,16.46,-0.017465063
21/05/2009,16.75,-0.046085729
20/05/2009,17.54,-0.030875312
19/05/2009,18.09,-0.016447739
18/05/2009,18.39,0.050749668
15/05/2009,17.48,0.01556676
14/05/2009,17.21,0.003492437
13/05/2009,17.15,-0.081163407
12/05/2009,18.6,-0.022855101
11/05/2009,19.03,-0.059665923
08/05/2009,20.2,0.027605266
07/05/2009,19.65,-0.073562567
06/05/2009,21.15,-0.019199841
05/05/2009,21.56,-0.01883814
04/05/2009,21.97,0.020695151
01/05/2009,21.52,-0.029306127
30/04/2009,22.16,0.049489867
29/04/2009,21.09,0.073779763
28/04/2009,19.59,0.007172162
27/04/2009,19.45,-0.049646695
24/04/2009,20.44,0.062583486
23/04/2009,19.2,0.003652496
22/04/2009,19.13,0.049836189
21/04/2009,18.2,0.033522692
20/04/2009,17.6,-0.072320662
17/04/2009,18.92,0.043755292
16/04/2009,18.11,0.05563296
15/04/2009,17.13,-0.03668033
14/04/2009,17.77,-0.016187906
13/04/2009,18.06,0.002217296
09/04/2009,18.02,0.102774148
08/04/2009,16.26,0.009888832
07/04/2009,16.1,-0.060259192
06/04/2009,17.1,0.032088315
03/04/2009,16.56,0.052056362
02/04/2009,15.72,0.130990095
01/04/2009,13.79,0.029435532
31/03/2009,13.39,-0.002237972
30/03/2009,13.42,-0.074640085
27/03/2009,14.46,-0.061031341
26/03/2009,15.37,0.085533792
25/03/2009,14.11,0.047161442
24/03/2009,13.46,-0.050698764
23/03/2009,14.16,0.108819095
20/03/2009,12.7,-0.047664672
19/03/2009,13.32,-0.032499167
18/03/2009,13.76,0.186399628
17/03/2009,11.42,0.023030247
16/03/2009,11.16,0.038360868
13/03/2009,10.74,-0.007421184
12/03/2009,10.82,0.06886085
11/03/2009,10.1,0.008950831
10/03/2009,10.01,0.172974765
09/03/2009,8.42,0.010746372
06/03/2009,8.33,0.015729302
05/03/2009,8.2,-0.081917122
04/03/2009,8.9,-0.039652772
03/03/2009,9.26,0.01852914
02/03/2009,9.09,-0.105360516
27/02/2009,10.1,-0.012789156
26/02/2009,10.23,0.011799547
25/02/2009,10.11,-0.036897389
24/02/2009,10.49,0.017308124
23/02/2009,10.31,-0.048281975
20/02/2009,10.82,0.004631782
19/02/2009,10.77,-0.052453253
18/02/2009,11.35,-0.04395365
17/02/2009,11.86,-0.036427869
13/02/2009,12.3,0
12/02/2009,12.3,-0.086401435
11/02/2009,13.41,0.020339684
10/02/2009,13.14,-0.084598524
09/02/2009,14.3,-0.008356595
06/02/2009,14.42,0.097531786
05/02/2009,13.08,0.029482353
04/02/2009,12.7,-0.077981226
03/02/2009,13.73,0.146411826
02/02/2009,11.86,-0.026623869
30/01/2009,12.18,-0.055103759
29/01/2009,12.87,-0.00232829
28/01/2009,12.9,0.059898142
27/01/2009,12.15,0.051509909
26/01/2009,11.54,0.003472226
23/01/2009,11.5,-0.075349437
22/01/2009,12.4,-0.08942781
21/01/2009,13.56,0.120552353
20/01/2009,12.02,-0.130823904
16/01/2009,13.7,-0.018083675
15/01/2009,13.95,0.037988498
14/01/2009,13.43,-0.039421163
13/01/2009,13.97,-0.011388023
12/01/2009,14.13,-0.124288526
09/01/2009,16,-0.09417317
08/01/2009,17.58,0.013169386
07/01/2009,17.35,-0.132089431
06/01/2009,19.8,0.044933972
05/01/2009,18.93,
