Date,Close,LLTC
04/04/2014,48.46,-0.025266218
03/04/2014,49.7,-0.003615188
02/04/2014,49.88,-0.010966115
01/04/2014,50.43,0.035112566
31/03/2014,48.69,0.017402552
28/03/2014,47.85,-0.001253133
27/03/2014,47.91,-0.011001668
26/03/2014,48.44,-0.004942349
25/03/2014,48.68,0.008665208
24/03/2014,48.26,0.001659063
21/03/2014,48.18,-0.001451831
20/03/2014,48.25,0.019251484
19/03/2014,47.33,0.000845487
18/03/2014,47.29,0.005725814
17/03/2014,47.02,0.011981316
14/03/2014,46.46,-0.009212706
13/03/2014,46.89,-0.020893448
12/03/2014,47.88,-0.002086377
11/03/2014,47.98,0.004177116
10/03/2014,47.78,-0.007921659
07/03/2014,48.16,0.010016778
06/03/2014,47.68,0.01011813
05/03/2014,47.2,-0.000423639
04/03/2014,47.22,0.014505374
03/03/2014,46.54,-0.006425381
28/02/2014,46.84,0.004493428
27/02/2014,46.63,-0.000214431
26/02/2014,46.64,0.009911738
25/02/2014,46.18,-0.001730853
24/02/2014,46.26,0.002597404
21/02/2014,46.14,0.000433557
20/02/2014,46.12,0.001736112
19/02/2014,46.04,0.003481292
18/02/2014,45.88,-0.002394689
14/02/2014,45.99,0.005013634
13/02/2014,45.76,0.016970104
12/02/2014,44.99,0.006466741
11/02/2014,44.7,0.008537459
10/02/2014,44.32,0.004522848
07/02/2014,44.12,0.009565092
06/02/2014,43.7,0.004357305
05/02/2014,43.51,0.00345344
04/02/2014,43.36,-0.005060972
03/02/2014,43.58,-0.021789332
31/01/2014,44.54,-0.002690585
30/01/2014,44.66,0.001792918
29/01/2014,44.58,-0.004029555
28/01/2014,44.76,0.005825694
27/01/2014,44.5,-0.007165279
24/01/2014,44.82,-0.021411258
23/01/2014,45.79,-0.017320199
22/01/2014,46.59,0.006459971
21/01/2014,46.29,0.006284559
17/01/2014,46,-0.006284559
16/01/2014,46.29,0.003245702
15/01/2014,46.14,0.020804429
14/01/2014,45.19,0.015611379
13/01/2014,44.49,-0.020908235
10/01/2014,45.43,0.00397001
09/01/2014,45.25,0.001548159
08/01/2014,45.18,0.007330923
07/01/2014,44.85,0.001785316
06/01/2014,44.77,-0.004679674
03/01/2014,44.98,0.002225685
02/01/2014,44.88,-0.014818362
31/12/2013,45.55,0.001098298
30/12/2013,45.5,0.002640847
27/12/2013,45.38,0.001323043
26/12/2013,45.32,0.002651349
24/12/2013,45.2,0.000221263
23/12/2013,45.19,0.008667684
20/12/2013,44.8,0.005820478
19/12/2013,44.54,-0.01271629
18/12/2013,45.11,0.012940832
17/12/2013,44.53,0.013110495
16/12/2013,43.95,0.013745921
13/12/2013,43.35,0.000230707
12/12/2013,43.34,-0.003684942
11/12/2013,43.5,-0.009608859
10/12/2013,43.92,-0.001365188
09/12/2013,43.98,0.001137527
06/12/2013,43.93,0.011216782
05/12/2013,43.44,-0.001839927
04/12/2013,43.52,0.007380107
03/12/2013,43.2,0.017278039
02/12/2013,42.46,-0.002117399
29/11/2013,42.55,-0.00023499
27/11/2013,42.56,0.000705136
26/11/2013,42.53,0.00258976
25/11/2013,42.42,0.003542335
22/11/2013,42.27,0.000473261
21/11/2013,42.25,0.013822908
20/11/2013,41.67,-0.000719683
19/11/2013,41.7,-0.008596041
18/11/2013,42.06,-0.00355999
15/11/2013,42.21,0.023976214
14/11/2013,41.21,0.003890109
13/11/2013,41.05,0.005863686
12/11/2013,40.81,-0.00122444
11/11/2013,40.86,-0.002688502
08/11/2013,40.97,0.008087288
07/11/2013,40.64,-0.012471124
06/11/2013,41.15,0.005116347
05/11/2013,40.94,0.007847024
04/11/2013,40.62,-0.004666593
01/11/2013,40.81,-0.008539762
31/10/2013,41.16,0.01493113
30/10/2013,40.55,-0.008349754
29/10/2013,40.89,0.027772675
28/10/2013,39.77,0.01775795
25/10/2013,39.07,0.003076137
24/10/2013,38.95,0.005406114
23/10/2013,38.74,-0.017400644
22/10/2013,39.42,0.002540006
21/10/2013,39.32,0.001272427
18/10/2013,39.27,0.00025468
17/10/2013,39.26,0.003828
16/10/2013,39.11,-0.011187505
15/10/2013,39.55,-0.011563729
14/10/2013,40.01,0.008534188
11/10/2013,39.67,0.00809926
10/10/2013,39.35,0.016656375
09/10/2013,38.7,-0.002580647
08/10/2013,38.8,-0.018133558
07/10/2013,39.51,-0.001517451
04/10/2013,39.57,0.000505561
03/10/2013,39.55,-0.001263424
02/10/2013,39.6,-0.005289019
01/10/2013,39.81,0.003775014
30/09/2013,39.66,0.001514005
27/09/2013,39.6,-0.004786506
26/09/2013,39.79,-0.001255808
25/09/2013,39.84,-0.004008021
24/09/2013,40,-0.002247473
23/09/2013,40.09,-0.000249408
20/09/2013,40.1,-0.00844306
19/09/2013,40.44,-0.002223046
18/09/2013,40.53,0.002223046
17/09/2013,40.44,0.002723785
16/09/2013,40.33,0.00099231
13/09/2013,40.29,0.002485091
12/09/2013,40.19,-0.000497512
11/09/2013,40.21,0.009746422
10/09/2013,39.82,0.020807653
09/09/2013,39,-0.003072199
06/09/2013,39.12,-0.007131971
05/09/2013,39.4,-0.000761132
04/09/2013,39.43,0.014046968
03/09/2013,38.88,0.0142471
30/08/2013,38.33,-0.004165588
29/08/2013,38.49,-0.001298196
28/08/2013,38.54,0.007291699
27/08/2013,38.26,-0.016846323
26/08/2013,38.91,-0.005382558
23/08/2013,39.12,0.002303264
22/08/2013,39.03,0.008490981
21/08/2013,38.7,-0.015130434
20/08/2013,39.29,0.005359206
19/08/2013,39.08,-0.001534135
16/08/2013,39.14,0.000511117
15/08/2013,39.12,-0.013204864
14/08/2013,39.64,-0.017256899
13/08/2013,40.33,0.003726249
12/08/2013,40.18,0.00674244
09/08/2013,39.91,-0.005746424
08/08/2013,40.14,0.001246417
07/08/2013,40.09,-0.002491282
06/08/2013,40.19,-0.007930649
05/08/2013,40.51,-0.000986923
02/08/2013,40.55,-0.010548362
01/08/2013,40.98,0.010548362
31/07/2013,40.55,0.00717736
30/07/2013,40.26,0.016024379
29/07/2013,39.62,-0.006039274
26/07/2013,39.86,-0.009736689
25/07/2013,40.25,0.016786064
24/07/2013,39.58,-0.021248143
23/07/2013,40.43,0.005705088
22/07/2013,40.2,0.007992051
19/07/2013,39.88,-0.006000018
18/07/2013,40.12,-0.003980105
17/07/2013,40.28,0.006225895
16/07/2013,40.03,0.012063479
15/07/2013,39.55,-0.00881063
12/07/2013,39.9,0.010075652
11/07/2013,39.5,0.035823957
10/07/2013,38.11,0.013472664
09/07/2013,37.6,0.015005641
08/07/2013,37.04,-0.015271563
05/07/2013,37.61,0.017433726
03/07/2013,36.96,0.004338402
02/07/2013,36.8,0.00135962
01/07/2013,36.75,-0.002445986
28/06/2013,36.84,0.001629992
27/06/2013,36.78,0.003540791
26/06/2013,36.65,0.005746356
25/06/2013,36.44,0.018277994
24/06/2013,35.78,-0.015805126
21/06/2013,36.35,0.011899961
20/06/2013,35.92,-0.024475304
19/06/2013,36.81,-0.012687442
18/06/2013,37.28,0.011330038
17/06/2013,36.86,0.012832941
14/06/2013,36.39,-0.005754229
13/06/2013,36.6,0.024897552
12/06/2013,35.7,-0.018043515
11/06/2013,36.35,-0.02203871
10/06/2013,37.16,0.001885522
07/06/2013,37.09,0.009481312
06/06/2013,36.74,-0.009481312
05/06/2013,37.09,-0.013656659
04/06/2013,37.6,0.005333346
03/06/2013,37.4,-0.003469909
31/05/2013,37.53,-0.02083134
30/05/2013,38.32,0.021897722
29/05/2013,37.49,0.006690778
28/05/2013,37.24,0.005115101
24/05/2013,37.05,0.000269942
23/05/2013,37.04,-0.006994917
22/05/2013,37.3,-0.009073988
21/05/2013,37.64,-0.001857997
20/05/2013,37.71,-0.009238551
17/05/2013,38.06,0.008443322
16/05/2013,37.74,-0.005021816
15/05/2013,37.93,-0.005259018
14/05/2013,38.13,0.007106228
13/05/2013,37.86,-0.013641345
10/05/2013,38.38,0.006797412
09/05/2013,38.12,0.000787298
08/05/2013,38.09,0.006849342
07/05/2013,37.83,0.001057921
06/05/2013,37.79,0.01278313
03/05/2013,37.31,0.009154614
02/05/2013,36.97,0.023813908
01/05/2013,36.1,-0.011019395
30/04/2013,36.5,0.019643736
29/04/2013,35.79,0.008699367
26/04/2013,35.48,-0.007021515
25/04/2013,35.73,0.004488086
24/04/2013,35.57,0.003943667
23/04/2013,35.43,0.012210857
22/04/2013,35,0.011205404
19/04/2013,34.61,-0.002308803
18/04/2013,34.69,-0.012319308
17/04/2013,35.12,-0.043460879
16/04/2013,36.68,0.017602215
15/04/2013,36.04,-0.017874806
12/04/2013,36.69,-0.005436273
11/04/2013,36.89,0.004891314
10/04/2013,36.71,0.015925652
09/04/2013,36.13,0.007222254
08/04/2013,35.87,0.006432689
05/04/2013,35.64,-0.001401935
04/04/2013,35.69,-0.000840219
03/04/2013,35.72,-0.030873455
02/04/2013,36.84,-0.004603935
01/04/2013,37.01,-0.036087758
28/03/2013,38.37,0.0110064
27/03/2013,37.95,0.001318392
26/03/2013,37.9,0.015689725
25/03/2013,37.31,-0.002141902
22/03/2013,37.39,0.011026063
21/03/2013,36.98,-0.014230338
20/03/2013,37.51,0.008298803
19/03/2013,37.2,-0.001074691
18/03/2013,37.24,-0.012807005
15/03/2013,37.72,-0.018647947
14/03/2013,38.43,0.004694844
13/03/2013,38.25,0.000523013
12/03/2013,38.23,-0.001568218
11/03/2013,38.29,-0.003389392
08/03/2013,38.42,0.001562907
07/03/2013,38.36,-0.003123376
06/03/2013,38.48,0.002341617
05/03/2013,38.39,0.016546668
04/03/2013,37.76,-0.003964588
01/03/2013,37.91,-0.008928631
28/02/2013,38.25,0.000261472
27/02/2013,38.24,0.012366951
26/02/2013,37.77,0.010379335
25/02/2013,37.38,-0.01381531
22/02/2013,37.9,0.014618201
21/02/2013,37.35,-0.019881371
20/02/2013,38.1,-0.012519725
19/02/2013,38.58,0.016991652
15/02/2013,37.93,0.00184721
14/02/2013,37.86,0.001321528
13/02/2013,37.81,0.002118084
12/02/2013,37.73,0.001060727
11/02/2013,37.69,0.001327493
08/02/2013,37.64,0.017960542
07/02/2013,36.97,-0.006201988
06/02/2013,37.2,-0.00053749
05/02/2013,37.22,0.011892032
04/02/2013,36.78,-0.006504088
01/02/2013,37.02,0.010863768
31/01/2013,36.62,-0.005446637
30/01/2013,36.82,0.005992935
29/01/2013,36.6,-0.004362057
28/01/2013,36.76,0.001633542
25/01/2013,36.7,0.008757582
24/01/2013,36.38,-0.00548247
23/01/2013,36.58,0.00548247
22/01/2013,36.38,-0.002744992
18/01/2013,36.48,0.002744992
17/01/2013,36.38,0.014117882
16/01/2013,35.87,0.008961135
15/01/2013,35.55,-0.006728369
14/01/2013,35.79,0.001677853
11/01/2013,35.73,-0.012239374
10/01/2013,36.17,0.006100962
09/01/2013,35.95,0.006978395
08/01/2013,35.7,-0.005865119
07/01/2013,35.91,0.005585047
04/01/2013,35.71,-0.002796422
03/01/2013,35.81,-0.005013938
02/01/2013,35.99,0.048095768
31/12/2012,34.3,0.014684552
28/12/2012,33.8,-0.004722559
27/12/2012,33.96,-0.004700361
26/12/2012,34.12,-0.003510829
24/12/2012,34.24,0.000584283
21/12/2012,34.22,-0.004955556
20/12/2012,34.39,0.007296107
19/12/2012,34.14,-0.006132301
18/12/2012,34.35,0.017917942
17/12/2012,33.74,0.004753425
14/12/2012,33.58,-0.00089299
13/12/2012,33.61,-0.024975589
12/12/2012,34.46,0.00116144
11/12/2012,34.42,0.019064956
10/12/2012,33.77,0.003262646
07/12/2012,33.66,0.004466287
06/12/2012,33.51,0.010198049
05/12/2012,33.17,0.004532414
04/12/2012,33.02,0.001212121
03/12/2012,32.98,-0.006347309
30/11/2012,33.19,0.003319756
29/11/2012,33.08,0.0060643
28/11/2012,32.88,0.017178337
27/11/2012,32.32,-0.003089283
26/11/2012,32.42,-0.000924927
23/11/2012,32.45,0.017094433
21/11/2012,31.9,-0.00031343
20/11/2012,31.91,-0.001878523
19/11/2012,31.97,0.023098638
16/11/2012,31.24,-0.007335386
15/11/2012,31.47,-0.01137453
14/11/2012,31.83,-0.016513851
13/11/2012,32.36,-0.002160828
12/11/2012,32.43,-0.001540595
09/11/2012,32.48,0.000615953
08/11/2012,32.46,0.004322328
07/11/2012,32.32,-0.026562392
06/11/2012,33.19,0.00816825
05/11/2012,32.92,0.020562333
02/11/2012,32.25,-0.012020487
01/11/2012,32.64,0.043199205
31/10/2012,31.26,-0.010184684
26/10/2012,31.58,0.005397695
25/10/2012,31.41,0.013139109
24/10/2012,31,-0.008671967
23/10/2012,31.27,0.000959846
22/10/2012,31.24,0.00128123
19/10/2012,31.2,-0.012739026
18/10/2012,31.6,-0.019430257
17/10/2012,32.22,-0.010497163
16/10/2012,32.56,0.016099419
15/10/2012,32.04,0.016680166
12/10/2012,31.51,-0.008217493
11/10/2012,31.77,0.005048922
10/10/2012,31.61,-0.011949828
09/10/2012,31.99,-0.028960742
08/10/2012,32.93,-0.009068986
05/10/2012,33.23,-0.005402174
04/10/2012,33.41,0.012650771
03/10/2012,32.99,-0.001514463
02/10/2012,33.04,0.014327329
01/10/2012,32.57,0.023296596
28/09/2012,31.82,-0.012802673
27/09/2012,32.23,0.018475553
26/09/2012,31.64,-0.004100305
25/09/2012,31.77,-0.025483045
24/09/2012,32.59,-0.00977107
21/09/2012,32.91,-0.004547529
20/09/2012,33.06,0.001816531
19/09/2012,33,-0.011748892
18/09/2012,33.39,-0.000299446
17/09/2012,33.4,-0.008051333
14/09/2012,33.67,0.005957718
13/09/2012,33.47,0.010814164
12/09/2012,33.11,-0.001207365
11/09/2012,33.15,0.002718624
10/09/2012,33.06,-0.014712771
07/09/2012,33.55,-0.00357037
06/09/2012,33.67,0.030762377
05/09/2012,32.65,-0.001530222
04/09/2012,32.7,-0.010041161
31/08/2012,33.03,0.017715796
30/08/2012,32.45,-0.007062827
29/08/2012,32.68,-0.000305951
28/08/2012,32.69,-0.000611621
27/08/2012,32.71,-0.006095721
24/08/2012,32.91,0.006401485
23/08/2012,32.7,-0.003663008
22/08/2012,32.82,-0.00304229
21/08/2012,32.92,0.001519988
20/08/2012,32.87,-0.009688238
17/08/2012,33.19,-0.003308771
16/08/2012,33.3,0.006326275
15/08/2012,33.09,-0.00602593
14/08/2012,33.29,0.00451604
13/08/2012,33.14,0.000301796
10/08/2012,33.13,0.003325778
09/08/2012,33.02,0.004857326
08/08/2012,32.86,-0.002735148
07/08/2012,32.95,0.006699172
06/08/2012,32.73,0.008283526
03/08/2012,32.46,0.013335598
02/08/2012,32.03,-0.002494544
01/08/2012,32.11,-0.004350535
31/07/2012,32.25,0.000930665
30/07/2012,32.22,-0.007421184
27/07/2012,32.46,0.021800926
26/07/2012,31.76,0.020356937
25/07/2012,31.12,0.032661296
24/07/2012,30.12,-0.014502561
23/07/2012,30.56,-0.006848225
20/07/2012,30.77,-0.010024336
19/07/2012,31.08,0.002577321
18/07/2012,31,0.038472606
17/07/2012,29.83,0.001006205
16/07/2012,29.8,-0.010016778
13/07/2012,30.1,0.014725835
12/07/2012,29.66,-0.014393554
11/07/2012,30.09,-0.002655163
10/07/2012,30.17,-0.008580911
09/07/2012,30.43,-0.013707786
06/07/2012,30.85,-0.024336776
05/07/2012,31.61,-0.001580528
03/07/2012,31.66,0.009839787
02/07/2012,31.35,0.000638162
29/06/2012,31.33,0.03507992
28/06/2012,30.25,-0.008558314
27/06/2012,30.51,0.017524006
26/06/2012,29.98,0.004010701
25/06/2012,29.86,-0.02611287
22/06/2012,30.65,0.012145234
21/06/2012,30.28,-0.02446705
20/06/2012,31.03,0.003874722
19/06/2012,30.91,0.012042456
18/06/2012,30.54,0.022182668
15/06/2012,29.87,0.009080271
14/06/2012,29.6,0.001014027
13/06/2012,29.57,-0.009424506
12/06/2012,29.85,0.014510125
11/06/2012,29.42,-0.013504594
08/06/2012,29.82,0.0067295
07/06/2012,29.62,-0.017071544
06/06/2012,30.13,0.0354707
05/06/2012,29.08,0.013502023
04/06/2012,28.69,0.013333531
01/06/2012,28.31,-0.024770148
31/05/2012,29.02,-0.00309651
30/05/2012,29.11,-0.010592957
29/05/2012,29.42,0.009219802
25/05/2012,29.15,0.000343112
24/05/2012,29.14,-0.000686106
23/05/2012,29.16,-0.004448254
22/05/2012,29.29,-0.002046385
21/05/2012,29.35,0.014413427
18/05/2012,28.93,-0.017814791
17/05/2012,29.45,-0.013155865
16/05/2012,29.84,-0.010666768
15/05/2012,30.16,-0.008583744
14/05/2012,30.42,-0.007532376
11/05/2012,30.65,-0.003582482
10/05/2012,30.76,-0.003569694
09/05/2012,30.87,-0.007422981
08/05/2012,31.1,0
07/05/2012,31.1,-0.005771096
04/05/2012,31.28,-0.01491381
03/05/2012,31.75,-0.024270015
02/05/2012,32.53,-0.001535863
01/05/2012,32.58,-0.003982238
30/04/2012,32.71,-0.004575271
27/04/2012,32.86,0.007330515
26/04/2012,32.62,0.01171768
25/04/2012,32.24,0.010601908
24/04/2012,31.9,-0.005003137
23/04/2012,32.06,-0.008386445
20/04/2012,32.33,-0.018388505
19/04/2012,32.93,-0.00363747
18/04/2012,33.05,-0.00302115
17/04/2012,33.15,0.019494982
16/04/2012,32.51,0.014250551
13/04/2012,32.05,-0.013327332
12/04/2012,32.48,0.010523155
11/04/2012,32.14,0.019479095
10/04/2012,31.52,-0.016362857
09/04/2012,32.04,-0.00901047
05/04/2012,32.33,0.001238007
04/04/2012,32.29,-0.005250977
03/04/2012,32.46,-0.017407677
02/04/2012,33.03,-0.020081598
30/03/2012,33.7,0.01194044
29/03/2012,33.3,0.002104315
28/03/2012,33.23,-0.007793804
27/03/2012,33.49,-0.002981517
26/03/2012,33.59,0.011076299
23/03/2012,33.22,-0.005403796
22/03/2012,33.4,-0.006862626
21/03/2012,33.63,-0.003858144
20/03/2012,33.76,-0.009140562
19/03/2012,34.07,0.008252331
16/03/2012,33.79,-0.004723953
15/03/2012,33.95,0.013343415
14/03/2012,33.5,-0.008323473
13/03/2012,33.78,0.017319035
12/03/2012,33.2,0.000904023
09/03/2012,33.17,0.002414731
08/03/2012,33.09,0.009412549
07/03/2012,32.78,0.012277625
06/03/2012,32.38,0.005574496
05/03/2012,32.2,-0.018462063
02/03/2012,32.8,-0.013325455
01/03/2012,33.24,-0.007194276
29/02/2012,33.48,-0.018642351
28/02/2012,34.11,0.021334142
27/02/2012,33.39,0.001498577
24/02/2012,33.34,-0.004190368
23/02/2012,33.48,0.001494545
22/02/2012,33.43,-0.006559356
21/02/2012,33.65,-0.010935531
17/02/2012,34.02,-0.007029906
16/02/2012,34.26,0.025123237
15/02/2012,33.41,-0.0038835
14/02/2012,33.54,-0.003571432
13/02/2012,33.66,0.002379537
10/02/2012,33.58,-0.022380204
09/02/2012,34.34,0.002624291
08/02/2012,34.25,0.004975863
07/02/2012,34.08,-0.001466061
06/02/2012,34.13,-0.008751514
03/02/2012,34.43,0.022024088
02/02/2012,33.68,-0.001186944
01/02/2012,33.72,0.011633241
31/01/2012,33.33,0.002102419
30/01/2012,33.26,-0.001802344
27/01/2012,33.32,0.003607941
26/01/2012,33.2,-0.008995563
25/01/2012,33.5,0.005387622
24/01/2012,33.32,0.004511964
23/01/2012,33.17,0.003321761
20/01/2012,33.06,-0.010231808
19/01/2012,33.4,0.002398083
18/01/2012,33.32,0.109303185
17/01/2012,29.87,-0.006340752
13/01/2012,30.06,-0.027237123
12/01/2012,30.89,0.001295757
11/01/2012,30.85,0.000324202
10/01/2012,30.84,0.003573173
09/01/2012,30.73,0.022043992
06/01/2012,30.06,-0.0063008
05/01/2012,30.25,0.005303294
04/01/2012,30.09,-0.008274083
03/01/2012,30.34,0.010270092
30/12/2011,30.03,-0.004982571
29/12/2011,30.18,0.004316792
28/12/2011,30.05,-0.009274661
27/12/2011,30.33,-0.001317957
23/12/2011,30.37,0.008597937
22/12/2011,30.11,0.017758885
21/12/2011,29.58,-0.007074309
20/12/2011,29.79,0.046727841
19/12/2011,28.43,-0.018815886
16/12/2011,28.97,0.009712182
15/12/2011,28.69,0.001046208
14/12/2011,28.66,-0.018323762
13/12/2011,29.19,-0.01967499
12/12/2011,29.77,-0.015333634
09/12/2011,30.23,0.003977466
08/12/2011,30.11,-0.031063475
07/12/2011,31.06,0.002578983
06/12/2011,30.98,-0.004187476
05/12/2011,31.11,0.015222966
02/12/2011,30.64,-0.002933031
01/12/2011,30.73,0.003259455
30/11/2011,30.63,0.059176927
29/11/2011,28.87,-0.007591479
28/11/2011,29.09,0.024357502
25/11/2011,28.39,-0.007369747
23/11/2011,28.6,-0.025545055
22/11/2011,29.34,-0.013204864
21/11/2011,29.73,-0.026880663
18/11/2011,30.54,-0.003921574
17/11/2011,30.66,-0.031147164
16/11/2011,31.63,-0.012566926
15/11/2011,32.03,0.00124961
14/11/2011,31.99,-0.013968875
11/11/2011,32.44,0.022444832
10/11/2011,31.72,0.007594973
09/11/2011,31.48,-0.048366525
08/11/2011,33.04,0.003031224
07/11/2011,32.94,-0.004241145
04/11/2011,33.08,0.017073585
03/11/2011,32.52,0.035684537
02/11/2011,31.38,0.003511576
01/11/2011,31.27,-0.032717608
31/10/2011,32.31,-0.02476055
28/10/2011,33.12,-0.001207001
27/10/2011,33.16,0.034359208
26/10/2011,32.04,0.019858809
25/10/2011,31.41,-0.001590584
24/10/2011,31.46,0.02315216
21/10/2011,30.74,0.031391971
20/10/2011,29.79,-0.014662042
19/10/2011,30.23,-0.025152396
18/10/2011,31,0.020861252
17/10/2011,30.36,-0.027612604
14/10/2011,31.21,-0.004794639
13/10/2011,31.36,0.037029239
12/10/2011,30.22,-0.000992228
11/10/2011,30.25,0.004306782
10/10/2011,30.12,0.016064603
07/10/2011,29.64,0.00881063
06/10/2011,29.38,0.004434597
05/10/2011,29.25,0.031605339
04/10/2011,28.34,0.033366324
03/10/2011,27.41,-0.008717818
30/09/2011,27.65,-0.030979868
29/09/2011,28.52,-0.013927802
28/09/2011,28.92,-0.020534602
27/09/2011,29.52,0.018807188
26/09/2011,28.97,0.011107369
23/09/2011,28.65,0.020808368
22/09/2011,28.06,-0.04119256
21/09/2011,29.24,-0.021986341
20/09/2011,29.89,-0.009324077
19/09/2011,30.17,-0.012843911
16/09/2011,30.56,0.005907467
15/09/2011,30.38,-0.000658111
14/09/2011,30.4,0.035831725
13/09/2011,29.33,0.015461569
12/09/2011,28.88,0.026312692
09/09/2011,28.13,0
08/09/2011,28.13,-0.014820314
07/09/2011,28.55,0.042940407
06/09/2011,27.35,-0.004013871
02/09/2011,27.46,-0.024106222
01/09/2011,28.13,-0.017618497
31/08/2011,28.63,0.010533805
30/08/2011,28.33,-0.000705716
29/08/2011,28.35,0.033354356
26/08/2011,27.42,0.026983711
25/08/2011,26.69,-0.03135053
24/08/2011,27.54,0.000363174
23/08/2011,27.53,0.032487169
22/08/2011,26.65,0.012840056
19/08/2011,26.31,-0.019571569
18/08/2011,26.83,-0.020292155
17/08/2011,27.38,0.006228267
16/08/2011,27.21,-0.020371749
15/08/2011,27.77,0.010861801
12/08/2011,27.47,0.0003641
11/08/2011,27.46,0.031443315
10/08/2011,26.61,-0.010095431
09/08/2011,26.88,0.030213779
08/08/2011,26.08,-0.037626711
05/08/2011,27.08,-0.008457487
04/08/2011,27.31,-0.047900508
03/08/2011,28.65,-0.000697837
02/08/2011,28.67,-0.019344299
01/08/2011,29.23,-0.002391937
29/07/2011,29.3,-0.010862293
28/07/2011,29.62,-0.016075363
27/07/2011,30.1,-0.035892923
26/07/2011,31.2,0.003210276
25/07/2011,31.1,-0.005451352
22/07/2011,31.27,0.021659163
21/07/2011,30.6,0.011834458
20/07/2011,30.24,-0.01281437
19/07/2011,30.63,0.018451924
18/07/2011,30.07,-0.013542734
15/07/2011,30.48,0.00559304
14/07/2011,30.31,-0.017334858
13/07/2011,30.84,-0.010964315
12/07/2011,31.18,-0.044842126
11/07/2011,32.61,-0.01430988
08/07/2011,33.08,-0.013213405
07/07/2011,33.52,0.018973615
06/07/2011,32.89,0.000608273
05/07/2011,32.87,-0.016893313
01/07/2011,33.43,0.012340262
30/06/2011,33.02,0.022046208
29/06/2011,32.3,-0.002164838
28/06/2011,32.37,0.00806456
27/06/2011,32.11,0.010330347
24/06/2011,31.78,-0.017467693
23/06/2011,32.34,0.015895613
22/06/2011,31.83,-0.005014113
21/06/2011,31.99,0.020847249
20/06/2011,31.33,0.000958007
17/06/2011,31.3,-0.006686858
16/06/2011,31.51,-0.00158554
15/06/2011,31.56,-0.016965534
14/06/2011,32.1,0.026836654
13/06/2011,31.25,-0.010504633
10/06/2011,31.58,-0.016332021
09/06/2011,32.1,-0.000622859
08/06/2011,32.12,-0.0117612
07/06/2011,32.5,-0.001844452
06/06/2011,32.56,-0.002147569
03/06/2011,32.63,-0.025118585
02/06/2011,33.46,-0.002388061
01/06/2011,33.54,-0.030825867
31/05/2011,34.59,0.015440948
27/05/2011,34.06,0.003824096
26/05/2011,33.93,0.001474709
25/05/2011,33.88,0.016967218
24/05/2011,33.31,-0.009560874
23/05/2011,33.63,-0.020601082
20/05/2011,34.33,-0.006677336
19/05/2011,34.56,0.005221944
18/05/2011,34.38,0.011114475
17/05/2011,34,-0.008201569
16/05/2011,34.28,-0.015629841
13/05/2011,34.82,-0.012557243
12/05/2011,35.26,0.018606519
11/05/2011,34.61,-0.008057598
10/05/2011,34.89,0.004020683
09/05/2011,34.75,0.000287811
06/05/2011,34.74,0.003171402
05/05/2011,34.63,0.002023414
04/05/2011,34.56,-0.00028931
03/05/2011,34.57,-0.006631133
02/05/2011,34.8,-0.000287315
29/04/2011,34.81,0.001437401
28/04/2011,34.76,-0.006309169
27/04/2011,34.98,0.013817146
26/04/2011,34.5,0.006105558
25/04/2011,34.29,0.002335767
21/04/2011,34.21,-0.009310512
20/04/2011,34.53,0.038074541
19/04/2011,33.24,0.016378892
18/04/2011,32.7,-0.013365934
15/04/2011,33.14,0.008180624
14/04/2011,32.87,0.009475847
13/04/2011,32.56,-0.000307078
12/04/2011,32.57,-0.012509698
11/04/2011,32.98,-0.012055601
08/04/2011,33.38,-0.010727159
07/04/2011,33.74,-0.00207254
06/04/2011,33.81,0.005932975
05/04/2011,33.61,0.015894772
04/04/2011,33.08,-0.010823918
01/04/2011,33.44,-0.005665738
31/03/2011,33.63,-0.007406344
30/03/2011,33.88,0.011279431
29/03/2011,33.5,0.012918912
28/03/2011,33.07,-0.001208825
25/03/2011,33.11,-0.008720548
24/03/2011,33.4,0.011745354
23/03/2011,33.01,0.005163261
22/03/2011,32.84,-0.002736812
21/03/2011,32.93,0.014375534
18/03/2011,32.46,0.009907202
17/03/2011,32.14,0.014100187
16/03/2011,31.69,-0.028617816
15/03/2011,32.61,-0.013705103
14/03/2011,33.06,-0.012325423
11/03/2011,33.47,0.011116233
10/03/2011,33.1,-0.013205474
09/03/2011,33.54,-0.021239737
08/03/2011,34.26,0.012039494
07/03/2011,33.85,-0.020468551
04/03/2011,34.55,-0.008358602
03/03/2011,34.84,0.019125474
02/03/2011,34.18,0.014736488
01/03/2011,33.68,-0.025792755
28/02/2011,34.56,-0.00749499
25/02/2011,34.82,0.024714152
24/02/2011,33.97,0.001767826
23/02/2011,33.91,-0.026194746
22/02/2011,34.81,-0.028880829
18/02/2011,35.83,0.007845375
17/02/2011,35.55,0.004793468
16/02/2011,35.38,0
15/02/2011,35.38,-0.01040358
14/02/2011,35.75,0.006735922
11/02/2011,35.51,0.00479888
10/02/2011,35.34,0.001699236
09/02/2011,35.28,-0.004807022
08/02/2011,35.45,-0.001127714
07/02/2011,35.49,0.000563698
04/02/2011,35.47,0.010486138
03/02/2011,35.1,-0.003412973
02/02/2011,35.22,0.004268039
01/02/2011,35.07,0.008016075
31/01/2011,34.79,0.006054509
28/01/2011,34.58,-0.02343634
27/01/2011,35.4,0.013365761
26/01/2011,34.93,0.002292922
25/01/2011,34.85,-0.00657803
24/01/2011,35.08,0.015802656
21/01/2011,34.53,-0.010085088
20/01/2011,34.88,0.009216655
19/01/2011,34.56,-0.044426601
18/01/2011,36.13,0.007222254
14/01/2011,35.87,0.027987693
13/01/2011,34.88,0.002008897
12/01/2011,34.81,0.010395704
11/01/2011,34.45,-0.003477256
10/01/2011,34.57,-0.001156404
07/01/2011,34.61,-0.002597029
06/01/2011,34.7,0.005780363
05/01/2011,34.5,-0.000869187
04/01/2011,34.53,-0.004334641
03/01/2011,34.68,0.002598529
31/12/2010,34.59,-0.006627311
30/12/2010,34.82,-0.002008321
29/12/2010,34.89,0.003157746
28/12/2010,34.78,-0.001436575
27/12/2010,34.83,0.005470001
23/12/2010,34.64,-0.002306806
22/12/2010,34.72,-0.006030169
21/12/2010,34.93,0.005454298
20/12/2010,34.74,-0.00516797
17/12/2010,34.92,0.010941658
16/12/2010,34.54,0.002899393
15/12/2010,34.44,-0.002609832
14/12/2010,34.53,-0.002603038
13/12/2010,34.62,0
10/12/2010,34.62,0.000866927
09/12/2010,34.59,0.002025757
08/12/2010,34.52,0.011362103
07/12/2010,34.13,0
06/12/2010,34.13,-0.005842845
03/12/2010,34.33,0.011425348
02/12/2010,33.94,0.015439737
01/12/2010,33.42,0.024842235
30/11/2010,32.6,-0.008552282
29/11/2010,32.88,-0.002430135
26/11/2010,32.96,-0.006351148
24/11/2010,33.17,0.023178836
23/11/2010,32.41,-0.004924602
22/11/2010,32.57,0.012046478
19/11/2010,32.18,0.01030776
18/11/2010,31.85,0.016142145
17/11/2010,31.34,0.007044538
16/11/2010,31.12,-0.005128216
15/11/2010,31.28,-0.005102052
12/11/2010,31.44,0
11/11/2010,31.44,-0.044783603
10/11/2010,32.88,0.001521839
09/11/2010,32.83,-0.003344993
08/11/2010,32.94,0
05/11/2010,32.94,-0.005147627
04/11/2010,33.11,0.027868899
03/11/2010,32.2,0.00623055
02/11/2010,32,0.003129893
01/11/2010,31.9,-0.010912033
29/10/2010,32.25,0.015625318
28/10/2010,31.75,-0.00188798
27/10/2010,31.81,0.020645485
26/10/2010,31.16,0
25/10/2010,31.16,0.008055465
22/10/2010,30.91,0.016637148
21/10/2010,30.4,-0.006884145
20/10/2010,30.61,0.01017904
19/10/2010,30.3,-0.009198488
18/10/2010,30.58,-0.005218538
15/10/2010,30.74,0.010135774
14/10/2010,30.43,-0.012085726
13/10/2010,30.8,-0.024375806
12/10/2010,31.56,0.010191171
11/10/2010,31.24,0.009003276
08/10/2010,30.96,0.004207807
07/10/2010,30.83,0.011089481
06/10/2010,30.49,-0.007515147
05/10/2010,30.72,0.026386755
04/10/2010,29.92,-0.004002674
01/10/2010,30.04,-0.022709549
30/09/2010,30.73,-0.010037319
29/09/2010,31.04,0.001612124
28/09/2010,30.99,0.016265811
27/09/2010,30.49,-0.029727553
24/09/2010,31.41,0.033341816
23/09/2010,30.38,0.012920504
22/09/2010,29.99,-0.018827972
21/09/2010,30.56,-0.036940124
20/09/2010,31.71,0.005692615
17/09/2010,31.53,-0.003482669
16/09/2010,31.64,0.010804045
15/09/2010,31.3,0.004803852
14/09/2010,31.15,0.018795109
13/09/2010,30.57,0.019488643
10/09/2010,29.98,-0.022754485
09/09/2010,30.67,0.001631588
08/09/2010,30.62,0.011496267
07/09/2010,30.27,-0.017032839
03/09/2010,30.79,0.018686005
02/09/2010,30.22,0.020054148
01/09/2010,29.62,0.034344035
31/08/2010,28.62,-0.011809793
30/08/2010,28.96,-0.024557851
27/08/2010,29.68,0.015962302
26/08/2010,29.21,-0.008522295
25/08/2010,29.46,0.004763534
24/08/2010,29.32,-0.010854923
23/08/2010,29.64,-0.015400371
20/08/2010,30.1,0.012368535
19/08/2010,29.73,-0.020969316
18/08/2010,30.36,0.027380675
17/08/2010,29.54,0.003051367
16/08/2010,29.45,0.006814336
13/08/2010,29.25,-0.011556893
12/08/2010,29.59,-0.022390242
11/08/2010,30.26,-0.043330412
10/08/2010,31.6,-0.012578782
09/08/2010,32,0.008158188
06/08/2010,31.74,0.005687219
05/08/2010,31.56,-0.00631714
04/08/2010,31.76,0.006000334
03/08/2010,31.57,-0.008201939
02/08/2010,31.83,-0.001569613
30/07/2010,31.88,-0.000940586
29/07/2010,31.91,-0.01214779
28/07/2010,32.3,-0.008631373
27/07/2010,32.58,-0.006729912
26/07/2010,32.8,0.017220598
23/07/2010,32.24,0.011856613
22/07/2010,31.86,0.048225352
21/07/2010,30.36,-0.03368194
20/07/2010,31.4,0.005748978
19/07/2010,31.22,0.028921593
16/07/2010,30.33,-0.025391989
15/07/2010,31.11,0.004510317
14/07/2010,30.97,-0.000968211
13/07/2010,31,0.012660452
12/07/2010,30.61,0.009849062
09/07/2010,30.31,0.021678354
08/07/2010,29.66,-0.001347709
07/07/2010,29.7,0.048285241
06/07/2010,28.3,0.016387969
02/07/2010,27.84,-0.001077006
01/07/2010,27.87,0.002155173
30/06/2010,27.81,-0.006451635
29/06/2010,27.99,-0.03717118
28/06/2010,29.05,0.004485086
25/06/2010,28.92,0.003463807
24/06/2010,28.82,-0.010355633
23/06/2010,29.12,0.019418086
22/06/2010,28.56,-0.019761433
21/06/2010,29.13,-0.012282652
18/06/2010,29.49,-0.002709111
17/06/2010,29.57,0.004745772
16/06/2010,29.43,0.009216655
15/06/2010,29.16,0.054982134
14/06/2010,27.6,-0.007220248
11/06/2010,27.8,0.012669853
10/06/2010,27.45,0.029952322
09/06/2010,26.64,0.001126761
08/06/2010,26.61,-0.01158242
07/06/2010,26.92,-0.025308521
04/06/2010,27.61,-0.043238486
03/06/2010,28.83,0.018554707
02/06/2010,28.3,0.027585485
01/06/2010,27.53,-0.015498598
28/05/2010,27.96,-0.01912917
27/05/2010,28.5,0.040091267
26/05/2010,27.38,-0.000365163
25/05/2010,27.39,0.001461454
24/05/2010,27.35,-0.01054747
21/05/2010,27.64,0.014210478
20/05/2010,27.25,-0.027508068
19/05/2010,28.01,0.008965454
18/05/2010,27.76,-0.035041632
17/05/2010,28.75,0.020025261
14/05/2010,28.18,-0.026612215
13/05/2010,28.94,-0.023900079
12/05/2010,29.64,0.007790048
11/05/2010,29.41,-0.00271647
10/05/2010,29.49,0.043665981
07/05/2010,28.23,-0.009518845
06/05/2010,28.5,-0.019458571
05/05/2010,29.06,-0.010611087
04/05/2010,29.37,-0.039718219
03/05/2010,30.56,0.017162137
30/04/2010,30.04,-0.02790268
29/04/2010,30.89,0.015003543
28/04/2010,30.43,0.002303011
27/04/2010,30.36,-0.028253219
26/04/2010,31.23,0.006102476
23/04/2010,31.04,0.002580647
22/04/2010,30.96,0.006155859
21/04/2010,30.77,-0.019311833
20/04/2010,31.37,0.008001323
19/04/2010,31.12,-0.005128216
16/04/2010,31.28,-0.001597189
15/04/2010,31.33,0.003837549
14/04/2010,31.21,0.051276431
13/04/2010,29.65,0.010510353
12/04/2010,29.34,0.007870015
09/04/2010,29.11,0.01907462
08/04/2010,28.56,-0.016322641
07/04/2010,29.03,0.008649077
06/04/2010,28.78,-0.007270241
05/04/2010,28.99,0.020209747
01/04/2010,28.41,0.005647738
31/03/2010,28.25,-0.01231326
30/03/2010,28.6,0.006313595
29/03/2010,28.42,0.016318205
26/03/2010,27.96,0.00178987
25/03/2010,27.91,-0.011754365
24/03/2010,28.24,-0.025866524
23/03/2010,28.98,0.004842624
22/03/2010,28.84,0.016783611
19/03/2010,28.36,-0.012265792
18/03/2010,28.71,-0.003129893
17/03/2010,28.8,0.010822239
16/03/2010,28.49,0.039375165
15/03/2010,27.39,-0.007637789
12/03/2010,27.6,-0.002894358
11/03/2010,27.68,-0.012565234
10/03/2010,28.03,0.027488168
09/03/2010,27.27,0.001100716
08/03/2010,27.24,-0.009863094
05/03/2010,27.51,0.017972242
04/03/2010,27.02,-0.005904076
03/03/2010,27.18,-0.010977059
02/03/2010,27.48,-0.005443672
01/03/2010,27.63,0.016788715
26/02/2010,27.17,-0.00842959
25/02/2010,27.4,-0.007635013
24/02/2010,27.61,0.021600693
23/02/2010,27.02,-0.02051354
22/02/2010,27.58,-0.006144968
19/02/2010,27.75,0.000360425
18/02/2010,27.74,0.001804078
17/02/2010,27.69,0.00761287
16/02/2010,27.48,0.008404946
12/02/2010,27.25,0.003676475
11/02/2010,27.15,0.020841841
10/02/2010,26.59,-0.003004133
09/02/2010,26.67,0.00903961
08/02/2010,26.43,-0.006411487
05/02/2010,26.6,0.018592833
04/02/2010,26.11,-0.033888785
03/02/2010,27.01,-0.001849455
02/02/2010,27.06,0.000739372
01/02/2010,27.04,0.035381937
29/01/2010,26.1,-0.023477034
28/01/2010,26.72,-0.024035174
27/01/2010,27.37,0.002560821
26/01/2010,27.3,-0.013823429
25/01/2010,27.68,0.011262608
22/01/2010,27.37,-0.043259649
21/01/2010,28.58,-0.004538322
20/01/2010,28.71,-0.010050336
19/01/2010,29,0.009702086
15/01/2010,28.72,-0.033889945
14/01/2010,29.71,-0.005370943
13/01/2010,29.87,-0.011980177
12/01/2010,30.23,-0.013471536
11/01/2010,30.64,-0.008126162
08/01/2010,30.89,0.012705823
07/01/2010,30.5,0.000655953
06/01/2010,30.48,-0.015625318
05/01/2010,30.96,0.000646204
04/01/2010,30.94,0.012357881
31/12/2009,30.56,-0.012357881
30/12/2009,30.94,0.010723092
29/12/2009,30.61,-0.006187937
28/12/2009,30.8,0.000974501
24/12/2009,30.77,0.013414237
23/12/2009,30.36,0.004291144
22/12/2009,30.23,0.015669599
21/12/2009,29.76,0.017285636
18/12/2009,29.25,0.003081667
17/12/2009,29.16,-0.004789609
16/12/2009,29.3,0.023132397
15/12/2009,28.63,0.002097903
14/12/2009,28.57,0.015876149
11/12/2009,28.12,-0.005673774
10/12/2009,28.28,-0.000706964
09/12/2009,28.3,0.0038945
08/12/2009,28.19,-0.001772107
07/12/2009,28.24,0.008892109
04/12/2009,27.99,0.005373468
03/12/2009,27.84,0.006125042
02/12/2009,27.67,0.00980578
01/12/2009,27.4,0.015817876
30/11/2009,26.97,0.002227172
27/11/2009,26.91,-0.011086588
25/11/2009,27.21,-0.003302149
24/11/2009,27.3,0.017366038
23/11/2009,26.83,0.014642649
20/11/2009,26.44,-0.015760176
19/11/2009,26.86,-0.019904822
18/11/2009,27.4,-0.007635013
17/11/2009,27.61,0.000724638
16/11/2009,27.59,0.015708086
13/11/2009,27.16,0.004058297
12/11/2009,27.05,-0.008833329
11/11/2009,27.29,0.004038926
10/11/2009,27.18,-0.006966114
09/11/2009,27.37,0.024035174
06/11/2009,26.72,-0.005970167
05/11/2009,26.88,0.021433421
04/11/2009,26.31,0.002283106
03/11/2009,26.25,0.010338978
02/11/2009,25.98,0.003856542
30/10/2009,25.88,-0.025935855
29/10/2009,26.56,0.017854225
28/10/2009,26.09,-0.015969921
27/10/2009,26.51,-0.008638551
26/10/2009,26.74,0.005249356
23/10/2009,26.6,-0.023408091
22/10/2009,27.23,-0.004762786
21/10/2009,27.36,-0.018468749
20/10/2009,27.87,-0.004653669
19/10/2009,28,0.014751122
16/10/2009,27.59,-0.001448751
15/10/2009,27.63,-0.008648703
14/10/2009,27.87,-0.022002307
13/10/2009,28.49,-0.004901971
12/10/2009,28.63,0.028699933
09/10/2009,27.82,0.034372671
08/10/2009,26.88,-0.007412932
07/10/2009,27.08,-0.003317975
06/10/2009,27.17,0.01782446
05/10/2009,26.69,0.015100325
02/10/2009,26.29,-0.015474927
01/10/2009,26.7,-0.034238574
30/09/2009,27.63,0.004716134
29/09/2009,27.5,-0.015873349
28/09/2009,27.94,0.015873349
25/09/2009,27.5,0.004738482
24/09/2009,27.37,-0.00546549
23/09/2009,27.52,0.024647192
22/09/2009,26.85,-0.006311512
21/09/2009,27.02,0.012288369
18/09/2009,26.69,0.00262615
17/09/2009,26.62,-0.019345841
16/09/2009,27.14,-0.007342177
15/09/2009,27.34,-0.005107636
14/09/2009,27.48,0.008771986
11/09/2009,27.24,-0.029302151
10/09/2009,28.05,0.019802627
09/09/2009,27.5,-0.003992021
08/09/2009,27.61,0.013491545
04/09/2009,27.24,0.017778246
03/09/2009,26.76,0.024206931
02/09/2009,26.12,0.003451585
01/09/2009,26.03,-0.020533041
31/08/2009,26.57,-0.026737575
28/08/2009,27.29,0.006986607
27/08/2009,27.1,0.01225187
26/08/2009,26.77,0.004117543
25/08/2009,26.66,-0.001499251
24/08/2009,26.7,-0.011913767
21/08/2009,27.02,0.020565316
20/08/2009,26.47,-0.002641013
19/08/2009,26.54,0.004910303
18/08/2009,26.41,0.017185834
17/08/2009,25.96,-0.025856954
14/08/2009,26.64,-0.01527316
13/08/2009,27.05,0.020164985
12/08/2009,26.51,0.008713827
11/08/2009,26.28,-0.007581537
10/08/2009,26.48,-0.014992785
07/08/2009,26.88,-0.008151212
06/08/2009,27.1,-0.01900642
05/08/2009,27.62,0.015690889
04/08/2009,27.19,0.006642091
03/08/2009,27.01,0.005196745
31/07/2009,26.87,0.002981739
30/07/2009,26.79,0.001868112
29/07/2009,26.74,-0.000747664
28/07/2009,26.76,-0.007075062
27/07/2009,26.95,0.000742391
24/07/2009,26.93,-0.010343646
23/07/2009,27.21,0.003681889
22/07/2009,27.11,0.079428117
21/07/2009,25.04,-0.000798403
20/07/2009,25.06,0.001597444
17/07/2009,25.02,-0.005579927
16/07/2009,25.16,0.018047412
15/07/2009,24.71,0.038783739
14/07/2009,23.77,0.008873923
13/07/2009,23.56,0.013675427
10/07/2009,23.24,0.000430385
09/07/2009,23.23,0.029709481
08/07/2009,22.55,-0.003983187
07/07/2009,22.64,-0.033872105
06/07/2009,23.42,-0.007656354
02/07/2009,23.6,0.009365756
01/07/2009,23.38,0.001283972
30/06/2009,23.35,0.008170331
29/06/2009,23.16,-0.01499921
26/06/2009,23.51,0.028912478
25/06/2009,22.84,0.026620915
24/06/2009,22.24,0.017233987
23/06/2009,21.86,0.000457561
22/06/2009,21.85,-0.019488494
19/06/2009,22.28,-0.003136906
18/06/2009,22.35,-0.011123585
17/06/2009,22.6,0.003990251
16/06/2009,22.51,-0.025439968
15/06/2009,23.09,-0.020999272
12/06/2009,23.58,-0.005919679
11/06/2009,23.72,-0.008396355
10/06/2009,23.92,-0.001253395
09/06/2009,23.95,0.026656962
08/06/2009,23.32,-0.000428725
05/06/2009,23.33,-0.014045773
04/06/2009,23.66,0.016620881
03/06/2009,23.27,-0.016198138
02/06/2009,23.65,-0.024641046
01/06/2009,24.24,0.036123205
29/05/2009,23.38,0.01638674
28/05/2009,23,0.026433257
27/05/2009,22.4,0.001787311
26/05/2009,22.36,0.032268194
22/05/2009,21.65,-0.002767529
21/05/2009,21.71,-0.029053337
20/05/2009,22.35,0.041567985
19/05/2009,21.44,0.028864081
18/05/2009,20.83,0.008194792
15/05/2009,20.66,-0.028157432
14/05/2009,21.25,0.020442832
13/05/2009,20.82,-0.017143277
12/05/2009,21.18,-0.023793985
11/05/2009,21.69,0.014863256
08/05/2009,21.37,-0.009315391
07/05/2009,21.57,-0.048856392
06/05/2009,22.65,0.009760503
05/05/2009,22.43,-0.001336601
04/05/2009,22.46,0.038117137
01/05/2009,21.62,-0.007373305
30/04/2009,21.78,0.006448664
29/04/2009,21.64,-0.008741717
28/04/2009,21.83,-0.012744824
27/04/2009,22.11,-0.015260619
24/04/2009,22.45,0.01029783
23/04/2009,22.22,-0.010743165
22/04/2009,22.46,0.032582068
21/04/2009,21.74,-0.000459876
20/04/2009,21.75,-0.037007833
17/04/2009,22.57,-0.014078543
16/04/2009,22.89,0.013192803
15/04/2009,22.59,-0.028797802
14/04/2009,23.25,0
13/04/2009,23.25,0.022619494
09/04/2009,22.73,0.025396776
08/04/2009,22.16,-0.008089932
07/04/2009,22.34,-0.018186352
06/04/2009,22.75,-0.016997576
03/04/2009,23.14,0.025384295
02/04/2009,22.56,0.004442477
01/04/2009,22.46,-0.022888323
31/03/2009,22.98,0.005673155
30/03/2009,22.85,-0.024639241
27/03/2009,23.42,-0.024463472
26/03/2009,24,0.024463472
25/03/2009,23.42,0.015490843
24/03/2009,23.06,-0.027797385
23/03/2009,23.71,0.050605391
20/03/2009,22.54,-0.025838968
19/03/2009,23.13,0.002597404
18/03/2009,23.07,0.022798006
17/03/2009,22.55,0.021969052
16/03/2009,22.06,-0.027276451
13/03/2009,22.67,-0.010531032
12/03/2009,22.91,0.026538488
11/03/2009,22.31,0.012629848
10/03/2009,22.03,0.049312316
09/03/2009,20.97,-0.02960047
06/03/2009,21.6,-0.01561814
05/03/2009,21.94,0.002738477
04/03/2009,21.88,0.028745605
03/03/2009,21.26,0.008028378
02/03/2009,21.09,-0.033110975
27/02/2009,21.8,-0.010949014
26/02/2009,22.04,-0.033023974
25/02/2009,22.78,0.024890174
24/02/2009,22.22,0.025063969
23/02/2009,21.67,-0.031344833
20/02/2009,22.36,0.005381179
19/02/2009,22.24,-0.037940148
18/02/2009,23.1,-0.005181359
17/02/2009,23.22,-0.05161624
13/02/2009,24.45,0.010277583
12/02/2009,24.2,0.015827069
11/02/2009,23.82,-0.018715456
10/02/2009,24.27,-0.043143155
09/02/2009,25.34,-0.01682685
06/02/2009,25.77,0.01682685
05/02/2009,25.34,0.042731209
04/02/2009,24.28,-0.005339918
03/02/2009,24.41,0.023628042
02/02/2009,23.84,0.017774484
30/01/2009,23.42,-0.020288101
29/01/2009,23.9,-0.031709472
28/01/2009,24.67,0.010185462
27/01/2009,24.42,0.037976606
26/01/2009,23.51,0.01499921
23/01/2009,23.16,0.016982773
22/01/2009,22.77,-0.026009268
21/01/2009,23.37,0.026888003
20/01/2009,22.75,-0.050985555
16/01/2009,23.94,0.051425212
15/01/2009,22.74,0.048196673
14/01/2009,21.67,-0.042021091
13/01/2009,22.6,0.041098581
12/01/2009,21.69,-0.023240964
09/01/2009,22.2,-0.046642858
08/01/2009,23.26,0.012110875
07/01/2009,22.98,-0.033379222
06/01/2009,23.76,0.045198138
05/01/2009,22.71,
