Date,Close,NU
04/04/2014,45.09,0.002664892
03/04/2014,44.97,0.002226181
02/04/2014,44.87,-0.005334531
01/04/2014,45.11,-0.008608375
31/03/2014,45.5,0.012161565
28/03/2014,44.95,0
27/03/2014,44.95,0.008489774
26/03/2014,44.57,-0.004477285
25/03/2014,44.77,0.000446828
24/03/2014,44.75,0.007401626
21/03/2014,44.42,0.008364466
20/03/2014,44.05,-0.008139317
19/03/2014,44.41,-0.018295914
18/03/2014,45.23,0.003321894
17/03/2014,45.08,0.004223636
14/03/2014,44.89,0.006257004
13/03/2014,44.61,0.015132982
12/03/2014,43.94,0.01328771
11/03/2014,43.36,-0.003223581
10/03/2014,43.5,-0.005730675
07/03/2014,43.75,0.005730675
06/03/2014,43.5,-0.00595922
05/03/2014,43.76,-0.00955204
04/03/2014,44.18,0.005219574
03/03/2014,43.95,-0.011312338
28/02/2014,44.45,0.009493742
27/02/2014,44.03,-0.004532072
26/02/2014,44.23,-0.004286527
25/02/2014,44.42,0.000225149
24/02/2014,44.41,-0.005389638
21/02/2014,44.65,-0.000447828
20/02/2014,44.67,0.005162171
19/02/2014,44.44,-0.010520522
18/02/2014,44.91,-0.001335114
14/02/2014,44.97,0.006245838
13/02/2014,44.69,0.006735544
12/02/2014,44.39,0.002932884
11/02/2014,44.26,0.010675854
10/02/2014,43.79,0.011252846
07/02/2014,43.3,0.009980354
06/02/2014,42.87,-0.005582708
05/02/2014,43.11,-0.008546073
04/02/2014,43.48,0.000690211
03/02/2014,43.45,-0.008022966
31/01/2014,43.8,0.007102791
30/01/2014,43.49,0.015759306
29/01/2014,42.81,-0.00349773
28/01/2014,42.96,0.00349773
27/01/2014,42.81,0.008916061
24/01/2014,42.43,-0.016363151
23/01/2014,43.13,-0.004857185
22/01/2014,43.34,0.006713765
21/01/2014,43.05,0.010742747
17/01/2014,42.59,0.008488615
16/01/2014,42.23,0.004509323
15/01/2014,42.04,-0.005929105
14/01/2014,42.29,-0.000945403
13/01/2014,42.33,-0.007531219
10/01/2014,42.65,0.017264234
09/01/2014,41.92,0.004303138
08/01/2014,41.74,-0.004303138
07/01/2014,41.92,0.008865519
06/01/2014,41.55,0.000722282
03/01/2014,41.52,-0.004805391
02/01/2014,41.72,-0.015931855
31/12/2013,42.39,0.000235933
30/12/2013,42.38,0.004256332
27/12/2013,42.2,-0.000947418
26/12/2013,42.24,-0.000236714
24/12/2013,42.25,0.00213245
23/12/2013,42.16,0.001186662
20/12/2013,42.11,0.005476856
19/12/2013,41.88,-0.003099299
18/12/2013,42.01,0.011973323
17/12/2013,41.51,-0.00552554
16/12/2013,41.74,0.003600148
13/12/2013,41.59,0.005303773
12/12/2013,41.37,0.00996
11/12/2013,40.96,-0.002194855
10/12/2013,41.05,-0.007039718
09/12/2013,41.34,-0.005788728
06/12/2013,41.58,0.01624475
05/12/2013,40.91,-0.005120089
04/12/2013,41.12,0.00389864
03/12/2013,40.96,0
02/12/2013,40.96,-0.002925404
29/11/2013,41.08,-0.002431317
27/11/2013,41.18,-0.000970874
26/11/2013,41.22,-0.015646005
25/11/2013,41.87,-0.007376595
22/11/2013,42.18,0
21/11/2013,42.18,0.003324629
20/11/2013,42.04,-0.008998403
19/11/2013,42.42,-0.010085696
18/11/2013,42.85,-0.001865237
15/11/2013,42.93,0.003967796
14/11/2013,42.76,0.013894018
13/11/2013,42.17,0.005230635
12/11/2013,41.95,-0.009962132
11/11/2013,42.37,0.00236295
08/11/2013,42.27,-0.003070748
07/11/2013,42.4,-0.012888286
06/11/2013,42.95,0.011474192
05/11/2013,42.46,-0.004933641
04/11/2013,42.67,0.003992021
01/11/2013,42.5,-0.009134623
31/10/2013,42.89,-0.005348228
30/10/2013,43.12,-0.007854048
29/10/2013,43.46,0.003226553
28/10/2013,43.32,-0.002075407
25/10/2013,43.41,0.012284313
24/10/2013,42.88,-0.000699382
23/10/2013,42.91,0.007250646
22/10/2013,42.6,0.008723384
21/10/2013,42.23,-0.002601397
18/10/2013,42.34,0.001181614
17/10/2013,42.29,0.018134594
16/10/2013,41.53,0.009921436
15/10/2013,41.12,-0.014725673
14/10/2013,41.73,-0.01025161
11/10/2013,42.16,0.004993471
10/10/2013,41.95,0.018040177
09/10/2013,41.2,0.004378504
08/10/2013,41.02,0.008323181
07/10/2013,40.68,-0.008323181
04/10/2013,41.02,-0.000243754
03/10/2013,41.03,-0.010666768
02/10/2013,41.47,0.002414294
01/10/2013,41.37,0.002904868
30/09/2013,41.25,-0.004595485
27/09/2013,41.44,0
26/09/2013,41.44,0.002416044
25/09/2013,41.34,-0.004826264
24/09/2013,41.54,-0.002164243
23/09/2013,41.63,0.010625553
20/09/2013,41.19,-0.01230562
19/09/2013,41.7,-0.004546006
18/09/2013,41.89,0.033251456
17/09/2013,40.52,0.002965894
16/09/2013,40.4,0.002726486
13/09/2013,40.29,0.004976373
12/09/2013,40.09,-0.015101166
11/09/2013,40.7,-0.006367888
10/09/2013,40.96,0.007351173
09/09/2013,40.66,0.010134804
06/09/2013,40.25,-0.000248416
05/09/2013,40.26,-0.006190437
04/09/2013,40.51,0.004205325
03/09/2013,40.34,-0.015496559
30/08/2013,40.97,0
29/08/2013,40.97,-0.004626819
28/08/2013,41.16,-0.003153429
27/08/2013,41.29,-0.000968289
26/08/2013,41.33,-0.00915228
23/08/2013,41.71,0.011332249
22/08/2013,41.24,0.00559272
21/08/2013,41.01,-0.013562814
20/08/2013,41.57,0.008455178
19/08/2013,41.22,-0.001938925
16/08/2013,41.3,-0.01370708
15/08/2013,41.87,-0.017519387
14/08/2013,42.61,-0.010505524
13/08/2013,43.06,-0.009936535
12/08/2013,43.49,-0.006417625
09/08/2013,43.77,-0.010002357
08/08/2013,44.21,0.001131606
07/08/2013,44.16,0.011387051
06/08/2013,43.66,-0.013648984
05/08/2013,44.26,-0.009668428
02/08/2013,44.69,-0.008023221
01/08/2013,45.05,0.014308315
31/07/2013,44.41,-0.003596318
30/07/2013,44.57,0.011962675
29/07/2013,44.04,-0.00430498
26/07/2013,44.23,-0.003160274
25/07/2013,44.37,0.00451774
24/07/2013,44.17,-0.016837304
23/07/2013,44.92,0.005357156
22/07/2013,44.68,-0.003351584
19/07/2013,44.83,0.004695369
18/07/2013,44.62,0.015584731
17/07/2013,43.93,0.000910954
16/07/2013,43.89,-0.004773279
15/07/2013,44.1,0.018769148
12/07/2013,43.28,0.003239994
11/07/2013,43.14,0.018954586
10/07/2013,42.33,0.003312828
09/07/2013,42.19,0.010244283
08/07/2013,41.76,0.015201161
05/07/2013,41.13,-0.00605989
03/07/2013,41.38,0.00605989
02/07/2013,41.13,-0.002913331
01/07/2013,41.25,-0.018494583
28/06/2013,42.02,0.006685794
27/06/2013,41.74,0.011566394
26/06/2013,41.26,0.017604367
25/06/2013,40.54,0.009915798
24/06/2013,40.14,-0.005713591
21/06/2013,40.37,0.019005323
20/06/2013,39.61,-0.041538728
19/06/2013,41.29,-0.030294505
18/06/2013,42.56,0.009917437
17/06/2013,42.14,0.000237332
14/06/2013,42.13,0.004758515
13/06/2013,41.93,0.019263779
12/06/2013,41.13,-0.009437457
11/06/2013,41.52,-0.013159659
10/06/2013,42.07,-0.007341655
07/06/2013,42.38,0.016655155
06/06/2013,41.68,0.011825889
05/06/2013,41.19,-0.00846131
04/06/2013,41.54,-0.007434978
03/06/2013,41.85,0.004310352
31/05/2013,41.67,-0.008840101
30/05/2013,42.04,0.007401251
29/05/2013,41.73,-0.018754259
28/05/2013,42.52,-0.007497692
24/05/2013,42.84,-0.01597811
23/05/2013,43.53,-0.009374711
22/05/2013,43.94,-0.014684552
21/05/2013,44.59,0.003594702
20/05/2013,44.43,-0.000899888
17/05/2013,44.47,0.00812829
16/05/2013,44.11,-0.009027369
15/05/2013,44.51,0.012888816
14/05/2013,43.94,0.00983427
13/05/2013,43.51,-0.006186295
10/05/2013,43.78,0.005037794
09/05/2013,43.56,-0.021799228
08/05/2013,44.52,-0.01027942
07/05/2013,44.98,0.008484088
06/05/2013,44.6,-0.01247788
03/05/2013,45.16,-0.002432822
02/05/2013,45.27,0.006648961
01/05/2013,44.97,-0.007973464
30/04/2013,45.33,0.00597413
29/04/2013,45.06,0.004448406
26/04/2013,44.86,0.000445931
25/04/2013,44.84,-0.002005125
24/04/2013,44.93,0.002897584
23/04/2013,44.8,0.006943695
22/04/2013,44.49,-0.010063822
19/04/2013,44.94,0.016603478
18/04/2013,44.2,0.006810469
17/04/2013,43.9,-0.01312533
16/04/2013,44.48,0.014721136
15/04/2013,43.83,-0.018759732
12/04/2013,44.66,0.005163329
11/04/2013,44.43,0.005642719
10/04/2013,44.18,0.011381867
09/04/2013,43.68,-0.003428183
08/04/2013,43.83,0.002512851
05/04/2013,43.72,0.006194812
04/04/2013,43.45,0.005307501
03/04/2013,43.22,-0.006227676
02/04/2013,43.49,0.004609365
01/04/2013,43.29,-0.003919313
28/03/2013,43.46,0.013202276
27/03/2013,42.89,0.001633415
26/03/2013,42.82,0.006560473
25/03/2013,42.54,-0.002582464
22/03/2013,42.65,0.00140779
21/03/2013,42.59,-0.003047711
20/03/2013,42.72,0.007754709
19/03/2013,42.39,0
18/03/2013,42.39,-0.006349228
15/03/2013,42.66,0.00328716
14/03/2013,42.52,0.005187467
13/03/2013,42.3,0.00402701
12/03/2013,42.13,-0.006624107
11/03/2013,42.41,0.004727024
08/03/2013,42.21,-0.002602628
07/03/2013,42.32,-0.004949922
06/03/2013,42.53,-0.00117495
05/03/2013,42.58,0.006597573
04/03/2013,42.3,0.011890747
01/03/2013,41.8,0.006961977
28/02/2013,41.51,0.005798518
27/02/2013,41.27,0.002183142
26/02/2013,41.18,0.003892949
25/02/2013,41.02,-0.009945503
22/02/2013,41.43,0.013119722
21/02/2013,40.89,-0.006338393
20/02/2013,41.15,-0.00629847
19/02/2013,41.41,0.011414817
15/02/2013,40.94,0.004406372
14/02/2013,40.76,-0.008063575
13/02/2013,41.09,-0.001459144
12/02/2013,41.15,0.000729306
11/02/2013,41.12,0.00024322
08/02/2013,41.11,0.000486618
07/02/2013,41.09,0.000243398
06/02/2013,41.08,0.003658095
05/02/2013,40.93,-0.001464844
04/02/2013,40.99,-0.004624567
01/02/2013,41.18,0.01098778
31/01/2013,40.73,-0.006363213
30/01/2013,40.99,0.008821425
29/01/2013,40.63,0.009396706
28/01/2013,40.25,-0.00173762
25/01/2013,40.32,0.010220705
24/01/2013,39.91,0.00351406
23/01/2013,39.77,-0.002009546
22/01/2013,39.85,0.016190589
18/01/2013,39.21,0.013092216
17/01/2013,38.7,0.000775494
16/01/2013,38.67,-0.007984588
15/01/2013,38.98,-0.001538067
14/01/2013,39.04,-0.003834851
11/01/2013,39.19,-0.003057327
10/01/2013,39.31,0.004845094
09/01/2013,39.12,0.003072199
08/01/2013,39,-0.00537017
07/01/2013,39.21,-0.010906893
04/01/2013,39.64,0.001009591
03/01/2013,39.6,-0.00554018
02/01/2013,39.82,0.018758471
31/12/2012,39.08,0.016512243
28/12/2012,38.44,-0.008806066
27/12/2012,38.78,0.000257898
26/12/2012,38.77,-0.009753671
24/12/2012,39.15,-0.002041338
21/12/2012,39.23,-0.005592287
20/12/2012,39.45,0
19/12/2012,39.45,-0.005813235
18/12/2012,39.68,0.010386414
17/12/2012,39.27,0.0148797
14/12/2012,38.69,-0.016660644
13/12/2012,39.34,-0.009361232
12/12/2012,39.71,0.004543168
11/12/2012,39.53,0.009914915
10/12/2012,39.14,-0.003315907
07/12/2012,39.27,0.000509424
06/12/2012,39.25,-0.001018589
05/12/2012,39.29,0.021351293
04/12/2012,38.46,-0.00259673
03/12/2012,38.56,-0.004657188
30/11/2012,38.74,0.015084811
29/11/2012,38.16,0.001836066
28/11/2012,38.09,-0.007845229
27/11/2012,38.39,0.007320294
26/11/2012,38.11,0.010021181
23/11/2012,37.73,-0.004231691
21/11/2012,37.89,-0.005264555
20/11/2012,38.09,-0.002098086
19/11/2012,38.17,-0.003922086
16/11/2012,38.32,0.012076807
15/11/2012,37.86,-0.003427821
14/11/2012,37.99,-0.006297581
13/11/2012,38.23,0.007087574
12/11/2012,37.96,-0.004730626
09/11/2012,38.14,-0.002095339
08/11/2012,38.22,-0.003916965
07/11/2012,38.37,-0.020890508
06/11/2012,39.18,0.003835831
05/11/2012,39.03,-0.00968901
02/11/2012,39.41,0.004322957
01/11/2012,39.24,-0.001527884
31/10/2012,39.3,0.00868904
26/10/2012,38.96,-0.001282545
25/10/2012,39.01,0.00462488
24/10/2012,38.83,-0.005649733
23/10/2012,39.05,-0.01297563
22/10/2012,39.56,-0.003784538
19/10/2012,39.71,-0.002263867
18/10/2012,39.8,0.00756624
17/10/2012,39.5,0.010178205
16/10/2012,39.1,0
15/10/2012,39.1,0.010799796
12/10/2012,38.68,-0.004900074
11/10/2012,38.87,-0.004364017
10/10/2012,39.04,-0.009940186
09/10/2012,39.43,0.008404481
08/10/2012,39.1,-0.001022495
05/10/2012,39.14,0.008724715
04/10/2012,38.8,-0.001030397
03/10/2012,38.84,0.001803892
02/10/2012,38.77,0.003099977
01/10/2012,38.65,0.010926227
28/09/2012,38.23,0.00814187
27/09/2012,37.92,-0.004735605
26/09/2012,38.1,0.001576044
25/09/2012,38.04,-0.001050972
24/09/2012,38.08,0.017216688
21/09/2012,37.43,0.006970538
20/09/2012,37.17,0.004313838
19/09/2012,37.01,0.001893172
18/09/2012,36.94,-0.009162015
17/09/2012,37.28,-0.012528486
14/09/2012,37.75,-0.014986477
13/09/2012,38.32,0.019233896
12/09/2012,37.59,-0.009267907
11/09/2012,37.94,-0.004733114
10/09/2012,38.12,-0.003143009
07/09/2012,38.24,0.002094242
06/09/2012,38.16,0.012658397
05/09/2012,37.68,-0.008719833
04/09/2012,38.01,0.008985261
31/08/2012,37.67,-0.00106129
30/08/2012,37.71,-0.002383791
29/08/2012,37.8,-0.005803234
28/08/2012,38.02,0.001579363
27/08/2012,37.96,-0.000263401
24/08/2012,37.97,0.006075834
23/08/2012,37.74,-0.011329327
22/08/2012,38.17,-0.001047395
21/08/2012,38.21,-0.012225409
20/08/2012,38.68,0.003626008
17/08/2012,38.54,-0.005950089
16/08/2012,38.77,-0.006427584
15/08/2012,39.02,-0.003326087
14/08/2012,39.15,-0.003569611
13/08/2012,39.29,-0.007606528
10/08/2012,39.59,0.009899814
09/08/2012,39.2,-0.0063573
08/08/2012,39.45,-0.000760167
07/08/2012,39.48,-0.002277041
06/08/2012,39.57,0
03/08/2012,39.57,0.008119811
02/08/2012,39.25,0.003828977
01/08/2012,39.1,-0.019752478
31/07/2012,39.88,-0.017153932
30/07/2012,40.57,0.015149923
27/07/2012,39.96,-0.00224972
26/07/2012,40.05,0.014334459
25/07/2012,39.48,0.003806628
24/07/2012,39.33,-0.011376687
23/07/2012,39.78,-0.011994147
20/07/2012,40.26,-0.005449605
19/07/2012,40.48,0.005449605
18/07/2012,40.26,0.005729247
17/07/2012,40.03,0.011305233
16/07/2012,39.58,-0.007551005
13/07/2012,39.88,0.020264118
12/07/2012,39.08,0.006417683
11/07/2012,38.83,0.002836881
10/07/2012,38.72,0.004140793
09/07/2012,38.56,-0.003365699
06/07/2012,38.69,-0.001807618
05/07/2012,38.76,-0.012817402
03/07/2012,39.26,0.004083722
02/07/2012,39.1,0.007444522
29/06/2012,38.81,0.012184208
28/06/2012,38.34,0.000260858
27/06/2012,38.33,0.008383596
26/06/2012,38.01,0.011111225
25/06/2012,37.59,-0.004512284
22/06/2012,37.76,0.005044482
21/06/2012,37.57,-0.012169462
20/06/2012,38.03,-0.01409945
19/06/2012,38.57,-0.003623192
18/06/2012,38.71,0.005959339
15/06/2012,38.48,0.009924344
14/06/2012,38.1,0.013742288
13/06/2012,37.58,0.00480129
12/06/2012,37.4,0.002141328
11/06/2012,37.32,-0.001873913
08/06/2012,37.39,0.007786319
07/06/2012,37.1,0.002699057
06/06/2012,37,0.021582589
05/06/2012,36.21,-0.000276129
04/06/2012,36.22,-0.005506622
01/06/2012,36.42,0.011321397
31/05/2012,36.01,0.001667593
30/05/2012,35.95,-0.022009141
29/05/2012,36.75,0.010668956
25/05/2012,36.36,0.001100716
24/05/2012,36.32,0.0013776
23/05/2012,36.27,0.000551572
22/05/2012,36.25,0.014448709
21/05/2012,35.73,0.022358367
18/05/2012,34.94,-0.004568826
17/05/2012,35.1,-0.012739026
16/05/2012,35.55,-0.006448922
15/05/2012,35.78,-0.011670041
14/05/2012,36.2,-0.010169113
11/05/2012,36.57,0.003012463
10/05/2012,36.46,0.007709289
09/05/2012,36.18,-0.001381025
08/05/2012,36.23,0.0094288
07/05/2012,35.89,-0.004725513
04/05/2012,36.06,0.006677821
03/05/2012,35.82,-0.033221998
02/05/2012,37.03,-0.001618997
01/05/2012,37.09,0.008665096
30/04/2012,36.77,-0.00135888
27/04/2012,36.82,0.003264421
26/04/2012,36.7,0.003548523
25/04/2012,36.57,0.00438477
24/04/2012,36.41,0.009104767
23/04/2012,36.08,-0.010477074
20/04/2012,36.46,0.014921526
19/04/2012,35.92,-0.007488594
18/04/2012,36.19,-0.003310348
17/04/2012,36.31,0.003034067
16/04/2012,36.2,0.011111225
13/04/2012,35.8,0.002237137
12/04/2012,35.72,0
11/04/2012,35.72,-0.005305052
10/04/2012,35.91,-0.024210261
09/04/2012,36.79,-0.002714442
05/04/2012,36.89,-0.003787883
04/04/2012,37.03,-0.008336743
03/04/2012,37.34,0.007796786
02/04/2012,37.05,-0.001887556
30/03/2012,37.12,-0.002421634
29/03/2012,37.21,0.008637031
28/03/2012,36.89,-0.007830471
27/03/2012,37.18,0.001076426
26/03/2012,37.14,0.010828476
23/03/2012,36.74,0.009846907
22/03/2012,36.38,0.000274914
21/03/2012,36.37,-0.004389582
20/03/2012,36.53,0.004939637
19/03/2012,36.35,-0.002198407
16/03/2012,36.43,-0.007656586
15/03/2012,36.71,-0.000816882
14/03/2012,36.74,-0.021807298
13/03/2012,37.55,0.011786903
12/03/2012,37.11,0.007302264
09/03/2012,36.84,0.004352564
08/03/2012,36.68,0.012068166
07/03/2012,36.24,0.009147673
06/03/2012,35.91,-0.016570387
05/03/2012,36.51,0.0118475
02/03/2012,36.08,0.001109262
01/03/2012,36.04,0.003892137
29/02/2012,35.9,0.014873292
28/02/2012,35.37,-0.008445996
27/02/2012,35.67,-0.005312469
24/02/2012,35.86,0.003351958
23/02/2012,35.74,-0.005580372
22/02/2012,35.94,-0.001390241
21/02/2012,35.99,-0.003051743
17/02/2012,36.1,-0.00166067
16/02/2012,36.16,0.017857617
15/02/2012,35.52,0.017609089
14/02/2012,34.9,-0.002575477
13/02/2012,34.99,-0.005983776
10/02/2012,35.2,-0.007359218
09/02/2012,35.46,-0.004501977
08/02/2012,35.62,0.003656311
07/02/2012,35.49,0.006218222
06/02/2012,35.27,-0.00085022
03/02/2012,35.3,0.005396974
02/02/2012,35.11,-0.001423083
01/02/2012,35.16,0.011729501
31/01/2012,34.75,0.006061499
30/01/2012,34.54,-0.005485794
27/01/2012,34.73,-0.015428877
26/01/2012,35.27,0.010259423
25/01/2012,34.91,0.010365771
24/01/2012,34.55,0.003479273
23/01/2012,34.43,0.00203518
20/01/2012,34.36,0.024452537
19/01/2012,33.53,-0.017443162
18/01/2012,34.12,-0.002634276
17/01/2012,34.21,-0.000584454
13/01/2012,34.23,-0.00087604
12/01/2012,34.26,0.000583942
11/01/2012,34.24,-0.006694829
10/01/2012,34.47,-0.001159757
09/01/2012,34.51,-0.014098924
06/01/2012,35,-0.001427552
05/01/2012,35.05,-0.000570451
04/01/2012,35.07,-0.017804625
03/01/2012,35.7,-0.010310806
30/12/2011,36.07,-0.004701986
29/12/2011,36.24,0.011098893
28/12/2011,35.84,-0.000278979
27/12/2011,35.85,0.003912805
23/12/2011,35.71,0.011547798
22/12/2011,35.3,0.003689517
21/12/2011,35.17,0.010288745
20/12/2011,34.81,0.008655565
19/12/2011,34.51,-0.006642624
16/12/2011,34.74,0.001728609
15/12/2011,34.68,0.011309385
14/12/2011,34.29,-0.010443959
13/12/2011,34.65,0.011903174
12/12/2011,34.24,-0.001750803
09/12/2011,34.3,0.023003079
08/12/2011,33.52,-0.020375723
07/12/2011,34.21,-0.004957001
06/12/2011,34.38,-0.002324231
05/12/2011,34.46,0.003488376
02/12/2011,34.34,-0.014742282
01/12/2011,34.85,0.00691048
30/11/2011,34.61,0.02664482
29/11/2011,33.7,0.008941937
28/11/2011,33.4,0.006608615
25/11/2011,33.18,0.006956024
23/11/2011,32.95,-0.019832381
22/11/2011,33.61,-0.005341259
21/11/2011,33.79,-0.020794423
18/11/2011,34.5,0.016659745
17/11/2011,33.93,-0.011428696
16/11/2011,34.32,-0.016471981
15/11/2011,34.89,0.012691258
14/11/2011,34.45,-0.01812217
11/11/2011,35.08,0.023360832
10/11/2011,34.27,0.016475807
09/11/2011,33.71,-0.020843262
08/11/2011,34.42,0.000290571
07/11/2011,34.41,-0.007239064
04/11/2011,34.66,-0.003168662
03/11/2011,34.77,0.015944678
02/11/2011,34.22,0.018581865
01/11/2011,33.59,-0.02875785
31/10/2011,34.57,-0.000289226
28/10/2011,34.58,-0.010070579
27/10/2011,34.93,0.029341248
26/10/2011,33.92,0.014850288
25/10/2011,33.42,-0.016617593
24/10/2011,33.98,0.006495447
21/10/2011,33.76,0.011619377
20/10/2011,33.37,0.000299715
19/10/2011,33.36,0.000899685
18/10/2011,33.33,0.013593322
17/10/2011,32.88,-0.012993082
14/10/2011,33.31,0.011169927
13/10/2011,32.94,0.011910356
12/10/2011,32.55,0.007400589
11/10/2011,32.31,-0.019917925
10/10/2011,32.96,0.027997522
07/10/2011,32.05,0.003438041
06/10/2011,31.94,0.026972919
05/10/2011,31.09,-0.005772947
04/10/2011,31.27,-0.024949976
03/10/2011,32.06,-0.048403909
30/09/2011,33.65,-0.01357754
29/09/2011,34.11,0.011202947
28/09/2011,33.73,-0.022571675
27/09/2011,34.5,0.012248622
26/09/2011,34.08,0.002056103
23/09/2011,34.01,0.015706353
22/09/2011,33.48,-0.022738319
21/09/2011,34.25,-0.016218137
20/09/2011,34.81,0.008365836
19/09/2011,34.52,0.002029869
16/09/2011,34.45,-0.000290234
15/09/2011,34.46,0.012850644
14/09/2011,34.02,0.00974753
13/09/2011,33.69,0.010743165
12/09/2011,33.33,0.00692461
09/09/2011,33.1,-0.021519061
08/09/2011,33.82,0.000591541
07/09/2011,33.8,0.010110107
06/09/2011,33.46,-0.007740438
02/09/2011,33.72,-0.018510886
01/09/2011,34.35,-0.010137668
31/08/2011,34.7,0.00607026
30/08/2011,34.49,-0.005493725
29/08/2011,34.68,0.016572555
26/08/2011,34.11,0.006175582
25/08/2011,33.9,-0.010563479
24/08/2011,34.26,0.033841163
23/08/2011,33.12,0.027860366
22/08/2011,32.21,-0.000310414
19/08/2011,32.22,-0.011724911
18/08/2011,32.6,-0.017634996
17/08/2011,33.18,0.003925718
16/08/2011,33.05,-0.007836086
15/08/2011,33.31,0.026465423
12/08/2011,32.44,-0.010426344
11/08/2011,32.78,0.048439402
10/08/2011,31.23,-0.022166835
09/08/2011,31.93,0.047131659
08/08/2011,30.46,-0.05679357
05/08/2011,32.24,0.007159564
04/08/2011,32.01,-0.031973212
03/08/2011,33.05,-0.014418994
02/08/2011,33.53,-0.021537932
01/08/2011,34.26,0.007617968
29/07/2011,34,-0.014888612
28/07/2011,34.51,-0.009804
27/07/2011,34.85,-0.002865331
26/07/2011,34.95,-0.003712699
25/07/2011,35.08,-0.007384299
22/07/2011,35.34,0.001415829
21/07/2011,35.29,0.014269649
20/07/2011,34.79,0.006922439
19/07/2011,34.55,0.007553784
18/07/2011,34.29,-0.019350784
15/07/2011,34.96,0.004012616
14/07/2011,34.82,-0.010001512
13/07/2011,35.17,-0.005953242
12/07/2011,35.38,0.013946434
11/07/2011,34.89,-0.011965955
08/07/2011,35.31,-0.001415028
07/07/2011,35.36,-0.003951459
06/07/2011,35.5,-0.004777303
05/07/2011,35.67,-0.001400757
01/07/2011,35.72,0.01551731
30/06/2011,35.17,-0.000568505
29/06/2011,35.19,-0.001136041
28/06/2011,35.23,0.005978665
27/06/2011,35.02,0.010910243
24/06/2011,34.64,0.00202283
23/06/2011,34.57,-0.006918448
22/06/2011,34.81,-0.011425431
21/06/2011,35.21,0.004269254
20/06/2011,35.06,0.009457013
17/06/2011,34.73,0.013333531
16/06/2011,34.27,0.010855322
15/06/2011,33.9,-0.005002217
14/06/2011,34.07,0.004412421
13/06/2011,33.92,0.001179941
10/06/2011,33.88,-0.005885832
09/06/2011,34.08,-0.002344667
08/06/2011,34.16,0.004106782
07/06/2011,34.02,0.004123717
06/06/2011,33.88,-0.011153623
03/06/2011,34.26,-0.018221762
02/06/2011,34.89,-0.000286574
01/06/2011,34.9,-0.009694972
31/05/2011,35.24,0.006262474
27/05/2011,35.02,-0.009661911
26/05/2011,35.36,0.000282845
25/05/2011,35.35,-0.005079018
24/05/2011,35.53,0.001408253
23/05/2011,35.48,-0.017323708
20/05/2011,36.1,-0.00442234
19/05/2011,36.26,-0.00137798
18/05/2011,36.31,0.00137798
17/05/2011,36.26,0.00997791
16/05/2011,35.9,-0.000835306
13/05/2011,35.93,-0.002224077
12/05/2011,36.01,0.009767065
11/05/2011,35.66,-0.002520657
10/05/2011,35.75,0.008709143
09/05/2011,35.44,0.003958162
06/05/2011,35.3,0.001133787
05/05/2011,35.26,-0.013241495
04/05/2011,35.73,0.000279916
03/05/2011,35.72,0.001400757
02/05/2011,35.67,0.001964362
29/04/2011,35.6,0.006198949
28/04/2011,35.38,0.006806606
27/04/2011,35.14,0.010010094
26/04/2011,34.79,0.005476307
25/04/2011,34.6,0.006669591
21/04/2011,34.37,0.006421505
20/04/2011,34.15,0.01474953
19/04/2011,33.65,0.00506481
18/04/2011,33.48,-0.014235116
15/04/2011,33.96,0.005610527
14/04/2011,33.77,-0.003252035
13/04/2011,33.88,-0.005592362
12/04/2011,34.07,-0.003515972
11/04/2011,34.19,-0.009895308
08/04/2011,34.53,-0.001446969
07/04/2011,34.58,-0.008924775
06/04/2011,34.89,0.003732955
05/04/2011,34.76,-0.004019529
04/04/2011,34.9,0.00057323
01/04/2011,34.88,0.008059917
31/03/2011,34.6,-0.004901264
30/03/2011,34.77,0.015068381
29/03/2011,34.25,0.011452188
28/03/2011,33.86,-0.008528209
25/03/2011,34.15,0
24/03/2011,34.15,-0.001463058
23/03/2011,34.2,0.001170275
22/03/2011,34.16,-0.00146263
21/03/2011,34.21,0.015910766
18/03/2011,33.67,0.005061794
17/03/2011,33.5,0.008995563
16/03/2011,33.2,-0.015541257
15/03/2011,33.72,-0.017345724
14/03/2011,34.31,-0.006970693
11/03/2011,34.55,0.002028104
10/03/2011,34.48,-0.016966618
09/03/2011,35.07,0.007728677
08/03/2011,34.8,0.019733664
07/03/2011,34.12,0.00853574
04/03/2011,33.83,-0.010585221
03/03/2011,34.19,0.005572679
02/03/2011,34,0.00471699
01/03/2011,33.84,-0.005892769
28/02/2011,34.04,0.013010237
25/02/2011,33.6,0.012880214
24/02/2011,33.17,-0.003911544
23/02/2011,33.3,-0.004195391
22/02/2011,33.44,0
18/02/2011,33.44,-0.00536834
17/02/2011,33.62,0.004471613
16/02/2011,33.47,-0.000597372
15/02/2011,33.49,0.002690987
14/02/2011,33.4,-0.005076911
11/02/2011,33.57,-0.00653209
10/02/2011,33.79,-0.000295902
09/02/2011,33.8,0.003259745
08/02/2011,33.69,-0.003555559
07/02/2011,33.81,0.00207254
04/02/2011,33.74,-0.00029634
03/02/2011,33.75,0.000889284
02/02/2011,33.72,0.000890076
01/02/2011,33.69,0.023120682
31/01/2011,32.92,0.004566913
28/01/2011,32.77,-0.001524623
27/01/2011,32.82,0.005499556
26/01/2011,32.64,-0.012180419
25/01/2011,33.04,0.006680863
24/01/2011,32.82,0.007339482
21/01/2011,32.58,-0.001839927
20/01/2011,32.64,0.008306462
19/01/2011,32.37,-0.006466535
18/01/2011,32.58,0.017650249
14/01/2011,32.01,0.008155629
13/01/2011,31.75,0.004102894
12/01/2011,31.62,0.001582529
11/01/2011,31.57,0.000316807
10/01/2011,31.56,-0.002215541
07/01/2011,31.63,0.005707054
06/01/2011,31.45,-0.001271052
05/01/2011,31.49,-0.012935975
04/01/2011,31.9,-0.001566171
03/01/2011,31.95,0.002193327
31/12/2010,31.88,-0.005318329
30/12/2010,32.05,0.000312061
29/12/2010,32.04,0.00375235
28/12/2010,31.92,0.005025136
27/12/2010,31.76,-0.003143668
23/12/2010,31.86,-0.002194702
22/12/2010,31.93,0.001253526
21/12/2010,31.89,-0.001566662
20/12/2010,31.94,0.001880289
17/12/2010,31.88,0.001569613
16/12/2010,31.83,0.014876046
15/12/2010,31.36,-0.01424751
14/12/2010,31.81,0.006623585
13/12/2010,31.6,-0.00221274
10/12/2010,31.67,0.007288893
09/12/2010,31.44,0.007662873
08/12/2010,31.2,-0.00415801
07/12/2010,31.33,-0.00604616
06/12/2010,31.52,-0.003799878
03/12/2010,31.64,-0.005044147
02/12/2010,31.8,0.006625675
01/12/2010,31.59,0.015632796
30/11/2010,31.1,-0.003210276
29/11/2010,31.2,-0.015583079
26/11/2010,31.69,-0.005036208
24/11/2010,31.85,0.012956414
23/11/2010,31.44,-0.006657181
22/11/2010,31.65,0.006975298
19/11/2010,31.43,-0.005710675
18/11/2010,31.61,0.012414611
17/11/2010,31.22,0.00064082
16/11/2010,31.2,-0.016529302
15/11/2010,31.72,0.013648839
12/11/2010,31.29,-0.004464293
11/11/2010,31.43,0.003186746
10/11/2010,31.33,0.00223678
09/11/2010,31.26,-0.007965631
08/11/2010,31.51,-0.00758777
05/11/2010,31.75,-0.002830636
04/11/2010,31.84,0.007882746
03/11/2010,31.59,-0.009138239
02/11/2010,31.88,0.014216003
01/11/2010,31.43,0.004783935
29/10/2010,31.28,0.002560821
28/10/2010,31.2,0.0051414
27/10/2010,31.04,0.00322685
26/10/2010,30.94,-0.007727018
25/10/2010,31.18,0.010640113
22/10/2010,30.85,0.004874096
21/10/2010,30.7,-0.006493529
20/10/2010,30.9,0.003566222
19/10/2010,30.79,0.012089675
18/10/2010,30.42,-0.009162368
15/10/2010,30.7,0.008505122
14/10/2010,30.44,-0.000328461
13/10/2010,30.45,0.004278433
12/10/2010,30.32,-0.004935032
11/10/2010,30.47,0.005264902
08/10/2010,30.31,0.002642882
07/10/2010,30.23,0.000992884
06/10/2010,30.2,-0.000331071
05/10/2010,30.21,0.013329088
04/10/2010,29.81,-0.000670691
01/10/2010,29.83,0.008754265
30/09/2010,29.57,-0.010094298
29/09/2010,29.87,0.002010725
28/09/2010,29.81,0.003696862
27/09/2010,29.7,0.003372684
24/09/2010,29.6,0.021168424
23/09/2010,28.98,-0.008931698
22/09/2010,29.24,0.000342056
21/09/2010,29.23,-0.008516488
20/09/2010,29.48,0.012286844
17/09/2010,29.12,-0.004796172
16/09/2010,29.26,-0.011890747
15/09/2010,29.61,-0.010415011
14/09/2010,29.92,0.002677378
13/09/2010,29.84,0.01417506
10/09/2010,29.42,-0.002037352
09/09/2010,29.48,0.011943496
08/09/2010,29.13,-0.003427008
07/09/2010,29.23,-0.008516488
03/09/2010,29.48,0.009200951
02/09/2010,29.21,-0.014613684
01/09/2010,29.64,0.022863989
31/08/2010,28.97,0.011107369
30/08/2010,28.65,-0.019699963
27/08/2010,29.22,0.022146234
26/08/2010,28.58,-0.011134423
25/08/2010,28.9,0.004160894
24/08/2010,28.78,0.004527258
23/08/2010,28.65,0.003846831
20/08/2010,28.54,-0.002100106
19/08/2010,28.6,-0.013544225
18/08/2010,28.99,-0.008586692
17/08/2010,29.24,0.013427642
16/08/2010,28.85,0.003472226
13/08/2010,28.75,0.004182648
12/08/2010,28.63,-0.009732437
11/08/2010,28.91,-0.009981153
10/08/2010,29.2,0.005838931
09/08/2010,29.03,0.002068966
06/08/2010,28.97,-0.005850989
05/08/2010,29.14,0.012778623
04/08/2010,28.77,0.016471373
03/08/2010,28.3,-0.007042283
02/08/2010,28.5,0.023430252
30/07/2010,27.84,-0.007514797
29/07/2010,28.05,-0.012048339
28/07/2010,28.39,-0.01051166
27/07/2010,28.69,0.019356578
26/07/2010,28.14,0.006774852
23/07/2010,27.95,0.005740956
22/07/2010,27.79,0.018889047
21/07/2010,27.27,-0.011666191
20/07/2010,27.59,0.012032962
19/07/2010,27.26,0.010695289
16/07/2010,26.97,-0.023452889
15/07/2010,27.61,0.011657691
14/07/2010,27.29,-0.0010987
13/07/2010,27.32,0.012152608
12/07/2010,26.99,0.004083911
09/07/2010,26.88,-0.00630449
08/07/2010,27.05,0.01077877
07/07/2010,26.76,0.028042762
06/07/2010,26.02,0.014321901
02/07/2010,25.65,0.00468934
01/07/2010,25.53,0.001960401
30/06/2010,25.48,-0.001960401
29/06/2010,25.53,-0.018242307
28/06/2010,26,0.008109718
25/06/2010,25.79,0.002717921
24/06/2010,25.72,0.00233554
23/06/2010,25.66,-0.015468213
22/06/2010,26.06,-0.022387579
21/06/2010,26.65,-0.008221272
18/06/2010,26.87,-0.004456004
17/06/2010,26.99,0.012677276
16/06/2010,26.65,0.00639942
15/06/2010,26.48,0.015220994
14/06/2010,26.08,0.002687658
11/06/2010,26.01,0
10/06/2010,26.01,0.02846751
09/06/2010,25.28,-0.009448889
08/06/2010,25.52,0.008658063
07/06/2010,25.3,-0.002368734
04/06/2010,25.36,-0.037915567
03/06/2010,26.34,0.017618227
02/06/2010,25.88,0.022666074
01/06/2010,25.3,-0.025367214
28/05/2010,25.95,0.005022224
27/05/2010,25.82,0.002714758
26/05/2010,25.75,0.008972169
25/05/2010,25.52,-0.010912033
24/05/2010,25.8,-0.011943891
21/05/2010,26.11,0.004991371
20/05/2010,25.98,-0.023960074
19/05/2010,26.61,0.004519782
18/05/2010,26.49,-0.00339175
17/05/2010,26.58,-0.000752163
14/05/2010,26.6,-0.001127184
13/05/2010,26.63,-0.011202507
12/05/2010,26.93,0.015718887
11/05/2010,26.51,0.006813047
10/05/2010,26.33,0.030854742
07/05/2010,25.53,-0.018242307
06/05/2010,26,-0.041068118
05/05/2010,27.09,-0.010648164
04/05/2010,27.38,-0.01342302
03/05/2010,27.75,-0.001440404
30/04/2010,27.79,0.007948019
29/04/2010,27.57,0.008743225
28/04/2010,27.33,0.011407667
27/04/2010,27.02,-0.023048395
26/04/2010,27.65,-0.003970408
23/04/2010,27.76,-0.000360166
22/04/2010,27.77,0.004330573
21/04/2010,27.65,0.002534856
20/04/2010,27.58,0.004360472
19/04/2010,27.46,0.00291758
16/04/2010,27.38,-0.018455382
15/04/2010,27.89,0.00071736
14/04/2010,27.87,0.004675427
13/04/2010,27.74,-0.002160606
12/04/2010,27.8,-0.000359648
09/04/2010,27.81,0.003963255
08/04/2010,27.7,-0.007910865
07/04/2010,27.92,-0.0099787
06/04/2010,28.2,0.005689916
05/04/2010,28.04,0.002499555
01/04/2010,27.97,0.011868508
31/03/2010,27.64,-0.006850577
30/03/2010,27.83,0.010475082
29/03/2010,27.54,0.019062161
26/03/2010,27.02,-0.002587324
25/03/2010,27.09,0.005181359
24/03/2010,26.95,-0.010703184
23/03/2010,27.24,0.005521825
22/03/2010,27.09,-0.002580647
19/03/2010,27.16,-0.000368121
18/03/2010,27.17,0.000368121
17/03/2010,27.16,-0.003308218
16/03/2010,27.25,0.009216655
15/03/2010,27,0.007061914
12/03/2010,26.81,0.005235614
11/03/2010,26.67,-0.002247192
10/03/2010,26.73,0.009019227
09/03/2010,26.49,-0.00339175
08/03/2010,26.58,0.002637033
05/03/2010,26.51,0.009475151
04/03/2010,26.26,0.003815342
03/03/2010,26.16,-0.002672267
02/03/2010,26.23,0.004585411
01/03/2010,26.11,0.019726031
26/02/2010,25.6,0.001172562
25/02/2010,25.57,-0.02662708
24/02/2010,26.26,-0.002662105
23/02/2010,26.33,-0.013205248
22/02/2010,26.68,0.000374883
19/02/2010,26.67,0.02007263
18/02/2010,26.14,0.011156107
17/02/2010,25.85,0.002323781
16/02/2010,25.79,0.025924468
12/02/2010,25.13,-0.003574979
11/02/2010,25.22,0.009161586
10/02/2010,24.99,-0.001998801
09/02/2010,25.04,0.01043767
08/02/2010,24.78,-0.014423327
05/02/2010,25.14,-0.003177127
04/02/2010,25.22,-0.028148848
03/02/2010,25.94,-0.00192567
02/02/2010,25.99,0.013948308
01/02/2010,25.63,0.012168943
29/01/2010,25.32,-0.005513996
28/01/2010,25.46,-0.003920036
27/01/2010,25.56,0.003920036
26/01/2010,25.46,-0.003137257
25/01/2010,25.54,0.003137257
22/01/2010,25.46,-0.019448299
21/01/2010,25.96,-0.012251302
20/01/2010,26.28,-0.004934533
19/01/2010,26.41,0.017571117
15/01/2010,25.95,-0.016813541
14/01/2010,26.39,0
13/01/2010,26.39,0.00913596
12/01/2010,26.15,-0.002291827
11/01/2010,26.21,0.0065072
08/01/2010,26.04,0.002691792
07/01/2010,25.97,-0.001539054
06/01/2010,26.01,0.012768601
05/01/2010,25.68,-0.003498546
04/01/2010,25.77,-0.000775795
31/12/2009,25.79,-0.020342287
30/12/2009,26.32,-0.000379867
29/12/2009,26.33,0.00190078
28/12/2009,26.28,0.0019044
24/12/2009,26.23,0.011117615
23/12/2009,25.94,-0.001155847
22/12/2009,25.97,-0.008817385
21/12/2009,26.2,0.004974183
18/12/2009,26.07,0.009635843
17/12/2009,25.82,-0.000387222
16/12/2009,25.83,0
15/12/2009,25.83,0.001162115
14/12/2009,25.8,0.01169604
11/12/2009,25.5,0.028238106
10/12/2009,24.79,0.007693903
09/12/2009,24.6,-0.005674924
08/12/2009,24.74,0.001618123
07/12/2009,24.7,0.004056801
04/12/2009,24.6,0.002442004
03/12/2009,24.54,-0.001221747
02/12/2009,24.57,0.008994337
01/12/2009,24.35,0.009905157
30/11/2009,24.11,0.004572862
27/11/2009,24,-0.020211041
25/11/2009,24.49,0.004501747
24/11/2009,24.38,0.005346507
23/11/2009,24.25,0.012448294
20/11/2009,23.95,0.013451233
19/11/2009,23.63,-0.014285957
18/11/2009,23.97,-0.000417101
17/11/2009,23.98,0.002923368
16/11/2009,23.91,0.008399881
13/11/2009,23.71,0.013160878
12/11/2009,23.4,-0.01020417
11/11/2009,23.64,0.003389834
10/11/2009,23.56,0.012385381
09/11/2009,23.27,0.00733236
06/11/2009,23.1,-0.003025721
05/11/2009,23.17,0.018293193
04/11/2009,22.75,0.000879508
03/11/2009,22.73,0.008394129
02/11/2009,22.54,-0.022374261
30/10/2009,23.05,-0.006486509
29/10/2009,23.2,0.01476362
28/10/2009,22.86,-0.001311476
27/10/2009,22.89,0.00306279
26/10/2009,22.82,-0.011329097
23/10/2009,23.08,-0.01973466
22/10/2009,23.54,0.004683849
21/10/2009,23.43,0.002136296
20/10/2009,23.38,-0.023669744
19/10/2009,23.94,0.013456889
16/10/2009,23.62,-0.001269304
15/10/2009,23.65,0.009772757
14/10/2009,23.42,0.005995735
13/10/2009,23.28,-0.0102565
12/10/2009,23.52,0.000850702
09/10/2009,23.5,0.002983169
08/10/2009,23.43,0.010296101
07/10/2009,23.19,-0.005161302
06/10/2009,23.31,0.002147306
05/10/2009,23.26,0.008635632
02/10/2009,23.06,-0.012497469
01/10/2009,23.35,-0.016564405
30/09/2009,23.74,-0.010892441
29/09/2009,24,-0.000832986
28/09/2009,24.02,0.007941526
25/09/2009,23.83,0.001679967
24/09/2009,23.79,0.000420433
23/09/2009,23.78,-0.006288011
22/09/2009,23.93,-0.014931841
21/09/2009,24.29,-0.007383134
18/09/2009,24.47,-0.00163332
17/09/2009,24.51,-0.008531435
16/09/2009,24.72,0.009756175
15/09/2009,24.48,0.019386047
14/09/2009,24.01,0.0138396
11/09/2009,23.68,0.008481815
10/09/2009,23.48,-0.008904023
09/09/2009,23.69,-0.000843882
08/09/2009,23.71,-0.000421674
04/09/2009,23.72,0.002532716
03/09/2009,23.66,0.000845666
02/09/2009,23.64,-0.006325132
01/09/2009,23.79,0
31/08/2009,23.79,-0.010037725
28/08/2009,24.03,-0.011584739
27/08/2009,24.31,-0.000411269
26/08/2009,24.32,-0.002053811
25/08/2009,24.37,-0.000820345
24/08/2009,24.39,0.003285424
21/08/2009,24.31,0.024147718
20/08/2009,23.73,-0.00084246
19/08/2009,23.75,0.00845671
18/08/2009,23.55,-0.003391271
17/08/2009,23.63,-0.003801483
14/08/2009,23.72,0.007192754
13/08/2009,23.55,-0.001273075
12/08/2009,23.58,0.010230268
11/08/2009,23.34,0.000857265
10/08/2009,23.32,-0.002569595
07/08/2009,23.38,0.019871064
06/08/2009,22.92,-0.00955283
05/08/2009,23.14,0.005633818
04/08/2009,23.01,-0.01209518
03/08/2009,23.29,0.01209518
31/07/2009,23.01,-0.005633818
30/07/2009,23.14,0.020961466
29/07/2009,22.66,-0.005720588
28/07/2009,22.79,-0.009172373
27/07/2009,23,0
24/07/2009,23,0.006105558
23/07/2009,22.86,0.025699243
22/07/2009,22.28,-0.000448732
21/07/2009,22.29,0.009918927
20/07/2009,22.07,-0.000905797
17/07/2009,22.09,-0.00541762
16/07/2009,22.21,0.006323418
15/07/2009,22.07,0.024307549
14/07/2009,21.54,-0.000464145
13/07/2009,21.55,0.007919911
10/07/2009,21.38,-0.006062038
09/07/2009,21.51,-0.011095814
08/07/2009,21.75,-0.014152256
07/07/2009,22.06,-0.019749295
06/07/2009,22.5,0.007136516
02/07/2009,22.34,-0.028245479
01/07/2009,22.98,0.029589264
30/06/2009,22.31,-0.00402595
29/06/2009,22.4,0.012578782
26/06/2009,22.12,-0.00135532
25/06/2009,22.15,0.018223739
24/06/2009,21.75,0.008774011
23/06/2009,21.56,-0.025190249
22/06/2009,22.11,0.006352108
19/06/2009,21.97,-0.018042889
18/06/2009,22.37,0.032253534
17/06/2009,21.66,-0.002305742
16/06/2009,21.71,-0.010538471
15/06/2009,21.94,-0.008170722
12/06/2009,22.12,0.023326006
11/06/2009,21.61,0.021043564
10/06/2009,21.16,0.013320844
09/06/2009,20.88,-0.011428696
08/06/2009,21.12,-0.005194817
05/06/2009,21.23,0.008989888
04/06/2009,21.04,-0.00142484
03/06/2009,21.07,-0.016941582
02/06/2009,21.43,-0.011137006
01/06/2009,21.67,0.041456714
29/05/2009,20.79,0.006756782
28/05/2009,20.65,0.002424244
27/05/2009,20.6,-0.010142565
26/05/2009,20.81,0.027772796
22/05/2009,20.24,0.000988631
21/05/2009,20.22,0.011440065
20/05/2009,19.99,-0.037314098
19/05/2009,20.75,0.006284768
18/05/2009,20.62,0.001941748
15/05/2009,20.58,-0.021630259
14/05/2009,21.03,-0.006635095
13/05/2009,21.17,-0.00987082
12/05/2009,21.38,0.009398565
11/05/2009,21.18,-0.000943842
08/05/2009,21.2,-0.002826191
07/05/2009,21.26,-0.010294897
06/05/2009,21.48,-0.012491488
05/05/2009,21.75,0.004608303
04/05/2009,21.65,0.003238495
01/05/2009,21.58,0.026292594
30/04/2009,21.02,0.025049479
29/04/2009,20.5,-0.002436055
28/04/2009,20.55,-0.008720986
27/04/2009,20.73,0.023921082
24/04/2009,20.24,0.004952957
23/04/2009,20.14,-0.00938974
22/04/2009,20.33,-0.028608012
21/04/2009,20.92,-0.003816799
20/04/2009,21,-0.004276557
17/04/2009,21.09,-0.010377452
16/04/2009,21.31,0.010377452
15/04/2009,21.09,0.014808009
14/04/2009,20.78,-0.019538387
13/04/2009,21.19,-0.014523563
09/04/2009,21.5,-0.0009298
08/04/2009,21.52,0.005591813
07/04/2009,21.4,0.008446789
06/04/2009,21.22,0.00661941
03/04/2009,21.08,-0.005676458
02/04/2009,21.2,-0.00938974
01/04/2009,21.4,-0.008839322
31/03/2009,21.59,0.003247509
30/03/2009,21.52,-0.008329525
27/03/2009,21.7,-0.004597709
26/03/2009,21.8,0.006904515
25/03/2009,21.65,0.000924214
24/03/2009,21.63,-0.016961213
23/03/2009,22,0.014652277
20/03/2009,21.68,0.001384722
19/03/2009,21.65,0.015829008
18/03/2009,21.31,0.007536541
17/03/2009,21.15,0.042004727
16/03/2009,20.28,0.018915447
13/03/2009,19.9,-0.033113972
12/03/2009,20.57,0.023113889
11/03/2009,20.1,0.006488668
10/03/2009,19.97,0.026384077
09/03/2009,19.45,-0.027885203
06/03/2009,20,0.016129382
05/03/2009,19.68,-0.030525262
04/03/2009,20.29,0.010901991
03/03/2009,20.07,-0.047674397
02/03/2009,21.05,-0.040042593
27/02/2009,21.91,-0.004553742
26/02/2009,22.01,-0.006340601
25/02/2009,22.15,-0.011223462
24/02/2009,22.4,0.028528084
23/02/2009,21.77,-0.013233139
20/02/2009,22.06,-0.025510446
19/02/2009,22.63,0.011555684
18/02/2009,22.37,-0.034274005
17/02/2009,23.15,-0.036892036
13/02/2009,24.02,0.00124974
12/02/2009,23.99,0.013851218
11/02/2009,23.66,-0.012599915
10/02/2009,23.96,-0.024326081
09/02/2009,24.55,-0.016161968
06/02/2009,24.95,0.001604493
05/02/2009,24.91,-0.005604498
04/02/2009,25.05,0.033695089
03/02/2009,24.22,0.007875688
02/02/2009,24.03,0.009617469
30/01/2009,23.8,-0.010449416
29/01/2009,24.05,0.005002095
28/01/2009,23.93,-0.009565471
27/01/2009,24.16,-0.00165426
26/01/2009,24.2,0.034899485
23/01/2009,23.37,-0.00512165
22/01/2009,23.49,0.004693843
21/01/2009,23.38,0.007728677
20/01/2009,23.2,-0.025113046
16/01/2009,23.79,0.022530177
15/01/2009,23.26,-0.005573434
14/01/2009,23.39,-0.012744438
13/01/2009,23.69,-0.030758867
12/01/2009,24.43,-0.018654231
09/01/2009,24.89,-0.000803213
08/01/2009,24.91,0.011710209
07/01/2009,24.62,-0.005670327
06/01/2009,24.76,-0.003225809
05/01/2009,24.84,
