Date,Close,SYMC
04/04/2014,20.25,0.010923644
03/04/2014,20.03,0.000999001
02/04/2014,20.01,-0.008459866
01/04/2014,20.18,0.010460867
31/03/2014,19.97,0.009054388
28/03/2014,19.79,0.026627277
27/03/2014,19.27,0.025224669
26/03/2014,18.79,-0.014267085
25/03/2014,19.06,-0.00157274
24/03/2014,19.09,0.047743044
21/03/2014,18.2,-0.138805919
20/03/2014,20.91,0.015907783
19/03/2014,20.58,0.003407158
18/03/2014,20.51,0.010291686
17/03/2014,20.3,0.006920443
14/03/2014,20.16,0.005471289
13/03/2014,20.05,-0.021707808
12/03/2014,20.49,0.001465202
11/03/2014,20.46,-0.00487568
10/03/2014,20.56,-0.00145808
07/03/2014,20.59,-0.010147466
06/03/2014,20.8,-0.007662873
05/03/2014,20.96,-0.001906578
04/03/2014,21,-0.018401085
03/03/2014,21.39,-0.004198747
28/02/2014,21.48,-0.000930665
27/02/2014,21.5,0.011225562
26/02/2014,21.26,0.022836387
25/02/2014,20.78,-0.002883231
24/02/2014,20.84,0.014986986
21/02/2014,20.53,0.000974659
20/02/2014,20.51,-0.001461632
19/02/2014,20.54,-0.007276287
18/02/2014,20.69,-0.031401248
14/02/2014,21.35,-0.000468274
13/02/2014,21.36,0.006575881
12/02/2014,21.22,-0.000471143
11/02/2014,21.23,0.0161447
10/02/2014,20.89,-0.000478583
07/02/2014,20.9,0.020788759
06/02/2014,20.47,-0.003413805
05/02/2014,20.54,0.005859392
04/02/2014,20.42,-0.016031434
03/02/2014,20.75,-0.031311856
31/01/2014,21.41,-0.0443096
30/01/2014,22.38,-0.076116677
29/01/2014,24.15,0.03583102
28/01/2014,23.3,0.017753227
27/01/2014,22.89,-0.017753227
24/01/2014,23.3,-0.01364045
23/01/2014,23.62,0
22/01/2014,23.62,0.01364045
21/01/2014,23.3,0.001288383
17/01/2014,23.27,0.007765354
16/01/2014,23.09,0.006953526
15/01/2014,22.93,0.031903459
14/01/2014,22.21,0.000450349
13/01/2014,22.2,-0.055630721
10/01/2014,23.47,-0.001702853
09/01/2014,23.51,0.007257236
08/01/2014,23.34,-0.002139954
07/01/2014,23.39,0.010745859
06/01/2014,23.14,0.001297297
03/01/2014,23.11,-0.015031419
02/01/2014,23.46,-0.005102052
31/12/2013,23.58,0.004675885
30/12/2013,23.47,0.01805724
27/12/2013,23.05,0.004347833
26/12/2013,22.95,0.001308045
24/12/2013,22.92,0.001309758
23/12/2013,22.89,0.016740479
20/12/2013,22.51,-0.021099684
19/12/2013,22.99,-0.00909294
18/12/2013,23.2,0.008658063
17/12/2013,23,0.01975915
16/12/2013,22.55,0.019705071
13/12/2013,22.11,-0.009005014
12/12/2013,22.31,0.004042224
11/12/2013,22.22,-0.009852296
10/12/2013,22.44,-0.006219478
09/12/2013,22.58,-0.008818399
06/12/2013,22.78,0.013256933
05/12/2013,22.48,0.000890076
04/12/2013,22.46,-0.003555559
03/12/2013,22.54,0.002665484
02/12/2013,22.48,-0.000444741
29/11/2013,22.49,-0.008412713
27/11/2013,22.68,-0.001762115
26/11/2013,22.72,-0.016587024
25/11/2013,23.1,-0.010336009
22/11/2013,23.34,-0.008957194
21/11/2013,23.55,0.007244864
20/11/2013,23.38,-0.007669403
19/11/2013,23.56,-0.003812756
18/11/2013,23.65,0.00296422
15/11/2013,23.58,0.003824096
14/11/2013,23.49,0.01371646
13/11/2013,23.17,0.005192569
12/11/2013,23.05,-0.006917451
11/11/2013,23.21,0.002156568
08/11/2013,23.16,0.014351192
07/11/2013,22.83,-0.013055016
06/11/2013,23.13,0.019646997
05/11/2013,22.68,-0.010090018
04/11/2013,22.91,0.006129616
01/11/2013,22.77,0.000439271
31/10/2013,22.76,0.003962145
30/10/2013,22.67,0.02410831
29/10/2013,22.13,0.00407517
28/10/2013,22.04,0.000453823
25/10/2013,22.03,0.02481745
24/10/2013,21.49,-0.13597141
23/10/2013,24.62,-0.02368162
22/10/2013,25.21,-0.007902056
21/10/2013,25.41,0.000787402
18/10/2013,25.39,0.011886035
17/10/2013,25.09,-0.001592991
16/10/2013,25.13,0.006787808
15/10/2013,24.96,-0.008775485
14/10/2013,25.18,0.003979313
11/10/2013,25.08,0.013649349
10/10/2013,24.74,0.002833436
09/10/2013,24.67,-0.002833436
08/10/2013,24.74,-0.003228413
07/10/2013,24.82,-0.000805477
04/10/2013,24.84,0.023214237
03/10/2013,24.27,-0.010248091
02/10/2013,24.52,-0.005287789
01/10/2013,24.65,-0.004048589
30/09/2013,24.75,0.000808407
27/09/2013,24.73,-0.013255868
26/09/2013,25.06,0.008415197
25/09/2013,24.85,0.006459449
24/09/2013,24.69,-0.002023064
23/09/2013,24.74,-0.016038836
20/09/2013,25.14,-0.002780538
19/09/2013,25.21,-0.005932388
18/09/2013,25.36,0.002368734
17/09/2013,25.3,-0.003157067
16/09/2013,25.38,0.01228955
13/09/2013,25.07,0.003996808
12/09/2013,24.97,-0.011547013
11/09/2013,25.26,0.001188354
10/09/2013,25.23,-0.006321633
09/09/2013,25.39,0.001576666
06/09/2013,25.35,-0.003937013
05/09/2013,25.45,0.005121146
04/09/2013,25.32,-0.02957414
03/09/2013,26.08,0.018185837
30/08/2013,25.61,-0.017034868
29/08/2013,26.05,0.013915957
28/08/2013,25.69,0.008993218
27/08/2013,25.46,-0.022141126
26/08/2013,26.03,-0.011459255
23/08/2013,26.33,-0.000379723
22/08/2013,26.34,0.011454879
21/08/2013,26.04,-0.008413052
20/08/2013,26.26,0.00266921
19/08/2013,26.19,-0.001907306
16/08/2013,26.24,-0.007593051
15/08/2013,26.44,-0.012777325
14/08/2013,26.78,-0.006698946
13/08/2013,26.96,0.001113379
12/08/2013,26.93,0.004093029
09/08/2013,26.82,0
08/08/2013,26.82,0.002987306
07/08/2013,26.74,0.002996257
06/08/2013,26.66,0
05/08/2013,26.66,0.005265149
02/08/2013,26.52,-0.0067644
01/08/2013,26.7,0.000749344
31/07/2013,26.68,0.091382372
30/07/2013,24.35,0.011565598
29/07/2013,24.07,-0.008274768
26/07/2013,24.27,0.000824402
25/07/2013,24.25,0.005375246
24/07/2013,24.12,0.008326443
23/07/2013,23.92,-0.004171888
22/07/2013,24.02,0.000832986
19/07/2013,24,-0.012010913
18/07/2013,24.29,0.002473208
17/07/2013,24.23,0.010788486
16/07/2013,23.97,0.002088119
15/07/2013,23.92,0.003769638
12/07/2013,23.83,0.007582176
11/07/2013,23.65,0.023530497
10/07/2013,23.1,0.0108815
09/07/2013,22.85,0.002629274
08/07/2013,22.79,-0.01004156
05/07/2013,23.02,0.029089755
03/07/2013,22.36,-0.003571432
02/07/2013,22.44,-0.001780944
01/07/2013,22.48,0
28/06/2013,22.48,-0.000889284
27/06/2013,22.5,-0.000888494
26/06/2013,22.52,0.018826195
25/06/2013,22.1,0.004080713
24/06/2013,22.01,-0.009945832
21/06/2013,22.23,-0.007171703
20/06/2013,22.39,-0.013750494
19/06/2013,22.7,-0.001320713
18/06/2013,22.73,0.017754572
17/06/2013,22.33,-0.001342582
14/06/2013,22.36,-0.005797118
13/06/2013,22.49,0.013879784
12/06/2013,22.18,0.007694086
11/06/2013,22.01,-0.010845113
10/06/2013,22.25,0.002700272
07/06/2013,22.19,0.015440815
06/06/2013,21.85,0.010582109
05/06/2013,21.62,-0.012867825
04/06/2013,21.9,-0.022574322
03/06/2013,22.4,0.000446528
31/05/2013,22.39,-0.024703506
30/05/2013,22.95,0.00305477
29/05/2013,22.88,-0.000873744
28/05/2013,22.9,0.002185793
24/05/2013,22.85,-0.009148398
23/05/2013,23.06,-0.023994296
22/05/2013,23.62,-0.017209239
21/05/2013,24.03,-0.00498133
20/05/2013,24.15,-0.00619197
17/05/2013,24.3,0
16/05/2013,24.3,-0.014706147
15/05/2013,24.66,0.005693387
14/05/2013,24.52,0.012310373
13/05/2013,24.22,-0.005353111
10/05/2013,24.35,-0.000821018
09/05/2013,24.37,-0.004912003
08/05/2013,24.49,-0.024602975
07/05/2013,25.1,0.005994024
06/05/2013,24.95,0.004418565
03/05/2013,24.84,0.011336154
02/05/2013,24.56,0.008587254
01/05/2013,24.35,0.002055499
30/04/2013,24.3,-0.011863506
29/04/2013,24.59,0.006937388
26/04/2013,24.42,-0.001227747
25/04/2013,24.45,0.003277348
24/04/2013,24.37,0.008654495
23/04/2013,24.16,0.02048995
22/04/2013,23.67,0.005082603
19/04/2013,23.55,-0.000424538
18/04/2013,23.56,-0.009294532
17/04/2013,23.78,-0.015439489
16/04/2013,24.15,0.008316056
15/04/2013,23.95,-0.012448294
12/04/2013,24.25,-0.002059733
11/04/2013,24.3,-0.006153866
10/04/2013,24.45,0.009864445
09/04/2013,24.21,-0.001650846
08/04/2013,24.25,-0.001648126
05/04/2013,24.29,-0.008608375
04/04/2013,24.5,0.002042902
03/04/2013,24.45,-0.008552282
02/04/2013,24.66,0.008143367
01/04/2013,24.46,-0.008954069
28/03/2013,24.68,0.006096341
27/03/2013,24.53,-0.001629328
26/03/2013,24.57,0.000407083
25/03/2013,24.56,-0.002846109
22/03/2013,24.63,0.00938208
21/03/2013,24.4,-0.004905979
20/03/2013,24.52,0.012310373
19/03/2013,24.22,-0.011902459
18/03/2013,24.51,-0.001630657
15/03/2013,24.55,-0.007305227
14/03/2013,24.73,0.007712642
13/03/2013,24.54,0.003674223
12/03/2013,24.45,-0.001226242
11/03/2013,24.48,-0.003669729
08/03/2013,24.57,-0.004061744
07/03/2013,24.67,0.006098819
06/03/2013,24.52,0.013136478
05/03/2013,24.2,0.00996686
04/03/2013,23.96,0.011754963
01/03/2013,23.68,0.010186845
28/02/2013,23.44,0.008999418
27/02/2013,23.23,0.033708597
26/02/2013,22.46,0.001336601
25/02/2013,22.43,-0.022046748
22/02/2013,22.93,0.027411088
21/02/2013,22.31,-0.011143418
20/02/2013,22.56,-0.00177148
19/02/2013,22.6,0.003102152
15/02/2013,22.53,-0.00619471
14/02/2013,22.67,0.002207994
13/02/2013,22.62,-0.003530454
12/02/2013,22.7,0.002646671
11/02/2013,22.64,0.002210923
08/02/2013,22.59,0.015614861
07/02/2013,22.24,-0.001796946
06/02/2013,22.28,0.005400553
05/02/2013,22.16,0.023283407
04/02/2013,21.65,-0.021476722
01/02/2013,22.12,0.015949301
31/01/2013,21.77,-0.009600074
30/01/2013,21.98,0.003189795
29/01/2013,21.91,0.000913242
28/01/2013,21.89,-0.010904243
25/01/2013,22.13,0.01916117
24/01/2013,21.71,0.011582247
23/01/2013,21.46,0.028357288
22/01/2013,20.86,0.0086664
18/01/2013,20.68,-0.008186899
17/01/2013,20.85,0.006737273
16/01/2013,20.71,-0.006737273
15/01/2013,20.85,0.04613183
14/01/2013,19.91,-0.001505646
11/01/2013,19.94,0
10/01/2013,19.94,0.021288184
09/01/2013,19.52,0.005136118
08/01/2013,19.42,-0.011773875
07/01/2013,19.65,0.001527884
04/01/2013,19.62,0.010761057
03/01/2013,19.41,-0.004626068
02/01/2013,19.5,0.035494331
31/12/2012,18.82,0.035698761
28/12/2012,18.16,-0.003298519
27/12/2012,18.22,-0.004927467
26/12/2012,18.31,-0.005989672
24/12/2012,18.42,-0.006493529
21/12/2012,18.54,-0.005379249
20/12/2012,18.64,0.001610739
19/12/2012,18.61,-0.009625743
18/12/2012,18.79,0.014473584
17/12/2012,18.52,-0.008602204
14/12/2012,18.68,0.007522873
13/12/2012,18.54,-0.011263192
12/12/2012,18.75,-0.017970885
11/12/2012,19.09,0.019572167
10/12/2012,18.72,-0.01221146
07/12/2012,18.95,0.005291018
06/12/2012,18.85,-0.001060445
05/12/2012,18.87,0.011191164
04/12/2012,18.66,0.003220615
03/12/2012,18.6,-0.008565363
30/11/2012,18.76,0.007490672
29/11/2012,18.62,0.021167683
28/11/2012,18.23,0.011586337
27/11/2012,18.02,-0.015418808
26/11/2012,18.3,-0.009246734
23/11/2012,18.47,0.0141769
21/11/2012,18.21,0.010488642
20/11/2012,18.02,-0.00938974
19/11/2012,18.19,0.012168292
16/11/2012,17.97,0.023080113
15/11/2012,17.56,0.001709889
14/11/2012,17.53,-0.014722803
13/11/2012,17.79,-0.009510561
12/11/2012,17.96,-0.000556638
09/11/2012,17.97,0.001113586
08/11/2012,17.95,-0.014380779
07/11/2012,18.21,-0.03454202
06/11/2012,18.85,0.007454774
05/11/2012,18.71,-0.00479873
02/11/2012,18.8,0.00479873
01/11/2012,18.71,0.028186148
31/10/2012,18.19,-0.010935046
26/10/2012,18.39,-0.008123522
25/10/2012,18.54,0.06461044
24/10/2012,17.38,0.00057554
23/10/2012,17.37,0.002305477
22/10/2012,17.33,-0.005753756
19/10/2012,17.43,-0.019318783
18/10/2012,17.77,-0.005051933
17/10/2012,17.86,-0.025429784
16/10/2012,18.32,0.019846296
15/10/2012,17.96,0.004464293
12/10/2012,17.88,-0.003907345
11/10/2012,17.95,0.015156058
10/10/2012,17.68,0.000565771
09/10/2012,17.67,-0.005080451
08/10/2012,17.76,-0.0150883
05/10/2012,18.03,0.001109878
04/10/2012,18.01,0.005567943
03/10/2012,17.91,-0.001673641
02/10/2012,17.94,0.008958627
01/10/2012,17.78,-0.011185799
28/09/2012,17.98,-0.012710865
27/09/2012,18.21,0.007717789
26/09/2012,18.07,-0.00055325
25/09/2012,18.08,-0.00881063
24/09/2012,18.24,-0.015774056
21/09/2012,18.53,-0.019770882
20/09/2012,18.9,-0.002114166
19/09/2012,18.94,-0.003162891
18/09/2012,19,-0.005772779
17/09/2012,19.11,-0.001568628
14/09/2012,19.14,-0.003129893
13/09/2012,19.2,0.007318381
12/09/2012,19.06,0.003152919
11/09/2012,19,0.002107482
10/09/2012,18.96,0.002111933
07/09/2012,18.92,-0.001584368
06/09/2012,18.95,0.055328644
05/09/2012,17.93,0.002792518
04/09/2012,17.88,0.002800338
31/08/2012,17.83,0.009014146
30/08/2012,17.67,-0.009014146
29/08/2012,17.83,0.004496916
28/08/2012,17.75,0.00678352
27/08/2012,17.63,-0.005656124
24/08/2012,17.73,-0.001690617
23/08/2012,17.76,-0.003933694
22/08/2012,17.83,-0.008933616
21/08/2012,17.99,0.006692719
20/08/2012,17.87,-0.00780383
17/08/2012,18.01,0.001111111
16/08/2012,17.99,0.017947762
15/08/2012,17.67,0.02812237
14/08/2012,17.18,-0.002325582
13/08/2012,17.22,-0.003478264
10/08/2012,17.28,0.016336419
09/08/2012,17,-0.005865119
08/08/2012,17.1,-0.003502631
07/08/2012,17.16,0.017044198
06/08/2012,16.87,0.00415801
03/08/2012,16.8,0.02960047
02/08/2012,16.31,0.01856489
01/08/2012,16.01,0.016373162
31/07/2012,15.75,0.017937701
30/07/2012,15.47,-0.029301459
27/07/2012,15.93,0.036437396
26/07/2012,15.36,0.026386755
25/07/2012,14.96,0.126679443
24/07/2012,13.18,-0.017300168
23/07/2012,13.41,-0.012597425
20/07/2012,13.58,-0.018964828
19/07/2012,13.84,0.018964828
18/07/2012,13.58,0.009619016
17/07/2012,13.45,0.009712441
16/07/2012,13.32,-0.010455659
13/07/2012,13.46,0.01346318
12/07/2012,13.28,-0.032595478
11/07/2012,13.72,-0.007262196
10/07/2012,13.82,-0.007209837
09/07/2012,13.92,-0.014265577
06/07/2012,14.12,-0.041614881
05/07/2012,14.72,-0.005420067
03/07/2012,14.8,0.020478531
02/07/2012,14.5,-0.007557576
29/06/2012,14.61,0.050537069
28/06/2012,13.89,-0.019957897
27/06/2012,14.17,0.007082183
26/06/2012,14.07,0.002846977
25/06/2012,14.03,-0.02949652
22/06/2012,14.45,0.000692281
21/06/2012,14.44,-0.04004607
20/06/2012,15.03,0.006675592
19/06/2012,14.93,0.010097696
18/06/2012,14.78,0.001354096
15/06/2012,14.76,0.013642776
14/06/2012,14.56,0.018018506
13/06/2012,14.3,-0.018705083
12/06/2012,14.57,0.017307459
11/06/2012,14.32,-0.017307459
08/06/2012,14.57,0.00688708
07/06/2012,14.47,-0.020520556
06/06/2012,14.77,0.014320054
05/06/2012,14.56,0.00896867
04/06/2012,14.43,0.004166673
01/06/2012,14.37,-0.032183538
31/05/2012,14.84,0.002023609
30/05/2012,14.81,-0.023357752
29/05/2012,15.16,0.005291018
25/05/2012,15.08,0.008658063
24/05/2012,14.95,-0.006002019
23/05/2012,15.04,0.002663117
22/05/2012,15,-0.000666445
21/05/2012,15.01,0.018151759
18/05/2012,14.74,-0.006761351
17/05/2012,14.84,-0.012721966
16/05/2012,15.03,-0.02106727
15/05/2012,15.35,0.007191924
14/05/2012,15.24,-0.013685453
11/05/2012,15.45,-0.005164634
10/05/2012,15.53,-0.018501325
09/05/2012,15.82,0.000632311
08/05/2012,15.81,-0.008189022
07/05/2012,15.94,0.007556711
04/05/2012,15.82,-0.025586419
03/05/2012,16.23,-0.012247551
02/05/2012,16.43,-0.001216545
01/05/2012,16.45,-0.005456212
30/04/2012,16.54,0.003634165
27/04/2012,16.48,0.00060698
26/04/2012,16.47,0.010989122
25/04/2012,16.29,0.017337896
24/04/2012,16.01,-0.121039578
23/04/2012,18.07,-0.00386634
20/04/2012,18.14,0.002207506
19/04/2012,18.1,-0.003309435
18/04/2012,18.16,-0.013672622
17/04/2012,18.41,0.012571906
16/04/2012,18.18,0.005515734
13/04/2012,18.08,-0.011548107
12/04/2012,18.29,0.017650762
11/04/2012,17.97,0.023080113
10/04/2012,17.56,-0.023080113
09/04/2012,17.97,-0.018743658
05/04/2012,18.31,0.006025765
04/04/2012,18.2,-0.016889533
03/04/2012,18.51,-0.015545743
02/04/2012,18.8,0.005333346
30/03/2012,18.7,0.016172859
29/03/2012,18.4,0.00272109
28/03/2012,18.35,-0.012456159
27/03/2012,18.58,-0.004832224
26/03/2012,18.67,0.025496363
23/03/2012,18.2,0
22/03/2012,18.2,0.001649712
21/03/2012,18.17,-0.007129177
20/03/2012,18.3,-0.001092299
19/03/2012,18.32,0.008221477
16/03/2012,18.17,-0.00110011
15/03/2012,18.19,0.018308417
14/03/2012,17.86,-0.017758513
13/03/2012,18.18,0.021123631
12/03/2012,17.8,0.003940337
09/03/2012,17.73,0.009065218
08/03/2012,17.57,0.01722201
07/03/2012,17.27,0.009892429
06/03/2012,17.1,-0.023693683
05/03/2012,17.51,-0.013049831
02/03/2012,17.74,-0.008419921
01/03/2012,17.89,0.00279877
29/02/2012,17.84,-0.00447428
28/02/2012,17.92,0.001116695
27/02/2012,17.9,0.001117943
24/02/2012,17.88,-0.001676446
23/02/2012,17.91,0.001676446
22/02/2012,17.88,-0.003350087
21/02/2012,17.94,-0.000557258
17/02/2012,17.95,-0.011080446
16/02/2012,18.15,0.011637704
15/02/2012,17.94,0.001115449
14/02/2012,17.92,-0.00055788
13/02/2012,17.93,0.008401058
10/02/2012,17.78,-0.013408022
09/02/2012,18.02,0.015096736
08/02/2012,17.75,0.007350895
07/02/2012,17.62,0.005120922
06/02/2012,17.53,-0.005120922
03/02/2012,17.62,0.010841761
02/02/2012,17.43,-0.001146789
01/02/2012,17.45,0.015011829
31/01/2012,17.19,0.009351325
30/01/2012,17.03,-0.002931694
27/01/2012,17.08,0.011778699
26/01/2012,16.88,-0.011193048
25/01/2012,17.07,0.01178564
24/01/2012,16.87,0.004753425
23/01/2012,16.79,0
20/01/2012,16.79,0.011983367
19/01/2012,16.59,0.002414002
18/01/2012,16.55,0.016448741
17/01/2012,16.28,0.024876905
13/01/2012,15.88,-0.012515808
12/01/2012,16.08,-0.009901071
11/01/2012,16.24,0.020529492
10/01/2012,15.91,0.015199786
09/01/2012,15.67,-0.006995259
06/01/2012,15.78,-0.001266625
05/01/2012,15.8,0.003169575
04/01/2012,15.75,-0.00190295
03/01/2012,15.78,0.008272398
30/12/2011,15.65,-0.003189795
29/12/2011,15.7,0.005108568
28/12/2011,15.62,-0.014617356
27/12/2011,15.85,0.003792672
23/12/2011,15.79,0.01467331
22/12/2011,15.56,0.026702987
21/12/2011,15.15,-0.031191612
20/12/2011,15.63,0.021993124
19/12/2011,15.29,-0.011057023
16/12/2011,15.46,0.006489315
15/12/2011,15.36,-0.00195122
14/12/2011,15.39,-0.017391743
13/12/2011,15.66,-0.011428696
12/12/2011,15.84,-0.021855381
09/12/2011,16.19,0.031370201
08/12/2011,15.69,-0.033221482
07/12/2011,16.22,0.001851281
06/12/2011,16.19,-0.020178
05/12/2011,16.52,0.025752496
02/12/2011,16.1,-0.008658063
01/12/2011,16.24,-0.006750563
30/11/2011,16.35,0.046956983
29/11/2011,15.6,-0.029683265
28/11/2011,16.07,0.047142487
25/11/2011,15.33,-0.013605652
23/11/2011,15.54,-0.019121041
22/11/2011,15.84,0.001263424
21/11/2011,15.82,-0.023118805
18/11/2011,16.19,0.001236094
17/11/2011,16.17,-0.030453023
16/11/2011,16.67,-0.030717123
15/11/2011,17.19,0.01465013
14/11/2011,16.94,-0.010569681
11/11/2011,17.12,0.024838651
10/11/2011,16.7,0.007814888
09/11/2011,16.57,-0.055749254
08/11/2011,17.52,0.023095715
07/11/2011,17.12,0.00821119
04/11/2011,16.98,-0.002940314
03/11/2011,17.03,0.031616114
02/11/2011,16.5,0.004251449
01/11/2011,16.43,-0.034692474
31/10/2011,17.01,-0.056014642
28/10/2011,17.99,0.013994071
27/10/2011,17.74,-0.041408069
26/10/2011,18.49,-0.003239744
25/10/2011,18.55,-0.004303396
24/10/2011,18.63,0.011336154
21/10/2011,18.42,0.026404174
20/10/2011,17.94,-0.002783191
19/10/2011,17.99,-0.008303397
18/10/2011,18.14,0.029084824
17/10/2011,17.62,-0.020781427
14/10/2011,17.99,0.011741818
13/10/2011,17.78,0.010175328
12/10/2011,17.6,-0.0107376
11/10/2011,17.79,0.009601881
10/10/2011,17.62,0.029956157
07/10/2011,17.1,-0.001168907
06/10/2011,17.12,0.032653539
05/10/2011,16.57,0.025054778
04/10/2011,16.16,0.02633381
03/10/2011,15.74,-0.034959865
30/09/2011,16.3,-0.035556623
29/09/2011,16.89,0.001777778
28/09/2011,16.86,-0.017054221
27/09/2011,17.15,0.017647517
26/09/2011,16.85,0.028900265
23/09/2011,16.37,0.019741542
22/09/2011,16.05,-0.059267645
21/09/2011,17.03,-0.018616012
20/09/2011,17.35,-0.0028777
19/09/2011,17.4,-0.008013781
16/09/2011,17.54,0.010315278
15/09/2011,17.36,0.0304117
14/09/2011,16.84,0.030753102
13/09/2011,16.33,0.004910998
12/09/2011,16.25,0.012384059
09/09/2011,16.05,-0.026438675
08/09/2011,16.48,-0.013859818
07/09/2011,16.71,0.038431079
06/09/2011,16.08,-0.017263067
02/09/2011,16.36,-0.034838358
01/09/2011,16.94,-0.012320484
31/08/2011,17.15,0.010551094
30/08/2011,16.97,0.00769007
29/08/2011,16.84,0.02769593
26/08/2011,16.38,0.026602249
25/08/2011,15.95,-0.026602249
24/08/2011,16.38,0.011049836
23/08/2011,16.2,0.034540325
22/08/2011,15.65,0.014805549
19/08/2011,15.42,-0.024977283
18/08/2011,15.81,-0.05954505
17/08/2011,16.78,-0.009489988
16/08/2011,16.94,-0.003535655
15/08/2011,17,0.012429873
12/08/2011,16.79,0.005973733
11/08/2011,16.69,0.042846211
10/08/2011,15.99,-0.055941636
09/08/2011,16.91,0.055316441
08/08/2011,16,-0.066489741
05/08/2011,17.1,-0.001168907
04/08/2011,17.12,-0.065013
03/08/2011,18.27,-0.013050756
02/08/2011,18.51,-0.028230903
01/08/2011,19.04,-0.001049869
29/07/2011,19.06,-0.022309615
28/07/2011,19.49,0.056464483
27/07/2011,18.42,-0.034679389
26/07/2011,19.07,-0.001048218
25/07/2011,19.09,0.00157274
22/07/2011,19.06,0.001575217
21/07/2011,19.03,0.007384
20/07/2011,18.89,-0.029728395
19/07/2011,19.46,0.030787717
18/07/2011,18.87,-0.005285425
15/07/2011,18.97,0
14/07/2011,18.97,-0.015690698
13/07/2011,19.27,0.002077923
12/07/2011,19.23,-0.006737522
11/07/2011,19.36,-0.018931238
08/07/2011,19.73,-0.006567339
07/07/2011,19.86,0.003530899
06/07/2011,19.79,0.001517067
05/07/2011,19.76,-0.00353625
01/07/2011,19.83,0.005562593
30/06/2011,19.72,0.009681604
29/06/2011,19.53,0.001537279
28/06/2011,19.5,0.023872436
27/06/2011,19.04,0.015348277
24/06/2011,18.75,-0.009554213
23/06/2011,18.93,0.003704688
22/06/2011,18.86,-0.012121361
21/06/2011,19.09,0.015307768
20/06/2011,18.8,0.013387081
17/06/2011,18.55,-0.003766483
16/06/2011,18.62,0.004845232
15/06/2011,18.53,-0.006991155
14/06/2011,18.66,0.011317825
13/06/2011,18.45,-0.002706362
10/06/2011,18.5,-0.018742182
09/06/2011,18.85,-0.000530363
08/06/2011,18.86,0.006916761
07/06/2011,18.73,0.015604298
06/06/2011,18.44,-0.003788908
03/06/2011,18.51,-0.015545743
02/06/2011,18.8,-0.011634187
01/06/2011,19.02,-0.027484229
31/05/2011,19.55,0.017023883
27/05/2011,19.22,-0.004671693
26/05/2011,19.31,0.019875131
25/05/2011,18.93,0.001057083
24/05/2011,18.91,-0.004748096
23/05/2011,19,-0.022379284
20/05/2011,19.43,-0.007179518
19/05/2011,19.57,-0.00560511
18/05/2011,19.68,0.000508259
17/05/2011,19.67,-0.001524003
16/05/2011,19.7,-0.018109147
13/05/2011,20.06,-0.01778703
12/05/2011,20.42,0.050726416
11/05/2011,19.41,-0.007698267
10/05/2011,19.56,0.008213599
09/05/2011,19.4,-0.001030397
06/05/2011,19.42,0.008792402
05/05/2011,19.25,-0.014952586
04/05/2011,19.54,-0.00306592
03/05/2011,19.6,0.00255428
02/05/2011,19.55,-0.005102052
29/04/2011,19.65,-0.001525553
28/04/2011,19.68,-0.002537428
27/04/2011,19.73,0.01996483
26/04/2011,19.34,0.008828933
25/04/2011,19.17,0.007329876
21/04/2011,19.03,0.004740594
20/04/2011,18.94,0.043708063
19/04/2011,18.13,-0.003853569
18/04/2011,18.2,-0.017429635
15/04/2011,18.52,0.004329011
14/04/2011,18.44,0.005983156
13/04/2011,18.33,0.004373982
12/04/2011,18.25,-0.009271951
11/04/2011,18.42,0.011466137
08/04/2011,18.21,-0.002741981
07/04/2011,18.26,-0.006550242
06/04/2011,18.38,0.00217865
05/04/2011,18.34,-0.001089918
04/04/2011,18.36,-0.005431844
01/04/2011,18.46,-0.004324331
31/03/2011,18.54,0.026784875
30/03/2011,18.05,-0.008825209
29/03/2011,18.21,0.013267193
28/03/2011,17.97,-0.007760571
25/03/2011,18.11,0.001104972
24/03/2011,18.09,0.021229848
23/03/2011,17.71,0.004527455
22/03/2011,17.63,-0.00226629
21/03/2011,17.67,0.022897394
18/03/2011,17.27,0.001738627
17/03/2011,17.24,0.010495723
16/03/2011,17.06,-0.028887046
15/03/2011,17.56,-0.02807596
14/03/2011,18.06,-0.003316753
11/03/2011,18.12,0.005534048
10/03/2011,18.02,-0.024123977
09/03/2011,18.46,0.023569192
08/03/2011,18.03,0.008354267
07/03/2011,17.88,0.008988825
04/03/2011,17.72,-0.013453118
03/03/2011,17.96,0.028234512
02/03/2011,17.46,0.002293579
01/03/2011,17.42,-0.034418066
28/02/2011,18.03,-0.006633523
25/02/2011,18.15,0.018349139
24/02/2011,17.82,0.006756782
23/02/2011,17.7,-0.012910648
22/02/2011,17.93,-0.035610446
18/02/2011,18.58,-0.002687451
17/02/2011,18.63,0.016234123
16/02/2011,18.33,-0.010851978
15/02/2011,18.53,0.005954009
14/02/2011,18.42,-0.001085187
11/02/2011,18.44,-0.003248514
10/02/2011,18.5,0.007051833
09/02/2011,18.37,-0.006511146
08/02/2011,18.49,0.01251717
07/02/2011,18.26,0.005491502
04/02/2011,18.16,0.011631258
03/02/2011,17.95,0.002230899
02/02/2011,17.91,-0.004456832
01/02/2011,17.99,0.021349125
31/01/2011,17.61,0.008554372
28/01/2011,17.46,-0.025446666
27/01/2011,17.91,0.006160759
26/01/2011,17.8,-0.001683975
25/01/2011,17.83,-0.004476784
24/01/2011,17.91,0.003355708
21/01/2011,17.85,0.002243411
20/01/2011,17.81,-0.008943603
19/01/2011,17.97,-0.013816191
18/01/2011,18.22,0.039176806
14/01/2011,17.52,0.007447757
13/01/2011,17.39,-0.013706668
12/01/2011,17.63,0.031108499
11/01/2011,17.09,0.002343293
10/01/2011,17.05,-0.028903746
07/01/2011,17.55,-0.007945558
06/01/2011,17.69,0.003964888
05/01/2011,17.62,0.026453526
04/01/2011,17.16,0
03/01/2011,17.16,0.024780029
31/12/2010,16.74,-0.001790511
30/12/2010,16.77,-0.002382372
29/12/2010,16.81,0.001786246
28/12/2010,16.78,0.000596125
27/12/2010,16.77,0.015019808
23/12/2010,16.52,-0.011435575
22/12/2010,16.71,0.000598623
21/12/2010,16.7,0
20/12/2010,16.7,-0.01426897
17/12/2010,16.94,-0.019293203
16/12/2010,17.27,0.006972719
15/12/2010,17.15,-0.006393512
14/12/2010,17.26,0.007560373
13/12/2010,17.13,-0.004078071
10/12/2010,17.2,0.014051753
09/12/2010,16.96,-0.003531493
08/12/2010,17.02,0.004711434
07/12/2010,16.94,-0.004123717
06/12/2010,17.01,-0.004692091
03/12/2010,17.09,-0.009318646
02/12/2010,17.25,0.00639723
01/12/2010,17.14,0.020036027
30/11/2010,16.8,0.007168489
29/11/2010,16.68,-0.018414539
26/11/2010,16.99,-0.012284448
24/11/2010,17.2,0.027705869
23/11/2010,16.73,-0.018946689
22/11/2010,17.05,-0.010501847
19/11/2010,17.23,0.005237137
18/11/2010,17.14,0.012327717
17/11/2010,16.93,0.013079854
16/11/2010,16.71,-0.021900846
15/11/2010,17.08,-0.008743862
12/11/2010,17.23,0.009329514
11/11/2010,17.07,-0.03454575
10/11/2010,17.67,0.006244698
09/11/2010,17.56,0
08/11/2010,17.56,0.020132978
05/11/2010,17.21,0.037896779
04/11/2010,16.57,0.0127545
03/11/2010,16.36,-0.019970406
02/11/2010,16.69,0.018748659
01/11/2010,16.38,0.011667311
29/10/2010,16.19,-0.01593171
28/10/2010,16.45,0.040315537
27/10/2010,15.8,-0.005680041
26/10/2010,15.89,0.006946665
25/10/2010,15.78,0.005082603
22/10/2010,15.7,0.008957194
21/10/2010,15.56,-0.001926164
20/10/2010,15.59,0.005144706
19/10/2010,15.51,-0.006426757
18/10/2010,15.61,-0.007657983
15/10/2010,15.73,0.010866198
14/10/2010,15.56,-0.002567396
13/10/2010,15.6,0.013552966
12/10/2010,15.39,0.014398154
11/10/2010,15.17,0.010603148
08/10/2010,15.01,-0.001331558
07/10/2010,15.03,0.006675592
06/10/2010,14.93,-0.023172172
05/10/2010,15.28,0.017162137
04/10/2010,15.02,-0.024984863
01/10/2010,15.4,0.017687982
30/09/2010,15.13,-0.031232207
29/09/2010,15.61,0.003851096
28/09/2010,15.55,0.00839527
27/09/2010,15.42,0.01832512
24/09/2010,15.14,0.015308119
23/09/2010,14.91,0
22/09/2010,14.91,-0.010010094
21/09/2010,15.06,-0.00199005
20/09/2010,15.09,0.007316295
17/09/2010,14.98,0.002673798
16/09/2010,14.94,-0.003341132
15/09/2010,14.99,-0.000666889
14/09/2010,15,-0.000666445
13/09/2010,15.01,0.010043606
10/09/2010,14.86,0.016282585
09/09/2010,14.62,0.002739728
08/09/2010,14.58,0.042738553
07/09/2010,13.97,-0.000715564
03/09/2010,13.98,0.000715564
02/09/2010,13.97,-0.007843177
01/09/2010,14.08,0.032482105
31/08/2010,13.63,-0.004392394
30/08/2010,13.69,-0.020246534
27/08/2010,13.97,0.022440319
26/08/2010,13.66,-0.011644964
25/08/2010,13.82,0.011644964
24/08/2010,13.66,0.009562412
23/08/2010,13.53,-0.01975915
20/08/2010,13.8,0.031655201
19/08/2010,13.37,0.060110543
18/08/2010,12.59,-0.011058565
17/08/2010,12.73,0.027071717
16/08/2010,12.39,0.004043677
13/08/2010,12.34,-0.005656581
12/08/2010,12.41,-0.011218066
11/08/2010,12.55,-0.027506646
10/08/2010,12.9,-0.010794245
09/08/2010,13.04,0
06/08/2010,13.04,-0.003827023
05/08/2010,13.09,0.000764234
04/08/2010,13.08,0.009216655
03/08/2010,12.96,-0.016073825
02/08/2010,13.17,0.015302517
30/07/2010,12.97,-0.004615393
29/07/2010,13.03,-0.118550201
28/07/2010,14.67,-0.02157872
27/07/2010,14.99,-0.006648961
26/07/2010,15.09,-0.006605044
23/07/2010,15.19,0
22/07/2010,15.19,0.040300954
21/07/2010,14.59,-0.029046284
20/07/2010,15.02,0.008021433
19/07/2010,14.9,0.02102485
16/07/2010,14.59,-0.022366232
15/07/2010,14.92,-0.002677378
14/07/2010,14.96,-0.001336006
13/07/2010,14.98,0.017508865
12/07/2010,14.72,0.021978907
09/07/2010,14.4,-0.006920443
08/07/2010,14.5,0.002762433
07/07/2010,14.46,0.030188323
06/07/2010,14.03,0.003570157
02/07/2010,13.98,0.007899502
01/07/2010,13.87,-0.000720721
30/06/2010,13.88,-0.003595833
29/06/2010,13.93,-0.033877622
28/06/2010,14.41,-0.000693722
25/06/2010,14.42,0
24/06/2010,14.42,-0.022626951
23/06/2010,14.75,0.00475706
22/06/2010,14.68,-0.018893949
21/06/2010,14.96,-0.013280408
18/06/2010,15.16,0.007947062
17/06/2010,15.04,-0.001992694
16/06/2010,15.07,0.003989367
15/06/2010,15.01,0.039407273
14/06/2010,14.43,-0.016495219
11/06/2010,14.67,0.016495219
10/06/2010,14.43,0.035982718
09/06/2010,13.92,-0.009295741
08/06/2010,14.05,0.010733556
07/06/2010,13.9,-0.001437815
04/06/2010,13.92,-0.047694874
03/06/2010,14.6,0.022161572
02/06/2010,14.28,0.031297007
01/06/2010,13.84,-0.023564104
28/05/2010,14.17,-0.031263401
27/05/2010,14.62,0.033382794
26/05/2010,14.14,-0.013347581
25/05/2010,14.33,-0.006954131
24/05/2010,14.43,-0.019218162
21/05/2010,14.71,-0.003393285
20/05/2010,14.76,-0.057271325
19/05/2010,15.63,-0.020266685
18/05/2010,15.95,-0.020478531
17/05/2010,16.28,0.009876623
14/05/2010,16.12,-0.015389654
13/05/2010,16.37,-0.012746758
12/05/2010,16.58,0.017645727
11/05/2010,16.29,0.004923087
10/05/2010,16.21,0.037076191
07/05/2010,15.62,-0.056624767
06/05/2010,16.53,0.017084003
05/05/2010,16.25,0.00184786
04/05/2010,16.22,-0.025564387
03/05/2010,16.64,-0.00778214
30/04/2010,16.77,-0.021823337
29/04/2010,17.14,-0.012753796
28/04/2010,17.36,0.023900875
27/04/2010,16.95,-0.007640355
26/04/2010,17.08,-0.019136565
23/04/2010,17.41,0.010973255
22/04/2010,17.22,0.006408411
21/04/2010,17.11,0.002340551
20/04/2010,17.07,0.015348589
19/04/2010,16.81,0.00776355
16/04/2010,16.68,-0.017825784
15/04/2010,16.98,-0.006457316
14/04/2010,17.09,0.022486155
13/04/2010,16.71,-0.026573751
12/04/2010,17.16,0.004672906
09/04/2010,17.08,0.023697791
08/04/2010,16.68,-0.000599341
07/04/2010,16.69,-0.002393777
06/04/2010,16.73,-0.005959493
05/04/2010,16.83,0.003571432
01/04/2010,16.77,-0.00949562
31/03/2010,16.93,-0.007063008
30/03/2010,17.05,0.00588237
29/03/2010,16.95,0.006510825
26/03/2010,16.84,-0.011219486
25/03/2010,17.03,0.003529415
24/03/2010,16.97,-0.004703124
23/03/2010,17.05,-0.007013471
22/03/2010,17.17,-0.001164144
19/03/2010,17.19,-0.015584731
18/03/2010,17.46,0.01966518
17/03/2010,17.12,-0.009302393
16/03/2010,17.28,-0.005770356
15/03/2010,17.38,-0.005165004
12/03/2010,17.47,0.005165004
11/03/2010,17.38,-0.004019529
10/03/2010,17.45,0.014430265
09/03/2010,17.2,0.017595762
08/03/2010,16.9,-0.004133457
05/03/2010,16.97,0.014243564
04/03/2010,16.73,0.004192878
03/03/2010,16.66,0.005416805
02/03/2010,16.57,-0.006616565
01/03/2010,16.68,0.007824295
26/02/2010,16.55,0.000604412
25/02/2010,16.54,0.001209922
24/02/2010,16.52,-0.007237667
23/02/2010,16.64,-0.014320054
22/02/2010,16.88,-0.017034186
19/02/2010,17.17,0.002916304
18/02/2010,17.12,0.010569681
17/02/2010,16.94,-0.008815808
16/02/2010,17.09,0.015330489
12/02/2010,16.83,-0.023489042
11/02/2010,17.23,0.008158553
10/02/2010,17.09,0.001756955
09/02/2010,17.06,0.002935136
08/02/2010,17.01,-0.007613507
05/02/2010,17.14,0.012327717
04/02/2010,16.93,-0.01930449
03/02/2010,17.26,-0.004047418
02/02/2010,17.33,0
01/02/2010,17.33,0.02217127
29/01/2010,16.95,-0.02677692
28/01/2010,17.41,-0.066654317
27/01/2010,18.61,0.008092842
26/01/2010,18.46,-0.000541565
25/01/2010,18.47,0.009793332
22/01/2010,18.29,-0.018418722
21/01/2010,18.63,-0.004284956
20/01/2010,18.71,-0.022722246
19/01/2010,19.14,0.015267472
15/01/2010,18.85,0.00372044
14/01/2010,18.78,0.004803852
13/01/2010,18.69,0.011840827
12/01/2010,18.47,0.005973409
11/01/2010,18.36,-0.000544514
08/01/2010,18.37,0.00272554
07/01/2010,18.32,-0.002181026
06/01/2010,18.36,0.003273325
05/01/2010,18.3,-0.005449605
04/01/2010,18.4,0.028108767
31/12/2009,17.89,-0.014428663
30/12/2009,18.15,0.006633523
29/12/2009,18.03,-0.002769318
28/12/2009,18.08,0.002769318
24/12/2009,18.03,0.0150883
23/12/2009,17.76,0.002819286
22/12/2009,17.71,-0.00675298
21/12/2009,17.83,0.012415509
18/12/2009,17.61,0.010274063
17/12/2009,17.43,-0.016501086
16/12/2009,17.72,0.003958162
15/12/2009,17.65,-0.004522337
14/12/2009,17.73,0.006791198
11/12/2009,17.61,-0.003401364
10/12/2009,17.67,0.001132503
09/12/2009,17.65,0.016567074
08/12/2009,17.36,-0.017133486
07/12/2009,17.66,-0.012380575
04/12/2009,17.88,-0.004464293
03/12/2009,17.96,-0.002224695
02/12/2009,18,-0.000555401
01/12/2009,18.01,0.014541643
30/11/2009,17.75,0.003386008
27/11/2009,17.69,-0.018482744
25/11/2009,18.02,0.004449396
24/11/2009,17.94,-0.003894303
23/11/2009,18.01,0.016233214
20/11/2009,17.72,-0.008429384
19/11/2009,17.87,-0.005580372
18/11/2009,17.97,0.008382279
17/11/2009,17.82,0.001122965
16/11/2009,17.8,0.019858809
13/11/2009,17.45,0.006323677
12/11/2009,17.34,-0.014314587
11/11/2009,17.59,-0.003405225
10/11/2009,17.65,-0.003393668
09/11/2009,17.71,0.01651048
06/11/2009,17.42,-0.001720677
05/11/2009,17.45,0.012687598
04/11/2009,17.23,-0.001160093
03/11/2009,17.25,-0.007507976
02/11/2009,17.38,-0.011441772
30/10/2009,17.58,-0.009060085
29/10/2009,17.74,0.12025226
28/10/2009,15.73,-0.026969336
27/10/2009,16.16,-0.017178337
26/10/2009,16.44,-0.013293247
23/10/2009,16.66,-0.014302985
22/10/2009,16.9,0.006530151
21/10/2009,16.79,0.021674539
20/10/2009,16.43,-0.021674539
19/10/2009,16.79,0.009575178
16/10/2009,16.63,-0.004799049
15/10/2009,16.71,-0.00893661
14/10/2009,16.86,-0.002369669
13/10/2009,16.9,0.02820469
12/10/2009,16.43,-0.012099361
09/10/2009,16.63,0.011490904
08/10/2009,16.44,-0.007272759
07/10/2009,16.56,0.009708814
06/10/2009,16.4,0.010419953
05/10/2009,16.23,0.015523441
02/10/2009,15.98,0.006277485
01/10/2009,15.88,-0.036480088
30/09/2009,16.47,0.027702603
29/09/2009,16.02,0.003125979
28/09/2009,15.97,0.021519818
25/09/2009,15.63,0.021993124
24/09/2009,15.29,-0.013641004
23/09/2009,15.5,-0.002577321
22/09/2009,15.54,-0.012152372
21/09/2009,15.73,0.0050988
18/09/2009,15.65,-0.02399105
17/09/2009,16.03,0.00124844
16/09/2009,16.01,0.021465471
15/09/2009,15.67,-0.010158818
14/09/2009,15.83,-0.008805088
11/09/2009,15.97,0.002507838
10/09/2009,15.93,0.010729039
09/09/2009,15.76,0.004451518
08/09/2009,15.69,0.00255265
04/09/2009,15.65,0.026547367
03/09/2009,15.24,0.015873349
02/09/2009,15,0.005347606
01/09/2009,14.92,-0.013315776
31/08/2009,15.12,-0.00790518
28/08/2009,15.24,-0.014979114
27/08/2009,15.47,0.002588998
26/08/2009,15.43,-0.000647878
25/08/2009,15.44,0
24/08/2009,15.44,-0.0064558
21/08/2009,15.54,0.012301871
20/08/2009,15.35,0.008505122
19/08/2009,15.22,0.00857808
18/08/2009,15.09,0.020757357
17/08/2009,14.78,-0.031304588
14/08/2009,15.25,-0.019481136
13/08/2009,15.55,0.014248946
12/08/2009,15.33,0.020429047
11/08/2009,15.02,-0.023034911
10/08/2009,15.37,-0.00906742
07/08/2009,15.51,0.015594858
06/08/2009,15.27,0.006570326
05/08/2009,15.17,-0.026026192
04/08/2009,15.57,0.020766483
03/08/2009,15.25,0.021206892
31/07/2009,14.93,0.010097696
30/07/2009,14.78,-0.15395735
29/07/2009,17.24,0.002322881
28/07/2009,17.2,-0.002322881
27/07/2009,17.24,-0.007512315
24/07/2009,17.37,-0.00516797
23/07/2009,17.46,0.034968598
22/07/2009,16.86,0.00893661
21/07/2009,16.71,0.001796946
20/07/2009,16.68,0.016319492
17/07/2009,16.41,0.001219512
16/07/2009,16.39,-0.013935397
15/07/2009,16.62,0.04428768
14/07/2009,15.9,0.02161559
13/07/2009,15.56,-0.001926164
10/07/2009,15.59,0.016165887
09/07/2009,15.34,0.009168368
08/07/2009,15.2,-0.015018239
07/07/2009,15.43,-0.006459971
06/07/2009,15.53,-0.010887075
02/07/2009,15.7,0.004468568
01/07/2009,15.63,0.003204104
30/06/2009,15.58,-0.005760016
29/06/2009,15.67,-0.015199786
26/06/2009,15.91,0.004409456
25/06/2009,15.84,0.023635722
24/06/2009,15.47,0.022223137
23/06/2009,15.13,0.003973515
22/06/2009,15.07,-0.052354443
19/06/2009,15.88,0.012036889
18/06/2009,15.69,-0.015808107
17/06/2009,15.94,0.013261956
16/06/2009,15.73,-0.02449102
15/06/2009,16.12,-0.022693399
12/06/2009,16.49,0.037693681
11/06/2009,15.88,-0.035265021
10/06/2009,16.45,-0.004851435
09/06/2009,16.53,0.023256862
08/06/2009,16.15,0.0062112
05/06/2009,16.05,0.004996887
04/06/2009,15.97,0.012602561
03/06/2009,15.77,-0.015104126
02/06/2009,16.01,0.020827512
01/06/2009,15.68,0.00319387
29/05/2009,15.63,0.028554828
28/05/2009,15.19,0.026010136
27/05/2009,14.8,0.025317808
26/05/2009,14.43,0.016771882
22/05/2009,14.19,-0.046808269
21/05/2009,14.87,-0.014686512
20/05/2009,15.09,-0.022929272
19/05/2009,15.44,0.025583553
18/05/2009,15.05,0.015400371
15/05/2009,14.82,-0.005383593
14/05/2009,14.9,-0.002011399
13/05/2009,14.93,-0.013967636
12/05/2009,15.14,-0.011818916
11/05/2009,15.32,0.029141135
08/05/2009,14.88,-0.007365283
07/05/2009,14.99,-0.159947247
06/05/2009,17.59,-0.002838492
05/05/2009,17.64,-0.005652926
04/05/2009,17.74,-0.00393812
01/05/2009,17.81,0.031947954
30/04/2009,17.25,-0.002894358
29/04/2009,17.3,0.019259422
28/04/2009,16.97,0.005910183
27/04/2009,16.87,-0.048027743
24/04/2009,17.7,0.033317269
23/04/2009,17.12,-0.013345136
22/04/2009,17.35,0.017442303
21/04/2009,17.05,0.016558628
20/04/2009,16.77,-0.029379316
17/04/2009,17.27,0.01223435
16/04/2009,17.06,0.035195998
15/04/2009,16.47,0.027078578
14/04/2009,16.03,-0.020377365
13/04/2009,16.36,-0.045991981
09/04/2009,17.13,0.030224523
08/04/2009,16.62,0.03365261
07/04/2009,16.07,-0.000622084
06/04/2009,16.08,-0.009285118
03/04/2009,16.23,0.01302344
02/04/2009,16.02,0.046638922
01/04/2009,15.29,0.02315684
31/03/2009,14.94,0.025764137
30/03/2009,14.56,-0.026433257
27/03/2009,14.95,-0.048312267
26/03/2009,15.69,0.057045947
25/03/2009,14.82,0.035019026
24/03/2009,14.31,-0.001396648
23/03/2009,14.33,0.022583881
20/03/2009,14.01,-0.012061161
19/03/2009,14.18,-0.001409444
18/03/2009,14.2,0.026401819
17/03/2009,13.83,0.051179133
16/03/2009,13.14,-0.0468313
13/03/2009,13.77,0.00072648
12/03/2009,13.76,0.024274822
11/03/2009,13.43,0
10/03/2009,13.43,0.062208153
09/03/2009,12.62,-0.024267336
06/03/2009,12.93,-0.014587591
05/03/2009,13.12,-0.027810887
04/03/2009,13.49,0.032394546
03/03/2009,13.06,-0.033135562
02/03/2009,13.5,-0.02415046
27/02/2009,13.83,0.026375155
26/02/2009,13.47,-0.032861664
25/02/2009,13.92,-0.022728251
24/02/2009,14.24,0.054106236
23/02/2009,13.49,-0.035679067
20/02/2009,13.98,-0.001429593
19/02/2009,14,-0.017699577
18/02/2009,14.25,0.004219416
17/02/2009,14.19,-0.04208969
13/02/2009,14.8,-0.012756131
12/02/2009,14.99,-0.000666889
11/02/2009,15,0.011398045
10/02/2009,14.83,-0.053179579
09/02/2009,15.64,-0.026499973
06/02/2009,16.06,0.023945694
05/02/2009,15.68,0.028462465
04/02/2009,15.24,0.001970444
03/02/2009,15.21,0.034786116
02/02/2009,14.69,-0.042644703
30/01/2009,15.33,-0.00844435
29/01/2009,15.46,0.055181828
28/01/2009,14.63,0.044731426
27/01/2009,13.99,0.023139138
26/01/2009,13.67,0.007342177
23/01/2009,13.57,0.036012894
22/01/2009,13.09,-0.047006042
21/01/2009,13.72,0.072539344
20/01/2009,12.76,-0.055633392
16/01/2009,13.49,-0.000741015
15/01/2009,13.5,0.057943035
14/01/2009,12.74,-0.060901617
13/01/2009,13.54,-0.002949855
12/01/2009,13.58,-0.001471671
09/01/2009,13.6,-0.036105005
08/01/2009,14.1,0.009262624
07/01/2009,13.97,-0.048210523
06/01/2009,14.66,0.024863159
05/01/2009,14.3,
