Date,Close,XL
04/04/2014,31.21,-0.006387757
03/04/2014,31.41,0.01088359
02/04/2014,31.07,0.002900888
01/04/2014,30.98,-0.008677541
31/03/2014,31.25,0.020365986
28/03/2014,30.62,0.012818581
27/03/2014,30.23,-0.007251185
26/03/2014,30.45,-0.004587164
25/03/2014,30.59,0.003930565
24/03/2014,30.47,-0.002622093
21/03/2014,30.55,0.004264399
20/03/2014,30.42,0.004282662
19/03/2014,30.29,-0.005596722
18/03/2014,30.46,0.005266635
17/03/2014,30.3,0.010950831
14/03/2014,29.97,0.001669728
13/03/2014,29.92,-0.012620559
12/03/2014,30.3,-0.00460982
11/03/2014,30.44,-0.009807205
10/03/2014,30.74,0.001302084
07/03/2014,30.7,0.000325786
06/03/2014,30.69,0.010152371
05/03/2014,30.38,0.000329218
04/03/2014,30.37,0.008597937
03/03/2014,30.11,-0.009585266
28/02/2014,30.4,0.014913284
27/02/2014,29.95,0.004350015
26/02/2014,29.82,0.008418975
25/02/2014,29.57,-0.005396303
24/02/2014,29.73,0.009802343
21/02/2014,29.44,0.004766778
20/02/2014,29.3,0.007193044
19/02/2014,29.09,-0.01094028
18/02/2014,29.41,0.006139173
14/02/2014,29.23,0.012046265
13/02/2014,28.88,-0.004146516
12/02/2014,29,-0.010974047
11/02/2014,29.32,0.01166394
10/02/2014,28.98,0.003802943
07/02/2014,28.87,0.010795856
06/02/2014,28.56,0.02123222
05/02/2014,27.96,-0.003570157
04/02/2014,28.06,0.002140564
03/02/2014,28,-0.02608537
31/01/2014,28.74,-0.01827322
30/01/2014,29.27,0.014106547
29/01/2014,28.86,-0.021594669
28/01/2014,29.49,0.030294916
27/01/2014,28.61,-0.006966242
24/01/2014,28.81,-0.032106583
23/01/2014,29.75,-0.019637842
22/01/2014,30.34,0.003963017
21/01/2014,30.22,0.009308578
17/01/2014,29.94,-0.001335114
16/01/2014,29.98,0.001001168
15/01/2014,29.95,-0.005992029
14/01/2014,30.13,0.009001561
13/01/2014,29.86,-0.018580495
10/01/2014,30.42,0.000657678
09/01/2014,30.4,0.000329001
08/01/2014,30.39,0.000658328
07/01/2014,30.37,0
06/01/2014,30.37,-0.014384034
03/01/2014,30.81,-0.014180064
02/01/2014,31.25,-0.018703985
31/12/2013,31.84,-0.00156912
30/12/2013,31.89,0.006291307
27/12/2013,31.69,-0.000315507
26/12/2013,31.7,0.005060099
24/12/2013,31.54,0.006361345
23/12/2013,31.34,0.007687418
20/12/2013,31.1,0.011643081
19/12/2013,30.74,0.00489158
18/12/2013,30.59,0.017810497
17/12/2013,30.05,0.005673301
16/12/2013,29.88,0.007727235
13/12/2013,29.65,-0.008730747
12/12/2013,29.91,-0.004336954
11/12/2013,30.04,-0.022384081
10/12/2013,30.72,-0.007135937
09/12/2013,30.94,0.006159851
06/12/2013,30.75,0.010132461
05/12/2013,30.44,-0.007527445
04/12/2013,30.67,-0.006175869
03/12/2013,30.86,-0.010316017
02/12/2013,31.18,-0.02564649
29/11/2013,31.99,-0.003432676
27/11/2013,32.1,-0.001867414
26/11/2013,32.16,0.01566939
25/11/2013,31.66,0.003480465
22/11/2013,31.55,0.007955491
21/11/2013,31.3,0.012214874
20/11/2013,30.92,-0.009014871
19/11/2013,31.2,-0.007026538
18/11/2013,31.42,0.000955262
15/11/2013,31.39,0.001594134
14/11/2013,31.34,0.009296429
13/11/2013,31.05,0.005166301
12/11/2013,30.89,-0.017330344
11/11/2013,31.43,0.005743475
08/11/2013,31.25,0.015804232
07/11/2013,30.76,-0.002273097
06/11/2013,30.83,0.006508321
05/11/2013,30.63,0.003925422
04/11/2013,30.51,0.006246938
01/11/2013,30.32,-0.008211575
31/10/2013,30.57,-0.018474031
30/10/2013,31.14,-0.013080423
29/10/2013,31.55,-0.000316907
28/10/2013,31.56,-0.003795071
25/10/2013,31.68,-0.008486614
24/10/2013,31.95,0.007224784
23/10/2013,31.72,-0.013153964
22/10/2013,32.14,0.008436232
21/10/2013,31.87,-0.006567655
18/10/2013,32.08,0.000311769
17/10/2013,32.07,0.009083853
16/10/2013,31.78,0.022272636
15/10/2013,31.08,-0.011834458
14/10/2013,31.45,0.004780886
11/10/2013,31.3,0.000639182
10/10/2013,31.28,0.022632715
09/10/2013,30.58,-0.000653808
08/10/2013,30.6,-0.016529302
07/10/2013,31.11,-0.001284934
04/10/2013,31.15,0.009029407
03/10/2013,30.87,-0.012554486
02/10/2013,31.26,0.00899749
01/10/2013,30.98,0.005178005
30/09/2013,30.82,-0.005823375
27/09/2013,31,0.001291156
26/09/2013,30.96,0.001292825
25/09/2013,30.92,0.001942377
24/09/2013,30.86,-0.011918324
23/09/2013,31.23,-0.006701796
20/09/2013,31.44,0.001591597
19/09/2013,31.39,-0.004450103
18/09/2013,31.53,0.01953625
17/09/2013,30.92,0.004538095
16/09/2013,30.78,0.00881063
13/09/2013,30.51,0.006576808
12/09/2013,30.31,-0.008868509
11/09/2013,30.58,-0.000326958
10/09/2013,30.59,0.011838349
09/09/2013,30.23,0.00963943
06/09/2013,29.94,-0.006989544
05/09/2013,30.15,-0.004962789
04/09/2013,30.3,0.005626359
03/09/2013,30.13,0.019099257
30/08/2013,29.56,-0.013774785
29/08/2013,29.97,0.003007521
28/08/2013,29.88,-0.008331993
27/08/2013,30.13,-0.021993337
26/08/2013,30.8,-0.003888534
23/08/2013,30.92,0.003563911
22/08/2013,30.81,0.012739026
21/08/2013,30.42,0.000657678
20/08/2013,30.4,0.009917437
19/08/2013,30.1,-0.010903792
16/08/2013,30.43,0.001973685
15/08/2013,30.37,-0.017624477
14/08/2013,30.91,0.004214628
13/08/2013,30.78,0.001625752
12/08/2013,30.73,-0.003573173
09/08/2013,30.84,-0.005497184
08/08/2013,31.01,-0.006108362
07/08/2013,31.2,-0.005433927
06/08/2013,31.37,-0.009202032
05/08/2013,31.66,-0.009118126
02/08/2013,31.95,-0.003436966
01/08/2013,32.06,0.02239488
31/07/2013,31.35,-0.001912046
30/07/2013,31.41,-0.01892204
29/07/2013,32.01,-0.006539024
26/07/2013,32.22,0.003108489
25/07/2013,32.12,0.010012599
24/07/2013,31.8,-0.013741628
23/07/2013,32.24,-0.024208322
22/07/2013,33.03,0.004551669
19/07/2013,32.88,0.005183729
18/07/2013,32.71,0.012613611
17/07/2013,32.3,0.00496587
16/07/2013,32.14,-0.008057062
15/07/2013,32.4,0.012110069
12/07/2013,32.01,0.014791772
11/07/2013,31.54,0.019206736
10/07/2013,30.94,-0.012845392
09/07/2013,31.34,0.011876243
08/07/2013,30.97,0.010386332
05/07/2013,30.65,0.013136478
03/07/2013,30.25,-0.007574546
02/07/2013,30.48,-0.004582659
01/07/2013,30.62,0.009845829
28/06/2013,30.32,-0.003949972
27/06/2013,30.44,0.01090019
26/06/2013,30.11,0.011692133
25/06/2013,29.76,0.014895333
24/06/2013,29.32,-0.008152219
21/06/2013,29.56,-0.014108397
20/06/2013,29.98,-0.027633337
19/06/2013,30.82,-0.027837344
18/06/2013,31.69,0.017829189
17/06/2013,31.13,0.002251167
14/06/2013,31.06,-0.00769728
13/06/2013,31.3,0.014805549
12/06/2013,30.84,-0.000648298
11/06/2013,30.86,-0.021795735
10/06/2013,31.54,0.007319046
07/06/2013,31.31,0.008338727
06/06/2013,31.05,0.008084118
05/06/2013,30.8,-0.018337332
04/06/2013,31.37,0.002873107
03/06/2013,31.28,-0.004783935
31/05/2013,31.43,-0.017660503
30/05/2013,31.99,0.008160748
29/05/2013,31.73,-0.001574556
28/05/2013,31.78,0.008849615
24/05/2013,31.5,-0.003802286
23/05/2013,31.62,-0.011320876
22/05/2013,31.98,-0.002186476
21/05/2013,32.05,-0.006840823
20/05/2013,32.27,-0.005562437
17/05/2013,32.45,-0.006450644
16/05/2013,32.66,-0.00122399
15/05/2013,32.7,-0.000305764
14/05/2013,32.71,0.019759828
13/05/2013,32.07,0.004375007
10/05/2013,31.93,-0.001877347
09/05/2013,31.99,0.002190581
08/05/2013,31.92,-0.005623258
07/05/2013,32.1,-0.000934143
06/05/2013,32.13,-0.003107523
03/05/2013,32.23,0.045383006
02/05/2013,30.8,-0.002917817
01/05/2013,30.89,-0.008060659
30/04/2013,31.14,0
29/04/2013,31.14,-0.000321079
26/04/2013,31.15,-0.011490711
25/04/2013,31.51,-0.003484876
24/04/2013,31.62,0.016582013
23/04/2013,31.1,0.018498012
22/04/2013,30.53,0.002952274
19/04/2013,30.44,0.013560651
18/04/2013,30.03,-0.02499308
17/04/2013,30.79,-0.011624283
16/04/2013,31.15,0.024042744
15/04/2013,30.41,-0.028527056
12/04/2013,31.29,-0.009858563
11/04/2013,31.6,0.008900249
10/04/2013,31.32,0.007370647
09/04/2013,31.09,0.002254066
08/04/2013,31.02,0.008091968
05/04/2013,30.77,0.006193989
04/04/2013,30.58,0.000654236
03/04/2013,30.56,-0.008147348
02/04/2013,30.81,0.018343128
01/04/2013,30.25,-0.001651528
28/03/2013,30.3,0
27/03/2013,30.3,0.001651528
26/03/2013,30.25,-0.001651528
25/03/2013,30.3,0.001651528
22/03/2013,30.25,0.00165426
21/03/2013,30.2,-0.000662032
20/03/2013,30.22,0.003314554
19/03/2013,30.12,-0.005298026
18/03/2013,30.28,-0.00395518
15/03/2013,30.4,0.000987329
14/03/2013,30.37,0.012257897
13/03/2013,30,0.003338901
12/03/2013,29.9,0.005701843
11/03/2013,29.73,0.0023573
08/03/2013,29.66,0.004392641
07/03/2013,29.53,0.002033899
06/03/2013,29.47,0
05/03/2013,29.47,0.014698607
04/03/2013,29.04,0.007604599
01/03/2013,28.82,0.006265248
28/02/2013,28.64,-0.004181191
27/02/2013,28.76,0.01189241
26/02/2013,28.42,0.007771145
25/02/2013,28.2,-0.027628965
22/02/2013,28.99,0.01845135
21/02/2013,28.46,-0.002456573
20/02/2013,28.53,-0.009419222
19/02/2013,28.8,0.004524107
15/02/2013,28.67,0.015820333
14/02/2013,28.22,-0.007062176
13/02/2013,28.42,0.000351927
12/02/2013,28.41,0.003526097
11/02/2013,28.31,0.002475686
08/02/2013,28.24,0.014265577
07/02/2013,27.84,0.004319661
06/02/2013,27.72,0.006151639
05/02/2013,27.55,0.003272135
04/02/2013,27.46,-0.02197099
01/02/2013,28.07,0.012547216
31/01/2013,27.72,0.000360815
30/01/2013,27.71,-0.000721501
29/01/2013,27.73,0.011606949
28/01/2013,27.41,-0.013768333
25/01/2013,27.79,0.00903675
24/01/2013,27.54,-0.002538533
23/01/2013,27.61,0.004719559
22/01/2013,27.48,0.00950647
18/01/2013,27.22,0.00848557
17/01/2013,26.99,0.008184569
16/01/2013,26.77,-0.002983963
15/01/2013,26.85,0.015387806
14/01/2013,26.44,-0.006033201
11/01/2013,26.6,0.001504891
10/01/2013,26.56,0.00452831
09/01/2013,26.44,0.022567414
08/01/2013,25.85,-0.004631425
07/01/2013,25.97,-0.001539054
04/01/2013,26.01,0.024519617
03/01/2013,25.38,0.001971998
02/01/2013,25.33,0.010716515
31/12/2012,25.06,0.014874646
28/12/2012,24.69,-0.004042043
27/12/2012,24.79,0.000807103
26/12/2012,24.77,-0.002419356
24/12/2012,24.83,0.010933496
21/12/2012,24.56,-0.012945165
20/12/2012,24.88,0.003220615
19/12/2012,24.8,-0.011227063
18/12/2012,25.08,0.009615459
17/12/2012,24.84,0.022390514
14/12/2012,24.29,-0.0028777
13/12/2012,24.36,-0.021925361
12/12/2012,24.9,-0.003607941
11/12/2012,24.99,-0.013513719
10/12/2012,25.33,0.009520104
07/12/2012,25.09,0.002394255
06/12/2012,25.03,-0.000399441
05/12/2012,25.04,0.028353459
04/12/2012,24.34,0.001233299
03/12/2012,24.31,-0.000822368
30/11/2012,24.33,0.005357524
29/11/2012,24.2,0
28/11/2012,24.2,0.012474174
27/11/2012,23.9,-0.010405921
26/11/2012,24.15,-0.008658063
23/11/2012,24.36,0.008658063
21/11/2012,24.15,0.010824419
20/11/2012,23.89,-0.009581411
19/11/2012,24.12,0.017144472
16/11/2012,23.71,0.007620697
15/11/2012,23.53,0.008964841
14/11/2012,23.32,-0.018271169
13/11/2012,23.75,-0.0104713
12/11/2012,24,0
09/11/2012,24,-0.004987542
08/11/2012,24.12,0.00790847
07/11/2012,23.93,-0.025171537
06/11/2012,24.54,0.013125701
05/11/2012,24.22,0.008708328
02/11/2012,24.01,-0.02711752
01/11/2012,24.67,-0.002833436
31/10/2012,24.74,-0.001211877
26/10/2012,24.77,-0.012437472
25/10/2012,25.08,-0.003582093
24/10/2012,25.17,-0.002380954
23/10/2012,25.23,-0.012994867
22/10/2012,25.56,0.00509905
19/10/2012,25.43,-0.012893322
18/10/2012,25.76,0.011714308
17/10/2012,25.46,0.00907483
16/10/2012,25.23,-0.001979807
15/10/2012,25.28,0.011938065
12/10/2012,24.98,-0.013519093
11/10/2012,25.32,0.01072077
10/10/2012,25.05,0.008016075
09/10/2012,24.85,-0.003615188
08/10/2012,24.94,0.003212854
05/10/2012,24.86,0.006052066
04/10/2012,24.71,0.006496166
03/10/2012,24.55,0.000407415
02/10/2012,24.54,0.009828089
01/10/2012,24.3,0.011173301
28/09/2012,24.03,-0.001663202
27/09/2012,24.07,0.005415552
26/09/2012,23.94,0.000417798
25/09/2012,23.93,-0.009565471
24/09/2012,24.16,-0.00165426
21/09/2012,24.2,-0.003300333
20/09/2012,24.28,-0.001234822
19/09/2012,24.31,0.001646769
18/09/2012,24.27,-0.008615438
17/09/2012,24.48,-0.008136741
14/09/2012,24.68,0.009362983
13/09/2012,24.45,0.026104652
12/09/2012,23.82,0
11/09/2012,23.82,0.002943033
10/09/2012,23.75,-0.000420964
07/09/2012,23.76,0.012706651
06/09/2012,23.46,0.01893344
05/09/2012,23.02,-0.009511529
04/09/2012,23.24,0.005176888
31/08/2012,23.12,0.007815932
30/08/2012,22.94,-0.004783658
29/08/2012,23.05,-0.000867303
28/08/2012,23.07,-0.005619206
27/08/2012,23.2,-0.001292268
24/08/2012,23.23,0.005611929
23/08/2012,23.1,-0.00690253
22/08/2012,23.26,-0.004718001
21/08/2012,23.37,-0.001282874
20/08/2012,23.4,-0.002134473
17/08/2012,23.45,-0.000426348
16/08/2012,23.46,0.013302063
15/08/2012,23.15,0.003895266
14/08/2012,23.06,0.014413877
13/08/2012,22.73,-0.010938635
10/08/2012,22.98,-0.005208345
09/08/2012,23.1,0.01394966
08/08/2012,22.78,0.063894889
07/08/2012,21.37,0.00375059
06/08/2012,21.29,0.004236297
03/08/2012,21.2,0.024834132
02/08/2012,20.68,-0.000966651
01/08/2012,20.7,0.002418381
31/07/2012,20.65,-0.015854284
30/07/2012,20.98,0.00477784
27/07/2012,20.88,0.015444322
26/07/2012,20.56,0
25/07/2012,20.56,0.013712262
24/07/2012,20.28,-0.009325221
23/07/2012,20.47,0.002935423
20/07/2012,20.41,-0.02084924
19/07/2012,20.84,-0.001917546
18/07/2012,20.88,0.007692346
17/07/2012,20.72,0.013605652
16/07/2012,20.44,-0.000489117
13/07/2012,20.45,0.007854729
12/07/2012,20.29,-0.014677367
11/07/2012,20.59,0.004868559
10/07/2012,20.49,-0.004868559
09/07/2012,20.59,-0.011588734
06/07/2012,20.83,-0.005744391
05/07/2012,20.95,-0.010446439
03/07/2012,21.17,0.004260361
02/07/2012,21.08,0.001899336
29/06/2012,21.04,0.026488426
28/06/2012,20.49,0.009316076
27/06/2012,20.3,0.023929357
26/06/2012,19.82,0.005565408
25/06/2012,19.71,-0.020091083
22/06/2012,20.11,0.003986054
21/06/2012,20.03,-0.02221765
20/06/2012,20.48,0.009813621
19/06/2012,20.28,0.010409016
18/06/2012,20.07,-0.013854749
15/06/2012,20.35,0.003938951
14/06/2012,20.27,0.007427615
13/06/2012,20.12,-0.008413809
12/06/2012,20.29,0.011899
11/06/2012,20.05,-0.016815431
08/06/2012,20.39,0.001472393
07/06/2012,20.36,-0.003432217
06/06/2012,20.43,0.033344717
05/06/2012,19.76,0.008130126
04/06/2012,19.6,-0.00508907
01/06/2012,19.7,-0.035896177
31/05/2012,20.42,0.018784537
30/05/2012,20.04,-0.026103427
29/05/2012,20.57,0.01567891
25/05/2012,20.25,-0.009338972
24/05/2012,20.44,0
23/05/2012,20.44,0.003921574
22/05/2012,20.36,0.001474564
21/05/2012,20.33,-0.000983284
18/05/2012,20.35,-0.012695483
17/05/2012,20.61,-0.0305805
16/05/2012,21.25,-0.017724345
15/05/2012,21.63,-0.006451635
14/05/2012,21.77,-0.015949301
11/05/2012,22.12,0.001357159
10/05/2012,22.09,-0.007216991
09/05/2012,22.25,0.042227476
08/05/2012,21.33,0.005170399
07/05/2012,21.22,0.003777153
04/05/2012,21.14,-0.009416265
03/05/2012,21.34,-0.012110069
02/05/2012,21.6,-0.008757834
01/05/2012,21.79,0.012933206
30/04/2012,21.51,-0.009715552
27/04/2012,21.72,-0.015532519
26/04/2012,22.06,0.01922256
25/04/2012,21.64,0.017716081
24/04/2012,21.26,0.010877383
23/04/2012,21.03,-0.016505916
20/04/2012,21.38,0.000467836
19/04/2012,21.37,0.022717494
18/04/2012,20.89,-0.009054148
17/04/2012,21.08,-0.00661941
16/04/2012,21.22,0.019510493
13/04/2012,20.81,-0.031222971
12/04/2012,21.47,0.013599272
11/04/2012,21.18,0.009011206
10/04/2012,20.99,-0.015130312
09/04/2012,21.31,-0.016290795
05/04/2012,21.66,0.014883996
04/04/2012,21.34,-0.009328426
03/04/2012,21.54,-0.017031482
02/04/2012,21.91,0.010091829
30/03/2012,21.69,0.013460403
29/03/2012,21.4,-0.002799815
28/03/2012,21.46,0.007014291
27/03/2012,21.31,-0.016752369
26/03/2012,21.67,0.025234984
23/03/2012,21.13,0.014779768
22/03/2012,20.82,-0.017143277
21/03/2012,21.18,-0.015925395
20/03/2012,21.52,-0.002320725
19/03/2012,21.57,-0.013812374
16/03/2012,21.87,-0.000457143
15/03/2012,21.88,0.005499556
14/03/2012,21.76,0
13/03/2012,21.76,0.023716527
12/03/2012,21.25,0.001412762
09/03/2012,21.22,0.010421695
08/03/2012,21,0.019231362
07/03/2012,20.6,0.018618862
06/03/2012,20.22,-0.031161236
05/03/2012,20.86,-0.007640916
02/03/2012,21.02,0.002381521
01/03/2012,20.97,0.008139858
29/02/2012,20.8,0.009176592
28/02/2012,20.61,0.014170772
27/02/2012,20.32,0.011881328
24/02/2012,20.08,-0.006947919
23/02/2012,20.22,0.00844306
22/02/2012,20.05,-0.010419345
21/02/2012,20.26,0.015920734
17/02/2012,19.94,-0.001002506
16/02/2012,19.96,0.022803116
15/02/2012,19.51,0.010304058
14/02/2012,19.31,0.013031198
13/02/2012,19.06,-0.010957584
10/02/2012,19.27,-0.086449032
09/02/2012,21.01,0.00190567
08/02/2012,20.97,-0.012322431
07/02/2012,21.23,0.011845673
06/02/2012,20.98,-0.001904762
03/02/2012,21.02,-0.003798675
02/02/2012,21.1,0.009045527
01/02/2012,20.91,0.031085553
31/01/2012,20.27,0.011910811
30/01/2012,20.03,-0.013389736
27/01/2012,20.3,-0.017578578
26/01/2012,20.66,-0.003382463
25/01/2012,20.73,0.015067114
24/01/2012,20.42,-0.003910073
23/01/2012,20.5,0.005380302
20/01/2012,20.39,0.023822467
19/01/2012,19.91,-0.007505664
18/01/2012,20.06,-0.002986563
17/01/2012,20.12,-0.006934154
13/01/2012,20.26,-0.015185205
12/01/2012,20.57,0.016172859
11/01/2012,20.24,-0.002467309
10/01/2012,20.29,0.024951394
09/01/2012,19.79,-0.007049375
06/01/2012,19.93,0.006544197
05/01/2012,19.8,0.004048589
04/01/2012,19.72,-0.023058666
03/01/2012,20.18,0.020526378
30/12/2011,19.77,-0.008060497
29/12/2011,19.93,0.010592785
28/12/2011,19.72,-0.022563003
27/12/2011,20.17,-0.004945608
23/12/2011,20.27,0.007924757
22/12/2011,20.11,0.026708567
21/12/2011,19.58,-0.002550371
20/12/2011,19.63,0.021628032
19/12/2011,19.21,-0.023155138
16/12/2011,19.66,-0.006590645
15/12/2011,19.79,0.014762294
14/12/2011,19.5,-0.001025115
13/12/2011,19.52,-0.021288184
12/12/2011,19.94,-0.030619676
09/12/2011,20.56,0.005853675
08/12/2011,20.44,-0.03792151
07/12/2011,21.23,0.001414094
06/12/2011,21.2,0.011385322
05/12/2011,20.96,0.010069613
02/12/2011,20.75,0.010659016
01/12/2011,20.53,-0.004374248
30/11/2011,20.62,0.057900402
29/11/2011,19.46,0.002057614
28/11/2011,19.42,0.026083899
25/11/2011,18.92,0.00742709
23/11/2011,18.78,-0.03710904
22/11/2011,19.49,-0.001538067
21/11/2011,19.52,-0.017268078
18/11/2011,19.86,0.011139356
17/11/2011,19.64,-0.024146042
16/11/2011,20.12,-0.033238641
15/11/2011,20.8,-0.003838776
14/11/2011,20.88,-0.015209419
11/11/2011,21.2,0.023867481
10/11/2011,20.7,0.013129291
09/11/2011,20.43,-0.068111426
08/11/2011,21.87,0.015668523
07/11/2011,21.53,0.010270865
04/11/2011,21.31,-0.010735226
03/11/2011,21.54,0.017326587
02/11/2011,21.17,0.011401549
01/11/2011,20.93,-0.037970345
31/10/2011,21.74,-0.037024545
28/10/2011,22.56,-0.009704531
27/10/2011,22.78,0.037571503
26/10/2011,21.94,0.005484474
25/10/2011,21.82,-0.041738165
24/10/2011,22.75,0.054653474
21/10/2011,21.54,0.046564231
20/10/2011,20.56,0.032125323
19/10/2011,19.91,0.009081798
18/10/2011,19.73,0.039808823
17/10/2011,18.96,-0.040821995
14/10/2011,19.75,0.014792415
13/10/2011,19.46,-0.017320861
12/10/2011,19.8,0.015780424
11/10/2011,19.49,-0.005117718
10/10/2011,19.59,0.043292288
07/10/2011,18.76,-0.031998534
06/10/2011,19.37,0.030933004
05/10/2011,18.78,0.007482665
04/10/2011,18.64,0.025537927
03/10/2011,18.17,-0.034084987
30/09/2011,18.8,-0.027283959
29/09/2011,19.32,0.02515856
28/09/2011,18.84,-0.034944885
27/09/2011,19.51,0.02701463
26/09/2011,18.99,0.03373814
23/09/2011,18.36,-0.004347833
22/09/2011,18.44,-0.031494463
21/09/2011,19.03,-0.041683421
20/09/2011,19.84,-0.002014099
19/09/2011,19.88,-0.007516948
16/09/2011,20.03,0.008020093
15/09/2011,19.87,0.019309543
14/09/2011,19.49,-0.000512952
13/09/2011,19.5,0.004111003
12/09/2011,19.42,0.008792402
09/09/2011,19.25,-0.035216704
08/09/2011,19.94,-0.01493308
07/09/2011,20.24,0.043935367
06/09/2011,19.37,-0.009761187
02/09/2011,19.56,-0.042538312
01/09/2011,20.41,-0.019408664
31/08/2011,20.81,0.01403362
30/08/2011,20.52,-0.003891055
29/08/2011,20.6,0.066741593
26/08/2011,19.27,0.022036569
25/08/2011,18.85,-0.036462373
24/08/2011,19.55,0.006157023
23/08/2011,19.43,0.032961394
22/08/2011,18.8,0.002129926
19/08/2011,18.76,-0.000532907
18/08/2011,18.77,-0.044799158
17/08/2011,19.63,0.006131854
16/08/2011,19.51,-0.027800628
15/08/2011,20.06,0.041736337
12/08/2011,19.24,-0.015983841
11/08/2011,19.55,0.040182813
10/08/2011,18.78,-0.050361018
09/08/2011,19.75,0.071346453
08/08/2011,18.39,-0.081923232
05/08/2011,19.96,-0.018367357
04/08/2011,20.33,-0.068435248
03/08/2011,21.77,0.083801101
02/08/2011,20.02,-0.021251109
01/08/2011,20.45,-0.003417138
29/07/2011,20.52,-0.008250471
28/07/2011,20.69,-0.025764784
27/07/2011,21.23,-0.019128178
26/07/2011,21.64,0.015367008
25/07/2011,21.31,-0.012127014
22/07/2011,21.57,0.006511651
21/07/2011,21.43,0.007964437
20/07/2011,21.26,0.010877383
19/07/2011,21.03,0.010516349
18/07/2011,20.81,-0.018095732
15/07/2011,21.19,-0.0051777
14/07/2011,21.3,-0.010275663
13/07/2011,21.52,0.005591813
12/07/2011,21.4,-0.00326569
11/07/2011,21.47,-0.029373383
08/07/2011,22.11,-0.01792966
07/07/2011,22.51,0.010719174
06/07/2011,22.27,0.00856826
05/07/2011,22.08,-0.009914457
01/07/2011,22.3,0.014453729
30/06/2011,21.98,0.004103037
29/06/2011,21.89,0.018442201
28/06/2011,21.49,0.003262646
27/06/2011,21.42,0.011267725
24/06/2011,21.18,-0.015925395
23/06/2011,21.52,0.000464792
22/06/2011,21.51,-0.002321803
21/06/2011,21.56,0.009788006
20/06/2011,21.35,0.00140614
17/06/2011,21.32,0.003759403
16/06/2011,21.24,0.005192365
15/06/2011,21.13,-0.023849622
14/06/2011,21.64,0.032882249
13/06/2011,20.94,0.003348484
10/06/2011,20.87,-0.017102555
09/06/2011,21.23,0.021905638
08/06/2011,20.77,-0.028010376
07/06/2011,21.36,-0.029976881
06/06/2011,22.01,-0.019348185
03/06/2011,22.44,-0.018106037
02/06/2011,22.85,-0.002185793
01/06/2011,22.9,-0.032648948
31/05/2011,23.66,0.019202638
27/05/2011,23.21,0.000862069
26/05/2011,23.19,0.006489315
25/05/2011,23.04,-0.008643096
24/05/2011,23.24,-0.006433649
23/05/2011,23.39,-0.006392521
20/05/2011,23.54,-0.008460287
19/05/2011,23.74,0.015708241
18/05/2011,23.37,0.013353634
17/05/2011,23.06,0.004781578
16/05/2011,22.95,-0.002176279
13/05/2011,23,-0.01638674
12/05/2011,23.38,-0.012327467
11/05/2011,23.67,-0.016757828
10/05/2011,24.07,0.024391453
09/05/2011,23.49,0.001704304
06/05/2011,23.45,0.004273511
05/05/2011,23.35,-0.010225909
04/05/2011,23.59,-0.02552974
03/05/2011,24.2,-0.005768454
02/05/2011,24.34,-0.003281381
29/04/2011,24.42,-0.007750396
28/04/2011,24.61,0.026349816
27/04/2011,23.97,-0.005408792
26/04/2011,24.1,0.011266549
25/04/2011,23.83,-0.014994034
21/04/2011,24.19,0.013735908
20/04/2011,23.86,0.007572607
19/04/2011,23.68,0
18/04/2011,23.68,-0.032817067
15/04/2011,24.47,0.00409501
14/04/2011,24.37,-0.014259765
13/04/2011,24.72,-0.004439967
12/04/2011,24.83,-0.006022905
11/04/2011,24.98,-0.008371586
08/04/2011,25.19,0.001986887
07/04/2011,25.14,0.015634714
06/04/2011,24.75,-0.011249616
05/04/2011,25.03,0.001199281
04/04/2011,25,0.008838949
01/04/2011,24.78,0.007290433
31/03/2011,24.6,0.039383328
30/03/2011,23.65,-0.008001727
29/03/2011,23.84,0.020767858
28/03/2011,23.35,0.00989894
25/03/2011,23.12,0.007815932
24/03/2011,22.94,0.008756623
23/03/2011,22.74,0
22/03/2011,22.74,0.000879894
21/03/2011,22.72,0.033567707
18/03/2011,21.97,0.002278424
17/03/2011,21.92,0.005030882
16/03/2011,21.81,-0.019973428
15/03/2011,22.25,0.001349224
14/03/2011,22.22,0
11/03/2011,22.22,-0.005386009
10/03/2011,22.34,-0.027810223
09/03/2011,22.97,-0.009963262
08/03/2011,23.2,0.017830435
07/03/2011,22.79,-0.006996093
04/03/2011,22.95,-0.006514681
03/03/2011,23.1,0.033006296
02/03/2011,22.35,-0.002680967
01/03/2011,22.41,-0.041089696
28/02/2011,23.35,0.003002361
25/02/2011,23.28,0.013405606
24/02/2011,22.97,-0.019401341
23/02/2011,23.42,-0.016095223
22/02/2011,23.8,-0.03509132
18/02/2011,24.65,0.052040878
17/02/2011,23.4,0.015504187
16/02/2011,23.04,0.009156375
15/02/2011,22.83,-0.006113556
14/02/2011,22.97,-0.011685915
11/02/2011,23.24,0.001722653
10/02/2011,23.2,-0.009011003
09/02/2011,23.41,-0.011889737
08/02/2011,23.69,0.003806306
07/02/2011,23.6,0.006802747
04/02/2011,23.44,0.009429988
03/02/2011,23.22,0.010389704
02/02/2011,22.98,-0.01297035
01/02/2011,23.28,0.015584731
31/01/2011,22.92,0.004810856
28/01/2011,22.81,-0.025964245
27/01/2011,23.41,0.01419684
26/01/2011,23.08,0.002603038
25/01/2011,23.02,0.002174387
24/01/2011,22.97,0.012264718
21/01/2011,22.69,0
20/01/2011,22.69,-0.024810848
19/01/2011,23.26,-0.014935204
18/01/2011,23.61,0.001695634
14/01/2011,23.57,0.026221145
13/01/2011,22.96,0.030064156
12/01/2011,22.28,0.004949391
11/01/2011,22.17,0.001354096
10/01/2011,22.14,0.000903751
07/01/2011,22.12,-0.001806685
06/01/2011,22.16,-0.000451162
05/01/2011,22.17,0.005427422
04/01/2011,22.05,-0.00497626
03/01/2011,22.16,0.015461881
31/12/2010,21.82,-0.004572482
30/12/2010,21.92,-0.003188342
29/12/2010,21.99,-0.001817356
28/12/2010,22.03,-0.007687128
27/12/2010,22.2,0.013605652
23/12/2010,21.9,-0.002280503
22/12/2010,21.95,0.016073825
21/12/2010,21.6,-0.000925498
20/12/2010,21.62,-0.003693448
17/12/2010,21.7,0.003693448
16/12/2010,21.62,0.033869653
15/12/2010,20.9,0.007202912
14/12/2010,20.75,-0.015778477
13/12/2010,21.08,-0.001422138
10/12/2010,21.11,0.008085656
09/12/2010,20.94,0.014430265
08/12/2010,20.64,0.000969462
07/12/2010,20.62,0.009746666
06/12/2010,20.42,-0.006346128
03/12/2010,20.55,-0.003400538
02/12/2010,20.62,0.022065127
01/12/2010,20.17,0.025610237
30/11/2010,19.66,-0.009113987
29/11/2010,19.84,0.004546611
26/11/2010,19.75,-0.001012146
24/11/2010,19.77,0.005579522
23/11/2010,19.66,-0.015645033
22/11/2010,19.97,-0.010460867
19/11/2010,20.18,-0.000990589
18/11/2010,20.2,0.032707318
17/11/2010,19.55,-0.008150835
16/11/2010,19.71,-0.019593694
15/11/2010,20.1,-0.001491425
12/11/2010,20.13,-0.027439252
11/11/2010,20.69,-0.012010714
10/11/2010,20.94,0
09/11/2010,20.94,-0.004288784
08/11/2010,21.03,0.010997003
05/11/2010,20.8,-0.015740845
04/11/2010,21.13,0.02978126
03/11/2010,20.51,-0.024561793
02/11/2010,21.02,0.004768726
01/11/2010,20.92,-0.010934266
29/10/2010,21.15,-0.007067167
28/10/2010,21.3,-0.020446809
27/10/2010,21.74,-0.009613258
26/10/2010,21.95,-0.005452081
25/10/2010,22.07,0.004086271
22/10/2010,21.98,0.016976778
21/10/2010,21.61,-0.013330466
20/10/2010,21.9,0.014719677
19/10/2010,21.58,-0.025167194
18/10/2010,22.13,0.00407517
15/10/2010,22.04,-0.002718624
14/10/2010,22.1,-0.00451468
13/10/2010,22.2,-0.000900495
12/10/2010,22.22,0.00405863
11/10/2010,22.13,0.002261933
08/10/2010,22.08,0.0104713
07/10/2010,21.85,0.006427938
06/10/2010,21.71,-0.020515878
05/10/2010,22.16,0.031166592
04/10/2010,21.48,-0.003253547
01/10/2010,21.55,-0.005091425
30/09/2010,21.66,-0.002766253
29/09/2010,21.72,0.015309972
28/09/2010,21.39,-0.001868286
27/09/2010,21.43,0.009847676
24/09/2010,21.22,0.029653057
23/09/2010,20.6,-0.012542374
22/09/2010,20.86,-0.007165065
21/09/2010,21.01,-0.008058825
20/09/2010,21.18,0.013786765
17/09/2010,20.89,0.026681185
16/09/2010,20.34,-0.003925422
15/09/2010,20.42,0.007866314
14/09/2010,20.26,-0.001479655
13/09/2010,20.29,0.002467309
10/09/2010,20.24,0.002968829
09/09/2010,20.18,0.029672783
08/09/2010,19.59,0.043292288
07/09/2010,18.76,-0.017961391
03/09/2010,19.1,0.020630195
02/09/2010,18.71,-0.002668803
01/09/2010,18.76,0.046367728
31/08/2010,17.91,0.012925159
30/08/2010,17.68,-0.027337825
27/08/2010,18.17,0.029036099
26/08/2010,17.65,-0.008462674
25/08/2010,17.8,0.021579486
24/08/2010,17.42,-0.005153175
23/08/2010,17.51,-0.00682985
20/08/2010,17.63,-0.00621998
19/08/2010,17.74,-0.025050016
18/08/2010,18.19,0.001650619
17/08/2010,18.16,0.017778246
16/08/2010,17.84,-0.008928631
13/08/2010,18,0.00055571
12/08/2010,17.99,-0.008303397
11/08/2010,18.14,-0.033607499
10/08/2010,18.76,0.026466573
09/08/2010,18.27,0.015444322
06/08/2010,17.99,-0.015444322
05/08/2010,18.27,-0.005458529
04/08/2010,18.37,0.029836467
03/08/2010,17.83,-0.017788129
02/08/2010,18.15,0.023412441
30/07/2010,17.73,-0.006185007
29/07/2010,17.84,0.007878488
28/07/2010,17.7,-0.010677258
27/07/2010,17.89,-0.012222374
26/07/2010,18.11,0.01895263
23/07/2010,17.77,0.014168557
22/07/2010,17.52,0.026020549
21/07/2010,17.07,-0.020870323
20/07/2010,17.43,0.030287697
19/07/2010,16.91,0.006526277
16/07/2010,16.8,-0.04822311
15/07/2010,17.63,0.006258911
14/07/2010,17.52,-0.005691535
13/07/2010,17.62,0.009694972
12/07/2010,17.45,0.002869442
09/07/2010,17.4,0.019733664
08/07/2010,17.06,0.008831379
07/07/2010,16.91,0.050328899
06/07/2010,16.08,0.006864302
02/07/2010,15.97,-0.005619746
01/07/2010,16.06,0.003118182
30/06/2010,16.01,-0.009944147
29/06/2010,16.17,-0.050643733
28/06/2010,17.01,-0.022093922
25/06/2010,17.39,0.026808132
24/06/2010,16.93,-0.030252453
23/06/2010,17.45,-0.002861232
22/06/2010,17.5,-0.015310761
21/06/2010,17.77,-0.012304406
18/06/2010,17.99,0.000556019
17/06/2010,17.98,0.012874513
16/06/2010,17.75,-0.006737813
15/06/2010,17.87,0.042875958
14/06/2010,17.12,-0.013345136
11/06/2010,17.35,0.012177593
10/06/2010,17.14,0.036238001
09/06/2010,16.53,0.015853991
08/06/2010,16.27,0.018610959
07/06/2010,15.97,-0.027178943
04/06/2010,16.41,-0.050500781
03/06/2010,17.26,-0.006928434
02/06/2010,17.38,0.030969463
01/06/2010,16.85,-0.044116266
28/05/2010,17.61,-0.032954672
27/05/2010,18.2,0.050715093
26/05/2010,17.3,0.000578202
25/05/2010,17.29,0.016914956
24/05/2010,17,-0.021531236
21/05/2010,17.37,0.018008038
20/05/2010,17.06,-0.05474571
19/05/2010,18.02,-0.007188309
18/05/2010,18.15,-0.027175585
17/05/2010,18.65,-0.008010724
14/05/2010,18.8,-0.026248226
13/05/2010,19.3,-0.011334485
12/05/2010,19.52,0.084406724
11/05/2010,17.94,-0.016035732
10/05/2010,18.23,0.054676903
07/05/2010,17.26,-0.019507216
06/05/2010,17.6,-0.021917146
05/05/2010,17.99,0.046652373
04/05/2010,17.17,-0.035472827
03/05/2010,17.79,-0.000561956
30/04/2010,17.8,-0.02988601
29/04/2010,18.34,0.005467482
28/04/2010,18.24,-0.022765211
27/04/2010,18.66,-0.055758125
26/04/2010,19.73,-0.011589951
23/04/2010,19.96,0.00401607
22/04/2010,19.88,-0.000502892
21/04/2010,19.89,-0.005015056
20/04/2010,19.99,0.023792568
19/04/2010,19.52,-0.010193768
16/04/2010,19.72,-0.022067094
15/04/2010,20.16,-0.007412932
14/04/2010,20.31,0.026947738
13/04/2010,19.77,0.02873466
12/04/2010,19.21,0.006266339
09/04/2010,19.09,-0.011458459
08/04/2010,19.31,-0.008251723
07/04/2010,19.47,-0.004611845
06/04/2010,19.56,0.010277583
05/04/2010,19.36,0.011951298
01/04/2010,19.13,0.012095861
31/03/2010,18.9,0.012243965
30/03/2010,18.67,-0.007470686
29/03/2010,18.81,-0.004244038
26/03/2010,18.89,0.000529521
25/03/2010,18.88,-0.003172927
24/03/2010,18.94,-0.005265942
23/03/2010,19.04,0.013217216
22/03/2010,18.79,-0.002126529
19/03/2010,18.83,-0.025689486
18/03/2010,19.32,-0.007220248
17/03/2010,19.46,0.014493007
16/03/2010,19.18,0.021075596
15/03/2010,18.78,0
12/03/2010,18.78,0.00106553
11/03/2010,18.76,-0.009021022
10/03/2010,18.93,-0.016763096
09/03/2010,19.25,-0.005181359
08/03/2010,19.35,0.000516929
05/03/2010,19.34,0.004145084
04/03/2010,19.26,0.007818648
03/03/2010,19.11,0.015823115
02/03/2010,18.81,0.01230291
01/03/2010,18.58,0.016825363
26/02/2010,18.27,-0.001640689
25/02/2010,18.3,-0.004905979
24/02/2010,18.39,0.019215524
23/02/2010,18.04,-0.019215524
22/02/2010,18.39,-0.001629992
19/02/2010,18.42,0.003262646
18/02/2010,18.36,0.017582871
17/02/2010,18.04,-0.00221484
16/02/2010,18.08,0.024637304
12/02/2010,17.64,0.00113443
11/02/2010,17.62,0.037587541
10/02/2010,16.97,-0.002942044
09/02/2010,17.02,0.030422865
08/02/2010,16.51,0.003033063
05/02/2010,16.46,0.00304229
04/02/2010,16.41,-0.043524008
03/02/2010,17.14,-0.011024191
02/02/2010,17.33,0.026309615
01/02/2010,16.88,0.006537913
29/01/2010,16.77,0.001193318
28/01/2010,16.75,-0.014226677
27/01/2010,16.99,0.014823871
26/01/2010,16.74,0
25/01/2010,16.74,0.015653541
22/01/2010,16.48,-0.050868447
21/01/2010,17.34,-0.010327114
20/01/2010,17.52,-0.005123837
19/01/2010,17.61,0.029973425
15/01/2010,17.09,-0.021419053
14/01/2010,17.46,-0.002859596
13/01/2010,17.51,0.008603437
12/01/2010,17.36,-0.051638857
11/01/2010,18.28,0.004385972
08/01/2010,18.2,-0.010929071
07/01/2010,18.4,0
06/01/2010,18.4,-0.010273137
05/01/2010,18.59,-0.006968669
04/01/2010,18.72,0.021053409
31/12/2009,18.33,-0.004354933
30/12/2009,18.41,-0.010267585
29/12/2009,18.6,-0.013881696
28/12/2009,18.86,-0.004760654
24/12/2009,18.95,0.011677415
23/12/2009,18.73,-0.00053376
22/12/2009,18.74,0.006424005
21/12/2009,18.62,0.022265378
18/12/2009,18.21,0.007717789
17/12/2009,18.07,-0.013194254
16/12/2009,18.31,-0.001091703
15/12/2009,18.33,-0.019984462
14/12/2009,18.7,0.029852963
11/12/2009,18.15,0.00165426
10/12/2009,18.12,0.014452725
09/12/2009,17.86,0.006741599
08/12/2009,17.74,-0.018431128
07/12/2009,18.07,-0.007717789
04/12/2009,18.21,0.006611594
03/12/2009,18.09,-0.017534696
02/12/2009,18.41,0.014223435
01/12/2009,18.15,-0.008776798
30/11/2009,18.31,0.033882719
27/11/2009,17.7,-0.03442872
25/11/2009,18.32,-0.003269758
24/11/2009,18.38,0.006550242
23/11/2009,18.26,0.014341117
20/11/2009,18,-0.000555401
19/11/2009,18.01,0.008923651
18/11/2009,17.85,-0.009478744
17/11/2009,18.02,0.005564845
16/11/2009,17.92,0.026577759
13/11/2009,17.45,0.001146789
12/11/2009,17.43,-0.033289393
11/11/2009,18.02,0.01116083
10/11/2009,17.82,-0.006711435
09/11/2009,17.94,0.040961358
06/11/2009,17.22,0.037271395
05/11/2009,16.59,0.025642431
04/11/2009,16.17,-0.008007434
03/11/2009,16.3,-0.006725797
02/11/2009,16.41,0
30/10/2009,16.41,-0.056853675
29/10/2009,17.37,0.067883199
28/10/2009,16.23,-0.024346912
27/10/2009,16.63,-0.002402404
26/10/2009,16.67,-0.03013522
23/10/2009,17.18,-0.047181243
22/10/2009,18.01,0.022460237
21/10/2009,17.61,-0.004532586
20/10/2009,17.69,-0.017927651
19/10/2009,18.01,0.007244389
16/10/2009,17.88,-0.029211225
15/10/2009,18.41,-0.007575794
14/10/2009,18.55,0.049167594
13/10/2009,17.66,-0.016844868
12/10/2009,17.96,0.008386966
09/10/2009,17.81,-0.003363232
08/10/2009,17.87,0.020922448
07/10/2009,17.5,-0.005698021
06/10/2009,17.6,0.016036999
05/10/2009,17.32,0.031674202
02/10/2009,16.78,-0.00059577
01/10/2009,16.79,-0.039129079
30/09/2009,17.46,0.006320044
29/09/2009,17.35,-0.023356231
28/09/2009,17.76,0.052004785
25/09/2009,16.86,0.013134517
24/09/2009,16.64,0.015138043
23/09/2009,16.39,-0.035364788
22/09/2009,16.98,0.017226443
21/09/2009,16.69,-0.011911993
18/09/2009,16.89,-0.030323023
17/09/2009,17.41,-0.037208351
16/09/2009,18.07,0.038932985
15/09/2009,17.38,0.025642431
14/09/2009,16.94,-0.002358492
11/09/2009,16.98,0.002358492
10/09/2009,16.94,-0.005885832
09/09/2009,17.04,0.002938586
08/09/2009,16.99,0.008274279
04/09/2009,16.85,0.005355562
03/09/2009,16.76,0.017454551
02/09/2009,16.47,0.026454942
01/09/2009,16.04,-0.078506904
31/08/2009,17.35,0.007521007
28/08/2009,17.22,0.026479923
27/08/2009,16.77,-0.007722046
26/08/2009,16.9,0.001776725
25/08/2009,16.87,0.031308999
24/08/2009,16.35,0.036118496
21/08/2009,15.77,0.0500592
20/08/2009,15,0.010050336
19/08/2009,14.85,-0.027890254
18/08/2009,15.27,0.044868591
17/08/2009,14.6,-0.02969179
14/08/2009,15.04,0.012713453
13/08/2009,14.85,0.032161513
12/08/2009,14.38,0.032511697
11/08/2009,13.92,-0.052477937
10/08/2009,14.67,-0.020911386
07/08/2009,14.98,0.061960627
06/08/2009,14.08,-0.034895376
05/08/2009,14.58,-0.013624189
04/08/2009,14.78,0.03022208
03/08/2009,14.34,0.018297484
31/07/2009,14.08,0.030283497
30/07/2009,13.66,-0.00656697
29/07/2009,13.75,0.011704596
28/07/2009,13.59,-0.01678259
27/07/2009,13.82,0.015312002
24/07/2009,13.61,0.008856146
23/07/2009,13.49,0.047826951
22/07/2009,12.86,0.021218871
21/07/2009,12.59,-0.017323268
20/07/2009,12.81,0.029309029
17/07/2009,12.44,-0.004011237
16/07/2009,12.49,0.009654138
15/07/2009,12.37,0.044635508
14/07/2009,11.83,-0.008417558
13/07/2009,11.93,0.076625808
10/07/2009,11.05,-0.02148695
09/07/2009,11.29,0.014273213
08/07/2009,11.13,0.010840215
07/07/2009,11.01,-0.039185779
06/07/2009,11.45,0.017621601
02/07/2009,11.25,-0.085973802
01/07/2009,12.26,0.067479219
30/06/2009,11.46,-0.002614381
29/06/2009,11.49,0.057312012
26/06/2009,10.85,-0.029066533
25/06/2009,11.17,0.033685479
24/06/2009,10.8,-0.000925498
23/06/2009,10.81,0.028144447
22/06/2009,10.51,-0.066261584
19/06/2009,11.23,0.028908969
18/06/2009,10.91,0.037352615
17/06/2009,10.51,-0.007582975
16/06/2009,10.59,-0.041614881
15/06/2009,11.04,-0.052062926
12/06/2009,11.63,-0.015358664
11/06/2009,11.81,-0.027559155
10/06/2009,12.14,0.077026941
09/06/2009,11.24,0.027967542
08/06/2009,10.93,0.024075237
05/06/2009,10.67,0.023709029
04/06/2009,10.42,0.06236558
03/06/2009,9.79,-0.051752841
02/06/2009,10.31,-0.00676658
01/06/2009,10.38,0.025367214
29/05/2009,10.12,0.008933062
28/05/2009,10.03,0.024219145
27/05/2009,9.79,-0.026211178
26/05/2009,10.05,0.019086466
22/05/2009,9.86,-0.001013685
21/05/2009,9.87,0.013258736
20/05/2009,9.74,-0.027343476
19/05/2009,10.01,-0.013889112
18/05/2009,10.15,0.128057311
15/05/2009,8.93,-0.050228898
14/05/2009,9.39,0.09371401
13/05/2009,8.55,-0.106412594
12/05/2009,9.51,-0.051240717
11/05/2009,10.01,-0.105160695
08/05/2009,11.12,0.101172654
07/05/2009,10.05,-0.046655692
06/05/2009,10.53,0.036754621
05/05/2009,10.15,-0.065769291
04/05/2009,10.84,0.096787285
01/05/2009,9.84,0.034111835
30/04/2009,9.51,0.035316672
29/04/2009,9.18,0.103184236
28/04/2009,8.28,-0.023867481
27/04/2009,8.48,-0.055059777
24/04/2009,8.96,0.080135718
23/04/2009,8.27,0.089763319
22/04/2009,7.56,-0.03509132
21/04/2009,7.83,0.097867726
20/04/2009,7.1,-0.139149385
17/04/2009,8.16,0.016059641
16/04/2009,8.03,0.055036281
15/04/2009,7.6,0.044391956
14/04/2009,7.27,-0.111804632
13/04/2009,8.13,0.056941376
09/04/2009,7.68,0.204439362
08/04/2009,6.26,0.095469937
07/04/2009,5.69,-0.036242103
06/04/2009,5.9,-0.038242399
03/04/2009,6.13,0.021435281
02/04/2009,6,0.039087389
01/04/2009,5.77,0.055223291
31/03/2009,5.46,0.029741969
30/03/2009,5.3,-0.155228266
27/03/2009,6.19,0.029510338
26/03/2009,6.01,0.037292457
25/03/2009,5.79,0.073443917
24/03/2009,5.38,-0.056021874
23/03/2009,5.69,0.294146979
20/03/2009,4.24,-0.158856571
19/03/2009,4.97,-0.029734599
18/03/2009,5.12,0.217301276
17/03/2009,4.12,0.123869482
16/03/2009,3.64,-0.091807549
13/03/2009,3.99,0.015151805
12/03/2009,3.93,0.121607132
11/03/2009,3.48,-0.055880458
10/03/2009,3.68,0.136641815
09/03/2009,3.21,0.084465767
06/03/2009,2.95,0.020548668
05/03/2009,2.89,-0.12658692
04/03/2009,3.28,0.050010421
03/03/2009,3.12,-0.037740328
02/03/2009,3.24,-0.02137486
27/02/2009,3.31,-0.014992785
26/02/2009,3.36,-0.052185753
25/02/2009,3.54,-0.07087434
24/02/2009,3.8,0.17811987
23/02/2009,3.18,-0.060994513
20/02/2009,3.38,-0.037740328
19/02/2009,3.51,-0.060792196
18/02/2009,3.73,0.060792196
17/02/2009,3.51,-0.205321867
13/02/2009,4.31,-0.009237941
12/02/2009,4.35,-0.073122265
11/02/2009,4.68,0.478587373
10/02/2009,2.9,-0.156119184
09/02/2009,3.39,0.112267302
06/02/2009,3.03,0.043851883
05/02/2009,2.9,0.082632265
04/02/2009,2.67,-0.003738322
03/02/2009,2.68,-0.025784117
02/02/2009,2.75,-0.053109825
30/01/2009,2.9,-0.09217046
29/01/2009,3.18,-0.172842813
28/01/2009,3.78,0.138836445
27/01/2009,3.29,0
26/01/2009,3.29,-0.009077218
23/01/2009,3.32,0.098024704
22/01/2009,3.01,-0.073633251
21/01/2009,3.24,0.117783036
20/01/2009,2.88,-0.099090903
16/01/2009,3.18,0.019048195
15/01/2009,3.12,-0.100541229
14/01/2009,3.45,-0.086044726
13/01/2009,3.76,0.013387081
12/01/2009,3.71,-0.147583146
09/01/2009,4.3,-0.006952519
08/01/2009,4.33,0.030483017
07/01/2009,4.2,0.028987537
06/01/2009,4.08,0.084341148
05/01/2009,3.75,
