Date,Close,ZION
04/04/2014,31.37,-0.008570121
03/04/2014,31.64,-0.001579031
02/04/2014,31.69,0.014942259
01/04/2014,31.22,0.00771708
31/03/2014,30.98,0.02252421
28/03/2014,30.29,0.015303027
27/03/2014,29.83,-0.012327326
26/03/2014,30.2,-0.013158085
25/03/2014,30.6,0.009522318
24/03/2014,30.31,-0.030221634
21/03/2014,31.24,-0.05450516
20/03/2014,32.99,0.031406522
19/03/2014,31.97,0.017035112
18/03/2014,31.43,0.000636537
17/03/2014,31.41,0.001912046
14/03/2014,31.35,-0.00095648
13/03/2014,31.38,-0.002228236
12/03/2014,31.45,-0.000635728
11/03/2014,31.47,-0.001587554
10/03/2014,31.52,-0.001585038
07/03/2014,31.57,0.003808319
06/03/2014,31.45,0.004142112
05/03/2014,31.32,-0.002869442
04/03/2014,31.41,0.01572309
03/03/2014,30.92,-0.009014871
28/02/2014,31.2,0.013228133
27/02/2014,30.79,0.008480155
26/02/2014,30.53,0.008883098
25/02/2014,30.26,-0.000990917
24/02/2014,30.29,0.012624752
21/02/2014,29.91,0.002678274
20/02/2014,29.83,-0.009674804
19/02/2014,30.12,-0.026213821
18/02/2014,30.92,0.00064704
14/02/2014,30.9,0.018618862
13/02/2014,30.33,0.00761215
12/02/2014,30.1,0.005998019
11/02/2014,29.92,0.012105057
10/02/2014,29.56,0.021542977
07/02/2014,28.93,-0.003795071
06/02/2014,29.04,0.010732317
05/02/2014,28.73,0.0052347
04/02/2014,28.58,0.023722125
03/02/2014,27.91,-0.02965272
31/01/2014,28.75,-0.020654779
30/01/2014,29.35,0.005809003
29/01/2014,29.18,-0.019681667
28/01/2014,29.76,-0.005696112
27/01/2014,29.93,-0.009973487
24/01/2014,30.23,-0.030300412
23/01/2014,31.16,-0.01970194
22/01/2014,31.78,0.00980245
21/01/2014,31.47,0.042518168
17/01/2014,30.16,0.011337234
16/01/2014,29.82,-0.012000144
15/01/2014,30.18,0.017043019
14/01/2014,29.67,0.000674309
13/01/2014,29.65,-0.013733259
10/01/2014,30.06,-0.005308573
09/01/2014,30.22,0.007306575
08/01/2014,30,0.008704441
07/01/2014,29.74,0.003030816
06/01/2014,29.65,-0.007057667
03/01/2014,29.86,0.007057667
02/01/2014,29.65,-0.010401033
31/12/2013,29.96,0.003678319
30/12/2013,29.85,0.002012073
27/12/2013,29.79,-0.001677009
26/12/2013,29.84,0
24/12/2013,29.84,0.004029555
23/12/2013,29.72,0.016966814
20/12/2013,29.22,0
19/12/2013,29.22,0.013783816
18/12/2013,28.82,0.0263682
17/12/2013,28.07,-0.017305747
16/12/2013,28.56,0.003156236
13/12/2013,28.47,-0.0108298
12/12/2013,28.78,0.009075106
11/12/2013,28.52,-0.02698192
10/12/2013,29.3,-0.012548918
09/12/2013,29.67,-0.002020203
06/12/2013,29.73,0.01935873
05/12/2013,29.16,-0.003423488
04/12/2013,29.26,0.013072082
03/12/2013,28.88,-0.011019395
02/12/2013,29.2,-0.004442174
29/11/2013,29.33,-0.00544034
27/11/2013,29.49,0.011939422
26/11/2013,29.14,-0.010582109
25/11/2013,29.45,0.00203943
22/11/2013,29.39,0.010603828
21/11/2013,29.08,0.028249481
20/11/2013,28.27,0.002124647
19/11/2013,28.21,-0.023126469
18/11/2013,28.87,-0.011365716
15/11/2013,29.2,0.002743486
14/11/2013,29.12,0.00447428
13/11/2013,28.99,0.003455428
12/11/2013,28.89,-0.011015602
11/11/2013,29.21,-0.014613684
08/11/2013,29.64,0.048385388
07/11/2013,28.24,-0.021717141
06/11/2013,28.86,0.005907923
05/11/2013,28.69,0.010159485
04/11/2013,28.4,-0.000703978
01/11/2013,28.42,0.000703978
31/10/2013,28.4,-0.00105578
30/10/2013,28.43,-0.000351679
29/10/2013,28.44,-0.005260401
28/10/2013,28.59,0.002802103
25/10/2013,28.51,0.001404002
24/10/2013,28.47,0.012014279
23/10/2013,28.13,0.009285781
22/10/2013,27.87,-0.068968951
21/10/2013,29.86,-0.001673081
18/10/2013,29.91,0.021629772
17/10/2013,29.27,0.008577853
16/10/2013,29.02,0.019837087
15/10/2013,28.45,-0.003158451
14/10/2013,28.54,0.007738343
11/10/2013,28.32,0.012793351
10/10/2013,27.96,0.039020447
09/10/2013,26.89,-0.00334138
08/10/2013,26.98,-0.004806813
07/10/2013,27.11,-0.026571172
04/10/2013,27.84,0.027678387
03/10/2013,27.08,-0.007724887
02/10/2013,27.29,-0.024254583
01/10/2013,27.96,0.019502243
30/09/2013,27.42,0.003287674
27/09/2013,27.33,0.002564574
26/09/2013,27.26,-0.0127576
25/09/2013,27.61,0
24/09/2013,27.61,-0.000362122
23/09/2013,27.62,-0.012592359
20/09/2013,27.97,0.00035759
19/09/2013,27.96,-0.02786285
18/09/2013,28.75,-0.023376795
17/09/2013,29.43,0.004768401
16/09/2013,29.29,0.010295218
13/09/2013,28.99,0.001380739
12/09/2013,28.95,-0.004480449
11/09/2013,29.08,-0.004460464
10/09/2013,29.21,0.007560173
09/09/2013,28.99,0.011099663
06/09/2013,28.67,-0.009027839
05/09/2013,28.93,0.018137923
04/09/2013,28.41,0.002114166
03/09/2013,28.35,0.013494523
30/08/2013,27.97,-0.013494523
29/08/2013,28.35,0.006724499
28/08/2013,28.16,0.008559253
27/08/2013,27.92,-0.045167839
26/08/2013,29.21,-0.00886168
23/08/2013,29.47,-0.004739345
22/08/2013,29.61,0.013258736
21/08/2013,29.22,-0.010891871
20/08/2013,29.54,0.028499783
19/08/2013,28.71,-0.005211059
16/08/2013,28.86,0.004862809
15/08/2013,28.72,-0.016917372
14/08/2013,29.21,0.002056204
13/08/2013,29.15,-0.015657229
12/08/2013,29.61,0.004060919
09/08/2013,29.49,-0.001016777
08/08/2013,29.52,0.016049516
07/08/2013,29.05,-0.011295687
06/08/2013,29.38,-0.018212982
05/08/2013,29.92,-0.00765777
02/08/2013,30.15,0
01/08/2013,30.15,0.017060123
31/07/2013,29.64,0.012903405
30/07/2013,29.26,0.002052686
29/07/2013,29.2,-0.011915035
26/07/2013,29.55,-0.005063302
25/07/2013,29.7,-0.012048339
24/07/2013,30.06,0.005336904
23/07/2013,29.9,-0.030954068
22/07/2013,30.84,0.009447863
19/07/2013,30.55,0.007557125
18/07/2013,30.32,0.025047227
17/07/2013,29.57,0
16/07/2013,29.57,-0.025047227
15/07/2013,30.32,0.011610679
12/07/2013,29.97,0.021245109
11/07/2013,29.34,-0.016898003
10/07/2013,29.84,-0.020564572
09/07/2013,30.46,-0.022720874
08/07/2013,31.16,0.006116227
05/07/2013,30.97,0.042208705
03/07/2013,29.69,0.005065012
02/07/2013,29.54,0.006452731
01/07/2013,29.35,0.014759149
28/06/2013,28.92,-0.010662182
27/06/2013,29.23,0.005488865
26/06/2013,29.07,0.020504628
25/06/2013,28.48,0.023806418
24/06/2013,27.81,-0.003589379
21/06/2013,27.91,0.016254647
20/06/2013,27.46,0.019489494
19/06/2013,26.93,-0.014012029
18/06/2013,27.31,0.009196313
17/06/2013,27.06,0.003702337
14/06/2013,26.96,-0.020922033
13/06/2013,27.53,0.014267665
12/06/2013,27.14,-0.025465181
11/06/2013,27.84,-0.001794366
10/06/2013,27.89,0.018820679
07/06/2013,27.37,0.016206616
06/06/2013,26.93,0.013834582
05/06/2013,26.56,-0.021970722
04/06/2013,27.15,-0.017525093
03/06/2013,27.63,-0.015799251
31/05/2013,28.07,-0.018705327
30/05/2013,28.6,0.017993077
29/05/2013,28.09,0
28/05/2013,28.09,0.021591339
24/05/2013,27.49,0.010237749
23/05/2013,27.21,0.000367579
22/05/2013,27.2,-0.013511252
21/05/2013,27.57,-0.004704188
20/05/2013,27.7,0.01125443
17/05/2013,27.39,0.019912162
16/05/2013,26.85,-0.004459316
15/05/2013,26.97,-0.003331486
14/05/2013,27.06,0.022422464
13/05/2013,26.46,0.011784968
10/05/2013,26.15,0.005368111
09/05/2013,26.01,0.000769231
08/05/2013,25.99,0.001154957
07/05/2013,25.96,0.010455081
06/05/2013,25.69,0.021243915
03/05/2013,25.15,0.020080996
02/05/2013,24.65,0.019251055
01/05/2013,24.18,-0.018033276
30/04/2013,24.62,0.004886003
29/04/2013,24.5,0.010668956
26/04/2013,24.24,-0.011892697
25/04/2013,24.53,0
24/04/2013,24.53,0.013131087
23/04/2013,24.21,0.02509542
22/04/2013,23.61,-0.004226549
19/04/2013,23.71,0.011452935
18/04/2013,23.44,0.000426712
17/04/2013,23.43,-0.014827639
16/04/2013,23.78,0.005059033
15/04/2013,23.66,-0.030797274
12/04/2013,24.4,-0.021889808
11/04/2013,24.94,0.013320076
10/04/2013,24.61,0.012676514
09/04/2013,24.3,0.007434978
08/04/2013,24.12,0.010000083
05/04/2013,23.88,-0.010828927
04/04/2013,24.14,0.010828927
03/04/2013,23.88,-0.024815169
02/04/2013,24.48,-0.012180419
01/04/2013,24.78,-0.008438869
28/03/2013,24.99,-0.00040008
27/03/2013,25,-0.005982072
26/03/2013,25.15,0
25/03/2013,25.15,-0.002779434
22/03/2013,25.22,0.002381899
21/03/2013,25.16,-0.011067307
20/03/2013,25.44,0.005518343
19/03/2013,25.3,0.001186474
18/03/2013,25.27,-0.011410708
15/03/2013,25.56,-0.006628997
14/03/2013,25.73,0.00584683
13/03/2013,25.58,0.004309507
12/03/2013,25.47,-0.006262251
11/03/2013,25.63,0.012959145
08/03/2013,25.3,0.001582279
07/03/2013,25.26,0.007151401
06/03/2013,25.08,0.023397598
05/03/2013,24.5,0.011907347
04/03/2013,24.21,0.007046661
01/03/2013,24.04,-0.00456527
28/02/2013,24.15,0.001657688
27/02/2013,24.11,0.014623198
26/02/2013,23.76,0.005063302
25/02/2013,23.64,-0.016778917
22/02/2013,24.04,0.012979039
21/02/2013,23.73,-0.017130145
20/02/2013,24.14,-0.022528088
19/02/2013,24.69,0.014277216
15/02/2013,24.34,-0.011844125
14/02/2013,24.63,-0.004456155
13/02/2013,24.74,0.010156496
12/02/2013,24.49,0.0114991
11/02/2013,24.21,0.002895555
08/02/2013,24.14,0.007484442
07/02/2013,23.96,-0.003333336
06/02/2013,24.04,0
05/02/2013,24.04,0.017625299
04/02/2013,23.62,-0.013039091
01/02/2013,23.93,0.02582154
31/01/2013,23.32,-0.00938974
30/01/2013,23.54,0.034575614
29/01/2013,22.74,-0.006574646
28/01/2013,22.89,-0.003924138
25/01/2013,22.98,0.011818916
24/01/2013,22.71,0.005740797
23/01/2013,22.58,-0.005300366
22/01/2013,22.7,0.006629859
18/01/2013,22.55,0.002219757
17/01/2013,22.5,0.008480301
16/01/2013,22.31,0.011722407
15/01/2013,22.05,0.008654119
14/01/2013,21.86,0.005044725
11/01/2013,21.75,-0.009153382
10/01/2013,21.95,0.004566218
09/01/2013,21.85,-0.010924096
08/01/2013,22.09,-0.020166491
07/01/2013,22.54,-0.004868343
04/01/2013,22.65,0.028208721
03/01/2013,22.02,0.001363327
02/01/2013,21.99,0.027196883
31/12/2012,21.4,0.01269709
28/12/2012,21.13,-0.006133541
27/12/2012,21.26,0.000470478
26/12/2012,21.25,-0.007501207
24/12/2012,21.41,-0.003729608
21/12/2012,21.49,-0.019811751
20/12/2012,21.92,0.01748779
19/12/2012,21.54,-0.002318573
18/12/2012,21.59,0.018229063
17/12/2012,21.2,0.028710106
14/12/2012,20.6,-0.000485319
13/12/2012,20.61,0.000485319
12/12/2012,20.6,0.005842276
11/12/2012,20.48,0.026219657
10/12/2012,19.95,0.005529041
07/12/2012,19.84,0.015236455
06/12/2012,19.54,-0.001534135
05/12/2012,19.57,-0.002041859
04/12/2012,19.61,-0.009137119
03/12/2012,19.79,-0.014049403
30/11/2012,20.07,-0.007446051
29/11/2012,20.22,0.008941937
28/11/2012,20.04,0.004000005
27/11/2012,19.96,-0.036886405
26/11/2012,20.71,0.002417212
23/11/2012,20.66,0.023507449
21/11/2012,20.18,0.007460865
20/11/2012,20.03,0.016105029
19/11/2012,19.71,0.008150835
16/11/2012,19.55,0.015464226
15/11/2012,19.25,-0.004147232
14/11/2012,19.33,-0.01591001
13/11/2012,19.64,-0.019163471
12/11/2012,20.02,-0.000499376
09/11/2012,20.03,-0.002493145
08/11/2012,20.08,-0.016300682
07/11/2012,20.41,-0.059442265
06/11/2012,21.66,0.009276504
05/11/2012,21.46,0.001865672
02/11/2012,21.42,-0.016667052
01/11/2012,21.78,0.013869848
31/10/2012,21.48,0.012178136
26/10/2012,21.22,-0.010314203
25/10/2012,21.44,0.00608189
24/10/2012,21.31,0.007536541
23/10/2012,21.15,-0.01408474
22/10/2012,21.45,0
19/10/2012,21.45,-0.001397624
18/10/2012,21.48,-0.026643744
17/10/2012,22.06,0.007279377
16/10/2012,21.9,-0.013605652
15/10/2012,22.2,0.00995934
12/10/2012,21.98,-0.024270854
11/10/2012,22.52,0.029745321
10/10/2012,21.86,0.004585061
09/10/2012,21.76,-0.002753558
08/10/2012,21.82,-0.007305969
05/10/2012,21.98,0.010059527
04/10/2012,21.76,0.027488337
03/10/2012,21.17,0.017151445
02/10/2012,20.81,0.000961539
01/10/2012,20.79,0.006272638
28/09/2012,20.66,0.001453137
27/09/2012,20.63,0.012683097
26/09/2012,20.37,0.001965603
25/09/2012,20.33,-0.033376738
24/09/2012,21.02,0.007161644
21/09/2012,20.87,0.003359734
20/09/2012,20.8,-0.016686919
19/09/2012,21.15,0.003789678
18/09/2012,21.07,-0.006150954
17/09/2012,21.2,-0.007050558
14/09/2012,21.35,0.019390534
13/09/2012,20.94,0.02416744
12/09/2012,20.44,0.020262616
11/09/2012,20.03,0.000999001
10/09/2012,20.01,-0.014388737
07/09/2012,20.3,0.028480566
06/09/2012,19.73,0.018931238
05/09/2012,19.36,0.001550789
04/09/2012,19.33,0.004147232
31/08/2012,19.25,0.002080084
30/08/2012,19.21,-0.004674119
29/08/2012,19.3,0.004674119
28/08/2012,19.21,0.007839079
27/08/2012,19.06,-0.004188488
24/08/2012,19.14,0.00681523
23/08/2012,19.01,-0.016693137
22/08/2012,19.33,-0.007730005
21/08/2012,19.48,-0.001026167
20/08/2012,19.5,-0.01020417
17/08/2012,19.7,0.024147076
16/08/2012,19.23,0.003646787
15/08/2012,19.16,0.018436129
14/08/2012,18.81,0.004262127
13/08/2012,18.73,-0.007446843
10/08/2012,18.87,-0.00896867
09/08/2012,19.04,0.000525348
08/08/2012,19.03,-0.00105042
07/08/2012,19.05,0.012146967
06/08/2012,18.82,-0.005827831
03/08/2012,18.93,0.04760228
02/08/2012,18.05,-0.012661881
01/08/2012,18.28,0.004385972
31/07/2012,18.2,-0.005479466
30/07/2012,18.3,-0.009788006
27/07/2012,18.48,0.021882711
26/07/2012,18.08,0.011123585
25/07/2012,17.88,-0.004464293
24/07/2012,17.96,-0.033400312
23/07/2012,18.57,-0.008579141
20/07/2012,18.73,-0.026864929
19/07/2012,19.24,-0.010855625
18/07/2012,19.45,0.001028807
17/07/2012,19.43,0.019751162
16/07/2012,19.05,0.001576044
13/07/2012,19.02,0.020181248
12/07/2012,18.64,-0.015438156
11/07/2012,18.93,0.007955491
10/07/2012,18.78,-0.016895861
09/07/2012,19.1,-0.015069134
06/07/2012,19.39,-0.001545994
05/07/2012,19.42,-0.014315173
03/07/2012,19.7,0.003559627
02/07/2012,19.63,0.010755545
29/06/2012,19.42,0.022390938
28/06/2012,18.99,-0.010997754
27/06/2012,19.2,0.021585466
26/06/2012,18.79,0.018260443
25/06/2012,18.45,-0.036193413
22/06/2012,19.13,0.00787199
21/06/2012,18.98,-0.033163661
20/06/2012,19.62,0.007674635
19/06/2012,19.47,0.03289255
18/06/2012,18.84,0.007458745
15/06/2012,18.7,0.018349139
14/06/2012,18.36,0.024815169
13/06/2012,17.91,-0.008893889
12/06/2012,18.07,0.019559159
11/06/2012,17.72,-0.037656719
08/06/2012,18.4,0.004903306
07/06/2012,18.31,-0.002182216
06/06/2012,18.35,0.029869477
05/06/2012,17.81,0.011293175
04/06/2012,17.61,-0.034052969
01/06/2012,18.22,-0.043496789
31/05/2012,19.03,0.015356404
30/05/2012,18.74,-0.023729033
29/05/2012,19.19,0.016815951
25/05/2012,18.87,0.00371649
24/05/2012,18.8,-0.016878038
23/05/2012,19.12,0.019007964
22/05/2012,18.76,0.009103142
21/05/2012,18.59,0.017363431
18/05/2012,18.27,-0.008719401
17/05/2012,18.43,-0.020408872
16/05/2012,18.81,-0.014252023
15/05/2012,19.08,-0.021260847
14/05/2012,19.49,-0.031812832
11/05/2012,20.12,0.011497252
10/05/2012,19.89,0.004535155
09/05/2012,19.8,-0.014540241
08/05/2012,20.09,0
07/05/2012,20.09,0.016056542
04/05/2012,19.77,-0.013564639
03/05/2012,20.04,-0.017804625
02/05/2012,20.4,-0.012664563
01/05/2012,20.66,0.013154879
30/04/2012,20.39,-0.012670735
27/04/2012,20.65,0.011200507
26/04/2012,20.42,0.01132738
25/04/2012,20.19,0.00645965
24/04/2012,20.06,-0.036705858
23/04/2012,20.81,0.013059436
20/04/2012,20.54,-0.018809332
19/04/2012,20.93,-0.011401549
18/04/2012,21.17,0
17/04/2012,21.17,0.017632098
16/04/2012,20.8,0.013065756
13/04/2012,20.53,-0.029279749
12/04/2012,21.14,0.014292764
11/04/2012,20.84,0.027239038
10/04/2012,20.28,-0.015655897
09/04/2012,20.6,-0.023033648
05/04/2012,21.08,0
04/04/2012,21.08,-0.02019322
03/04/2012,21.51,0.003726134
02/04/2012,21.43,-0.001398928
30/03/2012,21.46,-0.008814717
29/03/2012,21.65,-0.006904515
28/03/2012,21.8,0.006442728
27/03/2012,21.66,-0.014210645
26/03/2012,21.97,0.010984092
23/03/2012,21.73,0.011571525
22/03/2012,21.48,-0.027096951
21/03/2012,22.07,-0.005873069
20/03/2012,22.2,-0.019625964
19/03/2012,22.64,0.016028838
16/03/2012,22.28,0.006755261
15/03/2012,22.13,0.025167194
14/03/2012,21.58,0.099815215
13/03/2012,19.53,0.042893605
12/03/2012,18.71,-0.014854385
09/03/2012,18.99,0.015923903
08/03/2012,18.69,0.01944956
07/03/2012,18.33,0.020948947
06/03/2012,17.95,-0.032879674
05/03/2012,18.55,-0.016573488
02/03/2012,18.86,-0.006869248
01/03/2012,18.99,-0.000526454
29/02/2012,19,-0.011512424
28/02/2012,19.22,0.007834984
27/02/2012,19.07,0.00367744
24/02/2012,19,0.004748096
23/02/2012,18.91,0.006366069
22/02/2012,18.79,-0.037089652
21/02/2012,19.5,-0.018293193
17/02/2012,19.86,0.035882886
16/02/2012,19.16,0.034513646
15/02/2012,18.51,0.004874096
14/02/2012,18.42,-0.007032758
13/02/2012,18.55,0.00975089
10/02/2012,18.37,-0.007592227
09/02/2012,18.51,-0.003236249
08/02/2012,18.57,0.011917801
07/02/2012,18.35,0.01537647
06/02/2012,18.07,0.002216067
03/02/2012,18.03,0.040752668
02/02/2012,17.31,0.016895246
01/02/2012,17.02,0.011226115
31/01/2012,16.83,0.007155666
30/01/2012,16.71,-0.010714388
27/01/2012,16.89,0.018524581
26/01/2012,16.58,-0.055145936
25/01/2012,17.52,0.021344912
24/01/2012,17.15,-0.078471615
23/01/2012,18.55,-0.016043125
20/01/2012,18.85,0.00798939
19/01/2012,18.7,-0.00480129
18/01/2012,18.79,0.020974149
17/01/2012,18.4,-0.005420067
13/01/2012,18.5,-0.008075414
12/01/2012,18.65,0.008075414
11/01/2012,18.5,0.01799885
10/01/2012,18.17,0.016089113
09/01/2012,17.88,0.013513719
06/01/2012,17.64,0.00113443
05/01/2012,17.62,0.027619707
04/01/2012,17.14,0.021823337
03/01/2012,16.77,0.029654215
30/12/2011,16.28,-0.012210164
29/12/2011,16.48,0.023949563
28/12/2011,16.09,-0.019083374
27/12/2011,16.4,0.004277428
23/12/2011,16.33,0.011083857
22/12/2011,16.15,0.034008315
21/12/2011,15.61,0.01679626
20/12/2011,15.35,0.048041259
19/12/2011,14.63,-0.029631798
16/12/2011,15.07,0.010673884
15/12/2011,14.91,0.002014099
14/12/2011,14.88,-0.010695289
13/12/2011,15.04,-0.013866185
12/12/2011,15.25,-0.016260521
09/12/2011,15.5,0.016260521
08/12/2011,15.25,-0.046758437
07/12/2011,15.98,-0.021053409
06/12/2011,16.32,-0.031365659
05/12/2011,16.84,0.038128673
02/12/2011,16.21,0.019309227
01/12/2011,15.9,-0.011878852
30/11/2011,16.09,0.07014776
29/11/2011,15,-0.005319161
28/11/2011,15.08,0.022804476
25/11/2011,14.74,0.002717393
23/11/2011,14.7,-0.042616302
22/11/2011,15.34,-0.025741447
21/11/2011,15.74,-0.032502861
18/11/2011,16.26,0.004314336
17/11/2011,16.19,-0.028016449
16/11/2011,16.65,-0.004195391
15/11/2011,16.72,0.018714703
14/11/2011,16.41,-0.025272103
11/11/2011,16.83,0.033840087
10/11/2011,16.27,-0.009177183
09/11/2011,16.42,-0.066553846
08/11/2011,17.55,0.021308033
07/11/2011,17.18,0.007009374
04/11/2011,17.06,-0.020308212
03/11/2011,17.41,0.02089455
02/11/2011,17.05,0.022539507
01/11/2011,16.67,-0.040558012
31/10/2011,17.36,-0.049448275
28/10/2011,18.24,-0.002737478
27/10/2011,18.29,0.077858108
26/10/2011,16.92,0.011890747
25/10/2011,16.72,-0.072654421
24/10/2011,17.98,0.057223848
21/10/2011,16.98,0.023236077
20/10/2011,16.59,0.0103
19/10/2011,16.42,-0.03471324
18/10/2011,17,0.067523364
17/10/2011,15.89,-0.050317362
14/10/2011,16.71,-0.007749666
13/10/2011,16.84,-0.03213832
12/10/2011,17.39,0.044085893
11/10/2011,16.64,0.029889386
10/10/2011,16.15,0.045606383
07/10/2011,15.43,-0.028746789
06/10/2011,15.88,0.071109179
05/10/2011,14.79,0.00338639
04/10/2011,14.74,0.074629975
03/10/2011,13.68,-0.028820439
30/09/2011,14.08,-0.06662264
29/09/2011,15.05,0.020134908
28/09/2011,14.75,-0.057949062
27/09/2011,15.63,-0.011450507
26/09/2011,15.81,0.063990495
23/09/2011,14.83,0.006087269
22/09/2011,14.74,-0.041201841
21/09/2011,15.36,-0.064294351
20/09/2011,16.38,-0.001220256
19/09/2011,16.4,-0.054580568
16/09/2011,17.32,-0.008623221
15/09/2011,17.47,0.032579961
14/09/2011,16.91,0.017298373
13/09/2011,16.62,0.013935397
12/09/2011,16.39,0.015990501
09/09/2011,16.13,-0.031729324
08/09/2011,16.65,-0.01667698
07/09/2011,16.93,0.057123669
06/09/2011,15.99,-0.011812385
02/09/2011,16.18,-0.029834785
01/09/2011,16.67,-0.045155722
31/08/2011,17.44,0.014438599
30/08/2011,17.19,-0.004063866
29/08/2011,17.26,0.060298777
26/08/2011,16.25,0.022402928
25/08/2011,15.89,-0.026701369
24/08/2011,16.32,0.040005335
23/08/2011,15.68,0.041672696
22/08/2011,15.04,-0.003981425
19/08/2011,15.1,-0.042145621
18/08/2011,15.75,-0.078136129
17/08/2011,17.03,0.008847006
16/08/2011,16.88,-0.02803922
15/08/2011,17.36,0.051414573
12/08/2011,16.49,-0.033982405
11/08/2011,17.06,0.060404834
10/08/2011,16.06,-0.115150544
09/08/2011,18.02,0.039043148
08/08/2011,17.33,-0.09881868
05/08/2011,19.13,-0.014015283
04/08/2011,19.4,-0.074476093
03/08/2011,20.9,0.002874942
02/08/2011,20.84,-0.045952764
01/08/2011,21.82,-0.003659656
29/07/2011,21.9,-0.008185585
28/07/2011,22.08,-0.00361664
27/07/2011,22.16,-0.034157235
26/07/2011,22.93,-0.020289925
25/07/2011,23.4,-0.001707942
22/07/2011,23.44,0.001280683
21/07/2011,23.41,0.017234377
20/07/2011,23.01,0.016210651
19/07/2011,22.64,-0.00660359
18/07/2011,22.79,-0.016536495
15/07/2011,23.17,0.008669322
14/07/2011,22.97,-0.035916644
13/07/2011,23.81,0.001681379
12/07/2011,23.77,0.002527381
11/07/2011,23.71,-0.029505569
08/07/2011,24.42,-0.002453989
07/07/2011,24.48,0.018137348
06/07/2011,24.04,-0.002492731
05/07/2011,24.1,-0.013190628
01/07/2011,24.42,0.016932058
30/06/2011,24.01,-0.003326406
29/06/2011,24.09,0.042397193
28/06/2011,23.09,0.014395014
27/06/2011,22.76,0.016390179
24/06/2011,22.39,-0.014631163
23/06/2011,22.72,-0.01268331
22/06/2011,23.01,-0.014239723
21/06/2011,23.34,0.007741974
20/06/2011,23.16,0.000863931
17/06/2011,23.14,0.032948291
16/06/2011,22.39,0.00178811
15/06/2011,22.35,-0.00979527
14/06/2011,22.57,0.014729121
13/06/2011,22.24,0.009487309
10/06/2011,22.03,-0.007236576
09/06/2011,22.19,0.007690606
08/06/2011,22.02,0.010959014
07/06/2011,21.78,-0.017296744
06/06/2011,22.16,-0.032411272
03/06/2011,22.89,-0.007399381
02/06/2011,23.06,0.003910498
01/06/2011,22.97,-0.036756274
31/05/2011,23.83,0.005048391
27/05/2011,23.71,0.02390212
26/05/2011,23.15,0.001729356
25/05/2011,23.11,-0.002592914
24/05/2011,23.17,0.005192569
23/05/2011,23.05,-0.011216684
20/05/2011,23.31,-0.017857617
19/05/2011,23.73,-0.002104821
18/05/2011,23.78,0.005481776
17/05/2011,23.65,0.021368334
16/05/2011,23.15,0.001296737
13/05/2011,23.12,-0.02012485
12/05/2011,23.59,-0.019312103
11/05/2011,24.05,-0.005390849
10/05/2011,24.18,0.015840265
09/05/2011,23.8,-0.000839983
06/05/2011,23.82,-0.005025136
05/05/2011,23.94,-0.016981149
04/05/2011,24.35,-0.003689285
03/05/2011,24.44,0.004100047
02/05/2011,24.34,-0.004100047
29/04/2011,24.44,-0.004897969
28/04/2011,24.56,0.004897969
27/04/2011,24.44,0.00245801
26/04/2011,24.38,0.014876307
25/04/2011,24.02,0.015100958
21/04/2011,23.66,0.008062849
20/04/2011,23.47,-0.016061207
19/04/2011,23.85,0.038030646
18/04/2011,22.96,-0.00996758
15/04/2011,23.19,-0.010722813
14/04/2011,23.44,-0.01355953
13/04/2011,23.76,-0.020000667
12/04/2011,24.24,0.003305788
11/04/2011,24.16,-0.002480365
08/04/2011,24.22,-0.00370905
07/04/2011,24.31,-0.011858655
06/04/2011,24.6,0.013093477
05/04/2011,24.28,0.013684642
04/04/2011,23.95,0.018117201
01/04/2011,23.52,0.019751608
31/03/2011,23.06,-0.003030961
30/03/2011,23.13,0.00694146
29/03/2011,22.97,0.008745137
28/03/2011,22.77,-0.020000667
25/03/2011,23.23,0.006911475
24/03/2011,23.07,0.010895728
23/03/2011,22.82,-0.025098678
22/03/2011,23.4,0.015938309
21/03/2011,23.03,0.008722253
18/03/2011,22.83,0.013227706
17/03/2011,22.53,0.011607273
16/03/2011,22.27,-0.020885007
15/03/2011,22.74,-0.015707129
14/03/2011,23.1,-0.010764367
11/03/2011,23.35,0.018150887
10/03/2011,22.93,-0.019007052
09/03/2011,23.37,0.009890427
08/03/2011,23.14,0.028491956
07/03/2011,22.49,-0.008853533
04/03/2011,22.69,-0.006589086
03/03/2011,22.84,0.010121098
02/03/2011,22.61,-0.009683174
01/03/2011,22.83,-0.022949697
28/02/2011,23.36,-0.005123837
25/02/2011,23.48,0.017182553
24/02/2011,23.08,-0.00733869
23/02/2011,23.25,0.006905509
22/02/2011,23.09,-0.042812217
18/02/2011,24.1,-0.018092599
17/02/2011,24.54,-0.003660773
16/02/2011,24.63,0.001218769
15/02/2011,24.6,-0.004461577
14/02/2011,24.71,-0.010066524
11/02/2011,24.96,0.014121679
10/02/2011,24.61,-0.026860705
09/02/2011,25.28,-0.004735605
08/02/2011,25.4,0.004735605
07/02/2011,25.28,0.027267126
04/02/2011,24.6,0.015980672
03/02/2011,24.21,-0.000412967
02/02/2011,24.22,-0.00370905
01/02/2011,24.31,0.030488893
31/01/2011,23.58,0.006381643
28/01/2011,23.43,-0.013986242
27/01/2011,23.76,0.019979411
26/01/2011,23.29,-0.010677018
25/01/2011,23.54,-0.008881429
24/01/2011,23.75,-0.023305258
21/01/2011,24.31,0.023726399
20/01/2011,23.74,-0.007971513
19/01/2011,23.93,-0.018630222
18/01/2011,24.38,-0.008576732
14/01/2011,24.59,0.032654276
13/01/2011,23.8,-0.009201236
12/01/2011,24.02,-0.012000972
11/01/2011,24.31,0.007431909
10/01/2011,24.13,-0.018070307
07/01/2011,24.57,-0.010526413
06/01/2011,24.83,-0.002815204
05/01/2011,24.9,0.005638356
04/01/2011,24.76,-0.016423361
03/01/2011,25.17,0.038061274
31/12/2010,24.23,-0.001649485
30/12/2010,24.27,0
29/12/2010,24.27,-0.007798111
28/12/2010,24.46,0.01482729
27/12/2010,24.1,0.015050451
23/12/2010,23.74,0.002530579
22/12/2010,23.68,0.028267407
21/12/2010,23.02,0.020628337
20/12/2010,22.55,0.012494585
17/12/2010,22.27,-0.002242656
16/12/2010,22.32,0.007645641
15/12/2010,22.15,-0.024086802
14/12/2010,22.69,-0.006589086
13/12/2010,22.84,-0.022511773
10/12/2010,23.36,0.009030377
09/12/2010,23.15,0.030704166
08/12/2010,22.45,0.05352295
07/12/2010,21.28,-0.005155859
06/12/2010,21.39,0.004686044
03/12/2010,21.29,0.009438484
02/12/2010,21.09,0.059587938
01/12/2010,19.87,0.021363986
30/11/2010,19.45,0.010336009
29/11/2010,19.25,-0.012903405
26/11/2010,19.5,0.002567396
24/11/2010,19.45,-0.005128216
23/11/2010,19.55,-0.024255863
22/11/2010,20.03,-0.023193736
19/11/2010,20.5,-0.009225606
18/11/2010,20.69,-0.001448926
17/11/2010,20.72,-0.011993428
16/11/2010,20.97,-0.031450609
15/11/2010,21.64,0.01302344
12/11/2010,21.36,-0.025879448
11/11/2010,21.92,-0.003642991
10/11/2010,22,0.029990714
09/11/2010,21.35,-0.023606743
08/11/2010,21.86,-0.007746678
05/11/2010,22.03,0.030417091
04/11/2010,21.37,0.028960011
03/11/2010,20.76,0.027345454
02/11/2010,20.2,-0.012789156
01/11/2010,20.46,-0.014074486
29/10/2010,20.75,-0.016252748
28/10/2010,21.09,-0.010377452
27/10/2010,21.31,-0.005615363
26/10/2010,21.43,0.00280374
25/10/2010,21.37,-0.014863256
22/10/2010,21.69,0.006475508
21/10/2010,21.55,-0.011075332
20/10/2010,21.79,-0.003207334
19/10/2010,21.86,0.023606743
18/10/2010,21.35,0.029952322
15/10/2010,20.72,-0.030420597
14/10/2010,21.36,-0.021306966
13/10/2010,21.82,-0.013655196
12/10/2010,22.12,0.014572207
11/10/2010,21.8,-0.004119942
08/10/2010,21.89,0.00595649
07/10/2010,21.76,-0.008693718
06/10/2010,21.95,0.001823986
05/10/2010,21.91,0.035776173
04/10/2010,21.14,-0.003305788
01/10/2010,21.21,-0.007047246
30/09/2010,21.36,0.014144507
29/09/2010,21.06,0.018692133
28/09/2010,20.67,-0.000483676
27/09/2010,20.68,-0.010103526
24/09/2010,20.89,0.038550761
23/09/2010,20.1,-0.025541664
22/09/2010,20.62,-0.045505481
21/09/2010,21.58,-0.019275494
20/09/2010,22,0.025317808
17/09/2010,21.45,0.027891196
16/09/2010,20.86,-0.003827756
15/09/2010,20.94,0.004786989
14/09/2010,20.84,-0.022302229
13/09/2010,21.31,0.071476344
10/09/2010,19.84,-0.023413274
09/09/2010,20.31,0.025936616
08/09/2010,19.79,0.012713113
07/09/2010,19.54,-0.039633981
03/09/2010,20.33,0.030971506
02/09/2010,19.71,0.022576639
01/09/2010,19.27,0.045112452
31/08/2010,18.42,0.009820046
30/08/2010,18.24,-0.025441156
27/08/2010,18.71,0.030938696
26/08/2010,18.14,-0.007140926
25/08/2010,18.27,-0.002732989
24/08/2010,18.32,-0.026926775
23/08/2010,18.82,-0.016860252
20/08/2010,19.14,-0.010912033
19/08/2010,19.35,-0.032539729
18/08/2010,19.99,-0.015881227
17/08/2010,20.31,0.017884232
16/08/2010,19.95,0.00301205
13/08/2010,19.89,-0.014970339
12/08/2010,20.19,0.003473087
11/08/2010,20.12,-0.064476392
10/08/2010,21.46,-0.017552414
09/08/2010,21.84,0.009199697
06/08/2010,21.64,-0.021486541
05/08/2010,22.11,-0.022804476
04/08/2010,22.62,0.000442184
03/08/2010,22.61,-0.012307848
02/08/2010,22.89,0.031058397
30/07/2010,22.19,0.006329135
29/07/2010,22.05,0.036485229
28/07/2010,21.26,-0.007497692
27/07/2010,21.42,0.003741819
26/07/2010,21.34,0.037722305
23/07/2010,20.55,0.018664589
22/07/2010,20.17,0.037892889
21/07/2010,19.42,-0.004623692
20/07/2010,19.51,-0.09339791
19/07/2010,21.42,-0.01252626
16/07/2010,21.69,-0.065143456
15/07/2010,23.15,-0.007745306
14/07/2010,23.33,-0.036612547
13/07/2010,24.2,0.043062795
12/07/2010,23.18,-0.003015294
09/07/2010,23.25,0.038137429
08/07/2010,22.38,0.003132694
07/07/2010,22.31,0.066243245
06/07/2010,20.88,0.006245516
02/07/2010,20.75,-0.046147548
01/07/2010,21.73,0.007390334
30/06/2010,21.57,-0.017007994
29/06/2010,21.94,-0.070814366
28/06/2010,23.55,-0.011399743
25/06/2010,23.82,0.037207627
24/06/2010,22.95,-0.017279048
23/06/2010,23.35,-0.011920107
22/06/2010,23.63,-0.01177969
21/06/2010,23.91,-0.002923368
18/06/2010,23.98,0.013011726
17/06/2010,23.67,-0.020903771
16/06/2010,24.17,-0.002891966
15/06/2010,24.24,0.035268139
14/06/2010,23.4,-0.011894788
11/06/2010,23.68,0.005080451
10/06/2010,23.56,0.033228516
09/06/2010,22.79,0.01191804
08/06/2010,22.52,0.047281534
07/06/2010,21.48,-0.039704051
04/06/2010,22.35,-0.052724038
03/06/2010,23.56,-0.009294532
02/06/2010,23.78,0.026850111
01/06/2010,23.15,-0.033973543
28/05/2010,23.95,-0.037291762
27/05/2010,24.86,0.036874313
26/05/2010,23.96,0.036120349
25/05/2010,23.11,0.008691928
24/05/2010,22.91,-0.038112084
21/05/2010,23.8,0.043363737
20/05/2010,22.79,-0.069080625
19/05/2010,24.42,-0.065766268
18/05/2010,26.08,-0.045717965
17/05/2010,27.3,-0.001098298
14/05/2010,27.33,-0.041919087
13/05/2010,28.5,-0.013245227
12/05/2010,28.88,0.040273899
11/05/2010,27.74,-0.003239161
10/05/2010,27.83,0.084694786
07/05/2010,25.57,-0.033458226
06/05/2010,26.44,-0.052313953
05/05/2010,27.86,0.003235667
04/05/2010,27.77,-0.043339529
03/05/2010,29,0.009353957
30/04/2010,28.73,-0.00451468
29/04/2010,28.86,0.042469227
28/04/2010,27.66,-0.003248514
27/04/2010,27.75,-0.036444861
26/04/2010,28.78,-0.04151668
23/04/2010,30,0.01342302
22/04/2010,29.6,0.024971368
21/04/2010,28.87,0.05153032
20/04/2010,27.42,0.075343095
19/04/2010,25.43,-0.003924652
16/04/2010,25.53,-0.023612477
15/04/2010,26.14,-0.008381001
14/04/2010,26.36,0.070321523
13/04/2010,24.57,-0.013341617
12/04/2010,24.9,0.039734902
09/04/2010,23.93,-0.001252871
08/04/2010,23.96,0.008803243
07/04/2010,23.75,-0.021658489
06/04/2010,24.27,0.044657799
05/04/2010,23.21,0.059010243
01/04/2010,21.88,0.001829827
31/03/2010,21.84,0.008275909
30/03/2010,21.66,-0.004146516
29/03/2010,21.75,-0.02182897
26/03/2010,22.23,-0.018275525
25/03/2010,22.64,-0.018381262
24/03/2010,23.06,0.01046217
23/03/2010,22.82,0.009245058
22/03/2010,22.61,0.022362291
19/03/2010,22.11,-0.027655643
18/03/2010,22.73,-0.020035513
17/03/2010,23.19,0.042728367
16/03/2010,22.22,0.045106588
15/03/2010,21.24,0.011840063
12/03/2010,20.99,-0.020745676
11/03/2010,21.43,0.044854847
10/03/2010,20.49,0.061906556
09/03/2010,19.26,0.017282441
08/03/2010,18.93,0.010087688
05/03/2010,18.74,0.035853922
04/03/2010,18.08,-0.01754431
03/03/2010,18.4,-0.012959145
02/03/2010,18.64,0.018408749
01/03/2010,18.3,-0.0130295
26/02/2010,18.54,0.005408342
25/02/2010,18.44,-0.012395739
24/02/2010,18.67,0.026595869
23/02/2010,18.18,-0.037251271
22/02/2010,18.87,0.023051141
19/02/2010,18.44,0.039828273
18/02/2010,17.72,-0.01845174
17/02/2010,18.05,-0.01156719
16/02/2010,18.26,0.022709367
12/02/2010,17.85,-0.017768374
11/02/2010,18.17,-0.019079347
10/02/2010,18.52,0.016880335
09/02/2010,18.21,0.012154846
08/02/2010,17.99,-0.00055571
05/02/2010,18,0.028742469
04/02/2010,17.49,-0.062606983
03/02/2010,18.62,-0.066985846
02/02/2010,19.91,-0.000502134
01/02/2010,19.92,0.048865468
29/01/2010,18.97,-0.019316706
28/01/2010,19.34,0.020899402
27/01/2010,18.94,-0.007364578
26/01/2010,19.08,0.062723258
25/01/2010,17.92,0.014615212
22/01/2010,17.66,-0.03887219
21/01/2010,18.36,0.024256978
20/01/2010,17.92,0.04625432
19/01/2010,17.11,0.050954984
15/01/2010,16.26,-0.027299238
14/01/2010,16.71,0.021779445
13/01/2010,16.35,0.018519048
12/01/2010,16.05,-0.028257408
11/01/2010,16.51,0.006075353
08/01/2010,16.41,-0.016319492
07/01/2010,16.68,0.106160196
06/01/2010,15,0.083381609
05/01/2010,13.8,0.034651458
04/01/2010,13.33,0.038230956
31/12/2009,12.83,0.002341008
30/12/2009,12.8,0.003913899
29/12/2009,12.75,-0.000784006
28/12/2009,12.76,-0.010912033
24/12/2009,12.9,-0.001549187
23/12/2009,12.92,-0.022954336
22/12/2009,13.22,0.000756716
21/12/2009,13.21,0.006836335
18/12/2009,13.12,0.03253579
17/12/2009,12.7,-0.016400211
16/12/2009,12.91,-0.010785929
15/12/2009,13.05,-0.052977699
14/12/2009,13.76,0.012431604
11/12/2009,13.59,0.005164158
10/12/2009,13.52,-0.033457666
09/12/2009,13.98,0.01731645
08/12/2009,13.74,0.035559302
07/12/2009,13.26,0.015197861
04/12/2009,13.06,0.036651276
03/12/2009,12.59,-0.057864192
02/12/2009,13.34,0.013585115
01/12/2009,13.16,0.000760167
30/11/2009,13.15,0.041138902
27/11/2009,12.62,-0.035801489
25/11/2009,13.08,-0.020432039
24/11/2009,13.35,-0.056075847
23/11/2009,14.12,0.117871566
20/11/2009,12.55,-0.015025985
19/11/2009,12.74,-0.044520015
18/11/2009,13.32,-0.010455659
17/11/2009,13.46,0.00596127
16/11/2009,13.38,0.020385757
13/11/2009,13.11,0.013052009
12/11/2009,12.94,-0.022919261
11/11/2009,13.24,-0.001509434
10/11/2009,13.26,-0.078997957
09/11/2009,14.35,0.036909797
06/11/2009,13.83,-0.01578225
05/11/2009,14.05,0.028882874
04/11/2009,13.65,-0.053488685
03/11/2009,14.4,0.024605811
02/11/2009,14.05,-0.007798692
30/10/2009,14.16,-0.062948274
29/10/2009,15.08,0.034404742
28/10/2009,14.57,-0.0482344
27/10/2009,15.29,-0.023271897
26/10/2009,15.65,-0.072097738
23/10/2009,16.82,-0.032751465
22/10/2009,17.38,0.038116605
21/10/2009,16.73,-0.029448536
20/10/2009,17.23,-0.061887011
19/10/2009,18.33,0.008767179
16/10/2009,18.17,-0.035148252
15/10/2009,18.82,0.009073988
14/10/2009,18.65,0.034363894
13/10/2009,18.02,0.058268908
12/10/2009,17,-0.015757548
09/10/2009,17.27,0.007555979
08/10/2009,17.14,-0.011601058
07/10/2009,17.34,-0.001152738
06/10/2009,17.36,0.013337397
05/10/2009,17.13,0.026620915
02/10/2009,16.68,0.018149319
01/10/2009,16.38,-0.092642622
30/09/2009,17.97,-0.012168292
29/09/2009,18.19,0
28/09/2009,18.19,0.022797762
25/09/2009,17.78,0.001688714
24/09/2009,17.75,-0.048924293
23/09/2009,18.64,-0.02280661
22/09/2009,19.07,0.046694826
21/09/2009,18.2,-0.010929071
18/09/2009,18.4,0.007090294
17/09/2009,18.27,-0.055362726
16/09/2009,19.31,0.063606796
15/09/2009,18.12,0.102176969
14/09/2009,16.36,0.029149351
11/09/2009,15.89,-0.003141693
10/09/2009,15.94,-0.014944238
09/09/2009,16.18,0.006821732
08/09/2009,16.07,-0.040846885
04/09/2009,16.74,0.021129672
03/09/2009,16.39,0.006734032
02/09/2009,16.28,-0.009171571
01/09/2009,16.43,-0.073325125
31/08/2009,17.68,-0.024582243
28/08/2009,18.12,0.038249882
27/08/2009,17.44,0.001147447
26/08/2009,17.42,-0.008004617
25/08/2009,17.56,-0.000569314
24/08/2009,17.57,-0.03632699
21/08/2009,18.22,0.03632699
20/08/2009,17.57,0.052582205
19/08/2009,16.67,0.018160305
18/08/2009,16.37,0.026618718
17/08/2009,15.94,-0.06143616
14/08/2009,16.95,0.005323881
13/08/2009,16.86,0.038082571
12/08/2009,16.23,-0.012247551
11/08/2009,16.43,-0.087366356
10/08/2009,17.93,0.049738746
07/08/2009,17.06,0.095251565
06/08/2009,15.51,0.020189549
05/08/2009,15.2,0.003294896
04/08/2009,15.15,0.068285908
03/08/2009,14.15,0.041116502
31/07/2009,13.58,0.008875798
30/07/2009,13.46,0.070001659
29/07/2009,12.55,-0.019724505
28/07/2009,12.8,0.011787956
27/07/2009,12.65,0.121743437
24/07/2009,11.2,-0.011540297
23/07/2009,11.33,0.029558802
22/07/2009,11,0.029522439
21/07/2009,10.68,-0.13470112
20/07/2009,12.22,0.05552309
17/07/2009,11.56,-0.070145609
16/07/2009,12.4,0.006472515
15/07/2009,12.32,0.046520016
14/07/2009,11.76,-0.015190165
13/07/2009,11.94,0.081998835
10/07/2009,11,-0.031322471
09/07/2009,11.35,0.035878288
08/07/2009,10.95,-0.006372347
07/07/2009,11.02,-0.009932362
06/07/2009,11.13,0.006309169
02/07/2009,11.06,-0.025882748
01/07/2009,11.35,-0.018333119
30/06/2009,11.56,-0.057158414
29/06/2009,12.24,0.028170877
26/06/2009,11.9,-0.022435507
25/06/2009,12.17,0.025802513
24/06/2009,11.86,0.008467451
23/06/2009,11.76,-0.012674441
22/06/2009,11.91,-0.113388657
19/06/2009,13.34,0.010550211
18/06/2009,13.2,0.022989518
17/06/2009,12.9,-0.069612834
16/06/2009,13.83,-0.079875832
15/06/2009,14.98,0.013441063
12/06/2009,14.78,0.006788892
11/06/2009,14.68,0.035358969
10/06/2009,14.17,-0.033313282
09/06/2009,14.65,0.022783174
08/06/2009,14.32,-0.010420379
05/06/2009,14.47,-0.011679968
04/06/2009,14.64,0.039712637
03/06/2009,14.07,-0.040395464
02/06/2009,14.65,0.030494393
01/06/2009,14.21,0.03801103
29/05/2009,13.68,-0.004376375
28/05/2009,13.74,-0.002906979
27/05/2009,13.78,-0.050240491
26/05/2009,14.49,0.131069671
22/05/2009,12.71,-0.031748698
21/05/2009,13.12,-0.097248433
20/05/2009,14.46,-0.03799643
19/05/2009,15.02,-0.153960439
18/05/2009,17.52,0.151965094
15/05/2009,15.05,-0.068682746
14/05/2009,16.12,0.030229002
13/05/2009,15.64,-0.101452634
12/05/2009,17.31,-0.062152662
11/05/2009,18.42,-0.100135161
08/05/2009,20.36,0.23973425
07/05/2009,16.02,-0.00498133
06/05/2009,16.1,0.231720602
05/05/2009,12.77,-0.006245141
04/05/2009,12.85,0.182165927
01/05/2009,10.71,-0.020333418
30/04/2009,10.93,-0.025294935
29/04/2009,11.21,0.061628694
28/04/2009,10.54,-0.034502257
27/04/2009,10.91,-0.101871393
24/04/2009,12.08,0.117576103
23/04/2009,10.74,0.032169283
22/04/2009,10.4,-0.050619991
21/04/2009,10.94,-0.167124396
20/04/2009,12.93,-0.149832454
17/04/2009,15.02,0.091986814
16/04/2009,13.7,0.065609654
15/04/2009,12.83,0.064382649
14/04/2009,12.03,-0.110831805
13/04/2009,13.44,0.083769883
09/04/2009,12.36,0.234125968
08/04/2009,9.78,-0.047913356
07/04/2009,10.26,-0.068732929
06/04/2009,10.99,-0.02338236
03/04/2009,11.25,0.007136516
02/04/2009,11.17,0.073350735
01/04/2009,10.38,0.054441944
31/03/2009,9.83,0.046859171
30/03/2009,9.38,-0.108978696
27/03/2009,10.46,-0.039367783
26/03/2009,10.88,0.033648034
25/03/2009,10.52,0.006676229
24/03/2009,10.45,-0.109562203
23/03/2009,11.66,0.16161126
20/03/2009,9.92,-0.053961104
19/03/2009,10.47,-0.113635638
18/03/2009,11.73,0.077984583
17/03/2009,10.85,0.08358199
16/03/2009,9.98,0.057748002
13/03/2009,9.42,0.025807884
12/03/2009,9.18,0.080496696
11/03/2009,8.47,0.101824861
10/03/2009,7.65,0.111917916
09/03/2009,6.84,0.054067221
06/03/2009,6.48,-0.043780577
05/03/2009,6.77,-0.164437325
04/03/2009,7.98,-0.040521197
03/03/2009,8.31,-0.070836338
02/03/2009,8.92,-0.04921715
27/02/2009,9.37,-0.152166704
26/02/2009,10.91,0.125835535
25/02/2009,9.62,-0.054614177
24/02/2009,10.16,0.158589651
23/02/2009,8.67,-0.037355787
20/02/2009,9,-0.032789823
19/02/2009,9.3,-0.083510633
18/02/2009,10.11,0.00994044
17/02/2009,10.01,-0.131781611
13/02/2009,11.42,-0.022511773
12/02/2009,11.68,-0.076612173
11/02/2009,12.61,0.053758872
10/02/2009,11.95,-0.216594959
09/02/2009,14.84,0.034273403
06/02/2009,14.34,0.101185144
05/02/2009,12.96,0.009302393
04/02/2009,12.84,-0.02081
03/02/2009,13.11,-0.098010919
02/02/2009,14.46,-0.031316378
30/01/2009,14.92,-0.096406337
29/01/2009,16.43,-0.089038131
28/01/2009,17.96,0.243391712
27/01/2009,14.08,0.144139407
26/01/2009,12.19,-0.106508339
23/01/2009,13.56,-0.022603952
22/01/2009,13.87,-0.082313988
21/01/2009,15.06,0.122025088
20/01/2009,13.33,-0.212737002
16/01/2009,16.49,-0.100862848
15/01/2009,18.24,-0.140429149
14/01/2009,20.99,-0.04289702
13/01/2009,21.91,0.05102909
12/01/2009,20.82,-0.045078054
09/01/2009,21.78,-0.019100171
08/01/2009,22.2,-0.01697227
07/01/2009,22.58,-0.107793338
06/01/2009,25.15,0.03314774
05/01/2009,24.33,
